num_samples,1th largest,2th largest,3th largest,4th largest,5th largest,6th largest,7th largest,8th largest,9th largest,10th largest,11th largest,12th largest,13th largest,14th largest,15th largest,16th largest,17th largest,18th largest,19th largest,20th largest,21th largest,22th largest,23th largest,24th largest,25th largest,26th largest,27th largest,28th largest,29th largest,30th largest,31th largest,32th largest,33th largest,34th largest,35th largest,36th largest,37th largest,38th largest,39th largest,40th largest,41th largest,42th largest,43th largest,44th largest,45th largest,46th largest,47th largest,48th largest,49th largest,50th largest,51th largest,52th largest,53th largest,54th largest,55th largest,56th largest,57th largest,58th largest,59th largest,60th largest,61th largest,62th largest,63th largest,64th largest,65th largest,66th largest,67th largest,68th largest,69th largest,70th largest,71th largest,72th largest,73th largest,74th largest,75th largest,76th largest,77th largest,78th largest,79th largest,80th largest,81th largest,82th largest,83th largest,84th largest,85th largest,86th largest,87th largest,88th largest,89th largest,90th largest,91th largest,92th largest,93th largest,94th largest,95th largest,96th largest,97th largest,98th largest,99th largest,100th largest,101th largest,102th largest,103th largest,104th largest,105th largest,106th largest,107th largest,108th largest,109th largest,110th largest,111th largest,112th largest,113th largest,114th largest,115th largest,116th largest,117th largest,118th largest,119th largest,120th largest,121th largest,122th largest,123th largest,124th largest,125th largest,126th largest,127th largest,128th largest,129th largest,130th largest,131th largest,132th largest,133th largest,134th largest,135th largest,136th largest,137th largest,138th largest,139th largest,140th largest,141th largest,142th largest,143th largest,144th largest,145th largest,146th largest,147th largest,148th largest,149th largest,150th largest,151th largest,152th largest,153th largest,154th largest,155th largest,156th largest,157th largest,158th largest,159th largest,160th largest,161th largest,162th largest,163th largest,164th largest,165th largest,166th largest,167th largest,168th largest,169th largest,170th largest,171th largest,172th largest,173th largest,174th largest,175th largest,176th largest,177th largest,178th largest,179th largest,180th largest,181th largest,182th largest,183th largest,184th largest,185th largest,186th largest,187th largest,188th largest,189th largest,190th largest,191th largest,192th largest,193th largest,194th largest,195th largest,196th largest,197th largest,198th largest,199th largest,200th largest,201th largest,202th largest,203th largest,204th largest,205th largest,206th largest,207th largest,208th largest,209th largest,210th largest,211th largest,212th largest,213th largest,214th largest,215th largest,216th largest,217th largest,218th largest,219th largest,220th largest,221th largest,222th largest,223th largest,224th largest,225th largest,226th largest,227th largest,228th largest,229th largest,230th largest,231th largest,232th largest,233th largest,234th largest,235th largest,236th largest,237th largest,238th largest,239th largest,240th largest,241th largest,242th largest,243th largest,244th largest,245th largest,246th largest,247th largest,248th largest,249th largest,250th largest
1,0.0,,,,,,,,,,,,,,,,,,,,,,,,,,,,,,,,,,,,,,,,,,,,,,,,,,,,,,,,,,,,,,,,,,,,,,,,,,,,,,,,,,,,,,,,,,,,,,,,,,,,,,,,,,,,,,,,,,,,,,,,,,,,,,,,,,,,,,,,,,,,,,,,,,,,,,,,,,,,,,,,,,,,,,,,,,,,,,,,,,,,,,,,,,,,,,,,,,,,,,,,,,,,,,,,,,,,,,,,,,,,,,,,,,,,,,,,,,,,,,,,,,,,,,,,,
2,0.5587495504331264,-0.5749337079330944,,,,,,,,,,,,,,,,,,,,,,,,,,,,,,,,,,,,,,,,,,,,,,,,,,,,,,,,,,,,,,,,,,,,,,,,,,,,,,,,,,,,,,,,,,,,,,,,,,,,,,,,,,,,,,,,,,,,,,,,,,,,,,,,,,,,,,,,,,,,,,,,,,,,,,,,,,,,,,,,,,,,,,,,,,,,,,,,,,,,,,,,,,,,,,,,,,,,,,,,,,,,,,,,,,,,,,,,,,,,,,,,,,,,,,,,,,,,,,,,,,,,,,,,
3,0.8457310985192733,0.0,-0.8503868728772753,,,,,,,,,,,,,,,,,,,,,,,,,,,,,,,,,,,,,,,,,,,,,,,,,,,,,,,,,,,,,,,,,,,,,,,,,,,,,,,,,,,,,,,,,,,,,,,,,,,,,,,,,,,,,,,,,,,,,,,,,,,,,,,,,,,,,,,,,,,,,,,,,,,,,,,,,,,,,,,,,,,,,,,,,,,,,,,,,,,,,,,,,,,,,,,,,,,,,,,,,,,,,,,,,,,,,,,,,,,,,,,,,,,,,,,,,,,,,,,,,,,,,,,
4,1.0280668828092332,0.2988065442823021,-0.3087710513165584,-1.032449514035623,,,,,,,,,,,,,,,,,,,,,,,,,,,,,,,,,,,,,,,,,,,,,,,,,,,,,,,,,,,,,,,,,,,,,,,,,,,,,,,,,,,,,,,,,,,,,,,,,,,,,,,,,,,,,,,,,,,,,,,,,,,,,,,,,,,,,,,,,,,,,,,,,,,,,,,,,,,,,,,,,,,,,,,,,,,,,,,,,,,,,,,,,,,,,,,,,,,,,,,,,,,,,,,,,,,,,,,,,,,,,,,,,,,,,,,,,,,,,,,,,,,,,,
5,1.161416920665525,0.4961067038664523,0.0,-0.5023883753591658,-1.1601324435525138,,,,,,,,,,,,,,,,,,,,,,,,,,,,,,,,,,,,,,,,,,,,,,,,,,,,,,,,,,,,,,,,,,,,,,,,,,,,,,,,,,,,,,,,,,,,,,,,,,,,,,,,,,,,,,,,,,,,,,,,,,,,,,,,,,,,,,,,,,,,,,,,,,,,,,,,,,,,,,,,,,,,,,,,,,,,,,,,,,,,,,,,,,,,,,,,,,,,,,,,,,,,,,,,,,,,,,,,,,,,,,,,,,,,,,,,,,,,,,,,,,,,,
6,1.2692966035977324,0.6503735862286121,0.2016644818231115,-0.2006089704346516,-0.6436391650017611,-1.2613346923364732,,,,,,,,,,,,,,,,,,,,,,,,,,,,,,,,,,,,,,,,,,,,,,,,,,,,,,,,,,,,,,,,,,,,,,,,,,,,,,,,,,,,,,,,,,,,,,,,,,,,,,,,,,,,,,,,,,,,,,,,,,,,,,,,,,,,,,,,,,,,,,,,,,,,,,,,,,,,,,,,,,,,,,,,,,,,,,,,,,,,,,,,,,,,,,,,,,,,,,,,,,,,,,,,,,,,,,,,,,,,,,,,,,,,,,,,,,,,,,,,,,,,
7,1.3573579529210935,0.7654260328622867,0.3547975659513029,0.0,-0.3548845212176506,-0.7623881879612449,-1.3474973664639958,,,,,,,,,,,,,,,,,,,,,,,,,,,,,,,,,,,,,,,,,,,,,,,,,,,,,,,,,,,,,,,,,,,,,,,,,,,,,,,,,,,,,,,,,,,,,,,,,,,,,,,,,,,,,,,,,,,,,,,,,,,,,,,,,,,,,,,,,,,,,,,,,,,,,,,,,,,,,,,,,,,,,,,,,,,,,,,,,,,,,,,,,,,,,,,,,,,,,,,,,,,,,,,,,,,,,,,,,,,,,,,,,,,,,,,,,,,,,,,,,,,
8,1.4296896269749904,0.8618616562743224,0.4745668743061753,0.1533195383106216,-0.1529633747772171,-0.476396706533674,-0.8548421105028272,-1.416157502478681,,,,,,,,,,,,,,,,,,,,,,,,,,,,,,,,,,,,,,,,,,,,,,,,,,,,,,,,,,,,,,,,,,,,,,,,,,,,,,,,,,,,,,,,,,,,,,,,,,,,,,,,,,,,,,,,,,,,,,,,,,,,,,,,,,,,,,,,,,,,,,,,,,,,,,,,,,,,,,,,,,,,,,,,,,,,,,,,,,,,,,,,,,,,,,,,,,,,,,,,,,,,,,,,,,,,,,,,,,,,,,,,,,,,,,,,,,,,,,,,,,
9,1.4911048726053628,0.939671718965255,0.575687765310526,0.2760461571076046,0.0,-0.2758753352171844,-0.5737213494482734,-0.9311970827607576,-1.475621493942095,,,,,,,,,,,,,,,,,,,,,,,,,,,,,,,,,,,,,,,,,,,,,,,,,,,,,,,,,,,,,,,,,,,,,,,,,,,,,,,,,,,,,,,,,,,,,,,,,,,,,,,,,,,,,,,,,,,,,,,,,,,,,,,,,,,,,,,,,,,,,,,,,,,,,,,,,,,,,,,,,,,,,,,,,,,,,,,,,,,,,,,,,,,,,,,,,,,,,,,,,,,,,,,,,,,,,,,,,,,,,,,,,,,,,,,,,,,,,,,,,
10,1.542667090664712,1.0108285986158023,0.6591090406530228,0.3750778145126944,0.1223289153915108,-0.1248793955313434,-0.3777371383380046,-0.6571146859345408,-1.0015669954492867,-1.5311883424352837,,,,,,,,,,,,,,,,,,,,,,,,,,,,,,,,,,,,,,,,,,,,,,,,,,,,,,,,,,,,,,,,,,,,,,,,,,,,,,,,,,,,,,,,,,,,,,,,,,,,,,,,,,,,,,,,,,,,,,,,,,,,,,,,,,,,,,,,,,,,,,,,,,,,,,,,,,,,,,,,,,,,,,,,,,,,,,,,,,,,,,,,,,,,,,,,,,,,,,,,,,,,,,,,,,,,,,,,,,,,,,,,,,,,,,,,,,,,,,,,
11,1.5916507619427307,1.0697047633997974,0.7326714619709125,0.4625466627949589,0.2260535938051531,0.0,-0.2268468680784872,-0.4633653262285895,-0.7288551579629764,-1.0600886783596903,-1.578835735491957,,,,,,,,,,,,,,,,,,,,,,,,,,,,,,,,,,,,,,,,,,,,,,,,,,,,,,,,,,,,,,,,,,,,,,,,,,,,,,,,,,,,,,,,,,,,,,,,,,,,,,,,,,,,,,,,,,,,,,,,,,,,,,,,,,,,,,,,,,,,,,,,,,,,,,,,,,,,,,,,,,,,,,,,,,,,,,,,,,,,,,,,,,,,,,,,,,,,,,,,,,,,,,,,,,,,,,,,,,,,,,,,,,,,,,,,,,,,,,,
12,1.6352347365036353,1.1223541927374143,0.7971493093627476,0.5389059453452398,0.3125716972543074,0.1026269494684967,-0.105067033967662,-0.3148270017881781,-0.5382015893680646,-0.7927517272722769,-1.1140493687672577,-1.6210704389345232,,,,,,,,,,,,,,,,,,,,,,,,,,,,,,,,,,,,,,,,,,,,,,,,,,,,,,,,,,,,,,,,,,,,,,,,,,,,,,,,,,,,,,,,,,,,,,,,,,,,,,,,,,,,,,,,,,,,,,,,,,,,,,,,,,,,,,,,,,,,,,,,,,,,,,,,,,,,,,,,,,,,,,,,,,,,,,,,,,,,,,,,,,,,,,,,,,,,,,,,,,,,,,,,,,,,,,,,,,,,,,,,,,,,,,,,,,,,,,
13,1.674423646395976,1.1708167688939073,0.854676668193074,0.6055521445349139,0.3879070004036087,0.1921791990372257,0.0,-0.1917875158488683,-0.3914575947841066,-0.6032651660647184,-0.8491910660363368,-1.1600210389917152,-1.6604003069896314,,,,,,,,,,,,,,,,,,,,,,,,,,,,,,,,,,,,,,,,,,,,,,,,,,,,,,,,,,,,,,,,,,,,,,,,,,,,,,,,,,,,,,,,,,,,,,,,,,,,,,,,,,,,,,,,,,,,,,,,,,,,,,,,,,,,,,,,,,,,,,,,,,,,,,,,,,,,,,,,,,,,,,,,,,,,,,,,,,,,,,,,,,,,,,,,,,,,,,,,,,,,,,,,,,,,,,,,,,,,,,,,,,,,,,,,,,,,,
14,1.7112687461405482,1.2127212832278125,0.9059903890187552,0.664874664296217,0.4562976643164116,0.2682434612534312,0.0904315799439561,-0.0879055888184604,-0.2696776878513174,-0.4606964572814355,-0.662159300309663,-0.9001478769394129,-1.2047445573905382,-1.6965275885568758,,,,,,,,,,,,,,,,,,,,,,,,,,,,,,,,,,,,,,,,,,,,,,,,,,,,,,,,,,,,,,,,,,,,,,,,,,,,,,,,,,,,,,,,,,,,,,,,,,,,,,,,,,,,,,,,,,,,,,,,,,,,,,,,,,,,,,,,,,,,,,,,,,,,,,,,,,,,,,,,,,,,,,,,,,,,,,,,,,,,,,,,,,,,,,,,,,,,,,,,,,,,,,,,,,,,,,,,,,,,,,,,,,,,,,,,,,,,
15,1.7440955524819213,1.253929390195028,0.9522940571901888,0.7178269783917016,0.520331882664515,0.33761398469678,0.1670751424565364,0.0,-0.1650221951474874,-0.3357309368414913,-0.5180368672830904,-0.7144413256083958,-0.945033983864596,-1.2463439589411305,-1.729307202051906,,,,,,,,,,,,,,,,,,,,,,,,,,,,,,,,,,,,,,,,,,,,,,,,,,,,,,,,,,,,,,,,,,,,,,,,,,,,,,,,,,,,,,,,,,,,,,,,,,,,,,,,,,,,,,,,,,,,,,,,,,,,,,,,,,,,,,,,,,,,,,,,,,,,,,,,,,,,,,,,,,,,,,,,,,,,,,,,,,,,,,,,,,,,,,,,,,,,,,,,,,,,,,,,,,,,,,,,,,,,,,,,,,,,,,,,,,,
16,1.7725803732888403,1.2886894744148485,0.9931484134573032,0.7662947407382078,0.5735408619092789,0.399687908855993,0.234942064959305,0.0781789245079851,-0.0767114244890471,-0.2346918557096527,-0.3972762676650964,-0.5727143188612743,-0.764229544836642,-0.989465491895648,-1.2828622305092716,-1.759055238959165,,,,,,,,,,,,,,,,,,,,,,,,,,,,,,,,,,,,,,,,,,,,,,,,,,,,,,,,,,,,,,,,,,,,,,,,,,,,,,,,,,,,,,,,,,,,,,,,,,,,,,,,,,,,,,,,,,,,,,,,,,,,,,,,,,,,,,,,,,,,,,,,,,,,,,,,,,,,,,,,,,,,,,,,,,,,,,,,,,,,,,,,,,,,,,,,,,,,,,,,,,,,,,,,,,,,,,,,,,,,,,,,,,,,,,,,,,
17,1.798009181503403,1.3223694475935732,1.0315174264038895,0.8098557242534147,0.6228669665338559,0.454993043377682,0.2980707099384054,0.1467869882927382,0.0,-0.1456556164540171,-0.2943219501325213,-0.4508549086886143,-0.6203271674720278,-0.807796729749413,-1.026628726142672,-1.31503487610681,-1.786213697695572,,,,,,,,,,,,,,,,,,,,,,,,,,,,,,,,,,,,,,,,,,,,,,,,,,,,,,,,,,,,,,,,,,,,,,,,,,,,,,,,,,,,,,,,,,,,,,,,,,,,,,,,,,,,,,,,,,,,,,,,,,,,,,,,,,,,,,,,,,,,,,,,,,,,,,,,,,,,,,,,,,,,,,,,,,,,,,,,,,,,,,,,,,,,,,,,,,,,,,,,,,,,,,,,,,,,,,,,,,,,,,,,,,,,,,,,,
18,1.8231211821653897,1.352899465552242,1.067622352608705,0.8494427865911459,0.6673081164508211,0.5048621830164943,0.3538848796847797,0.2096961761872962,0.0695551001306423,-0.0677752680399176,-0.2074453287224038,-0.349996545371223,-0.5006943993325441,-0.6657305132754886,-0.8472262876755334,-1.061888834413154,-1.3474159798902272,-1.8116055995135925,,,,,,,,,,,,,,,,,,,,,,,,,,,,,,,,,,,,,,,,,,,,,,,,,,,,,,,,,,,,,,,,,,,,,,,,,,,,,,,,,,,,,,,,,,,,,,,,,,,,,,,,,,,,,,,,,,,,,,,,,,,,,,,,,,,,,,,,,,,,,,,,,,,,,,,,,,,,,,,,,,,,,,,,,,,,,,,,,,,,,,,,,,,,,,,,,,,,,,,,,,,,,,,,,,,,,,,,,,,,,,,,,,,,,,,,
19,1.8462749090438155,1.380145032545994,1.1020482506807516,0.8880788297998046,0.7078115898557298,0.5515714914310974,0.4040971973848219,0.2667555344953691,0.1325713883762598,0.0,-0.1299259494638603,-0.2626968547495739,-0.4003030269489483,-0.5478406262935115,-0.707493989644851,-0.8837953167550462,-1.096451376835733,-1.3762948507185984,-1.8359568585869168,,,,,,,,,,,,,,,,,,,,,,,,,,,,,,,,,,,,,,,,,,,,,,,,,,,,,,,,,,,,,,,,,,,,,,,,,,,,,,,,,,,,,,,,,,,,,,,,,,,,,,,,,,,,,,,,,,,,,,,,,,,,,,,,,,,,,,,,,,,,,,,,,,,,,,,,,,,,,,,,,,,,,,,,,,,,,,,,,,,,,,,,,,,,,,,,,,,,,,,,,,,,,,,,,,,,,,,,,,,,,,,,,,,,,,,
20,1.869940788334877,1.4087926820068413,1.1336220821531229,0.9223988135944036,0.7466398945057187,0.5951306104151904,0.4521312670689644,0.3188015654034543,0.188750342677325,0.0640309120779946,-0.059652145378994,-0.1855551190193481,-0.3140249981720258,-0.4490121053329769,-0.5908650174669071,-0.7454204396444621,-0.9202027475485142,-1.1285870326977006,-1.40493914715126,-1.8601885046119957,,,,,,,,,,,,,,,,,,,,,,,,,,,,,,,,,,,,,,,,,,,,,,,,,,,,,,,,,,,,,,,,,,,,,,,,,,,,,,,,,,,,,,,,,,,,,,,,,,,,,,,,,,,,,,,,,,,,,,,,,,,,,,,,,,,,,,,,,,,,,,,,,,,,,,,,,,,,,,,,,,,,,,,,,,,,,,,,,,,,,,,,,,,,,,,,,,,,,,,,,,,,,,,,,,,,,,,,,,,,,,,,,,,,,,
21,1.8911821253087475,1.435507415774801,1.16380612589363,0.9561512124485726,0.7837389590916,0.6352751665376972,0.4970844579145955,0.3661414020751427,0.2415619637774962,0.1199313157605152,0.0,-0.1158449609556168,-0.2363625085729309,-0.3609338306649558,-0.4914700003252279,-0.6298766029520596,-0.7813708068010357,-0.951611287782592,-1.1567452374195957,-1.430109340974278,-1.8808475913093188,,,,,,,,,,,,,,,,,,,,,,,,,,,,,,,,,,,,,,,,,,,,,,,,,,,,,,,,,,,,,,,,,,,,,,,,,,,,,,,,,,,,,,,,,,,,,,,,,,,,,,,,,,,,,,,,,,,,,,,,,,,,,,,,,,,,,,,,,,,,,,,,,,,,,,,,,,,,,,,,,,,,,,,,,,,,,,,,,,,,,,,,,,,,,,,,,,,,,,,,,,,,,,,,,,,,,,,,,,,,,,,,,,,,,
22,1.91250378613444,1.4604109901616678,1.1909854047970052,0.987310327488754,0.8164982777215055,0.6704883032492623,0.5354021005171287,0.4081596536244237,0.2881859151880296,0.1717713402927052,0.057919193190548,-0.0539121786097907,-0.1676082326285978,-0.2847643224568045,-0.4057902682656161,-0.5323184561421535,-0.6672460707558513,-0.8143631681261483,-0.9828934685797588,-1.1856894695493956,-1.4558174687141,-1.902435288353575,,,,,,,,,,,,,,,,,,,,,,,,,,,,,,,,,,,,,,,,,,,,,,,,,,,,,,,,,,,,,,,,,,,,,,,,,,,,,,,,,,,,,,,,,,,,,,,,,,,,,,,,,,,,,,,,,,,,,,,,,,,,,,,,,,,,,,,,,,,,,,,,,,,,,,,,,,,,,,,,,,,,,,,,,,,,,,,,,,,,,,,,,,,,,,,,,,,,,,,,,,,,,,,,,,,,,,,,,,,,,,,,,,,,
23,1.9330986281612248,1.4825786986935805,1.2165419731216318,1.0159998578865217,0.8465019434803865,0.7040455480744787,0.5718053757556429,0.4486442608527228,0.3313282169631707,0.2181791175888901,0.10962515069598,0.0,-0.1059678964957913,-0.2156094959204657,-0.3290668757008045,-0.4467601718868888,-0.5710761211438325,-0.7014283873768118,-0.847417452407965,-1.0120333855294543,-1.2122247429015105,-1.478632918982837,-1.9218922152622375,,,,,,,,,,,,,,,,,,,,,,,,,,,,,,,,,,,,,,,,,,,,,,,,,,,,,,,,,,,,,,,,,,,,,,,,,,,,,,,,,,,,,,,,,,,,,,,,,,,,,,,,,,,,,,,,,,,,,,,,,,,,,,,,,,,,,,,,,,,,,,,,,,,,,,,,,,,,,,,,,,,,,,,,,,,,,,,,,,,,,,,,,,,,,,,,,,,,,,,,,,,,,,,,,,,,,,,,,,,,,,,,,,,
24,1.9524333902462556,1.5046249778055198,1.242068976629541,1.043571966889741,0.8767165226332756,0.7354983258915139,0.6073077648660111,0.4863276956887715,0.3719333124747052,0.2621348840934783,0.1566590141909066,0.0525657743983788,-0.0507677853554817,-0.154675314515181,-0.2602141580550994,-0.371107650489266,-0.4845506245044695,-0.6052790662978436,-0.7337827221234651,-0.8775084608878955,-1.0386339013925574,-1.2372904360955828,-1.5022072347612434,-1.9389043935277237,,,,,,,,,,,,,,,,,,,,,,,,,,,,,,,,,,,,,,,,,,,,,,,,,,,,,,,,,,,,,,,,,,,,,,,,,,,,,,,,,,,,,,,,,,,,,,,,,,,,,,,,,,,,,,,,,,,,,,,,,,,,,,,,,,,,,,,,,,,,,,,,,,,,,,,,,,,,,,,,,,,,,,,,,,,,,,,,,,,,,,,,,,,,,,,,,,,,,,,,,,,,,,,,,,,,,,,,,,,,,,,,,,
25,1.9708533192625928,1.5257159787396,1.2656131473943817,1.0692234721418004,0.903742915948996,0.7649817921882929,0.6385292895885455,0.5210074892945722,0.4093731908124908,0.3035027011228805,0.2009756015100259,0.1007000883008815,0.0,-0.0975263875739387,-0.1981893115312712,-0.3021290637417689,-0.4086257660065269,-0.5201702664740977,-0.6378740448947404,-0.7637134929100868,-0.9051888840380492,-1.064816045933028,-1.26055215395543,-1.5238005770345409,-1.9577584514278952,,,,,,,,,,,,,,,,,,,,,,,,,,,,,,,,,,,,,,,,,,,,,,,,,,,,,,,,,,,,,,,,,,,,,,,,,,,,,,,,,,,,,,,,,,,,,,,,,,,,,,,,,,,,,,,,,,,,,,,,,,,,,,,,,,,,,,,,,,,,,,,,,,,,,,,,,,,,,,,,,,,,,,,,,,,,,,,,,,,,,,,,,,,,,,,,,,,,,,,,,,,,,,,,,,,,,,,,,,,,,,,,,
26,1.9873224609341211,1.5450546194725767,1.287126323955006,1.0943642631545665,0.9304662136371542,0.7932327053336723,0.6694197121349006,0.5543610204377002,0.4460688857417194,0.3409004783306919,0.2422229520446124,0.1443639088043445,0.0482079259374104,-0.0460745656471017,-0.1428461325449744,-0.2402990509943192,-0.3422903252990872,-0.4455593965805163,-0.5549219911969496,-0.6698956340529808,-0.7940137456569688,-0.932290525365504,-1.0893163845084577,-1.2848558707018216,-1.543383189850528,-1.975682099626478,,,,,,,,,,,,,,,,,,,,,,,,,,,,,,,,,,,,,,,,,,,,,,,,,,,,,,,,,,,,,,,,,,,,,,,,,,,,,,,,,,,,,,,,,,,,,,,,,,,,,,,,,,,,,,,,,,,,,,,,,,,,,,,,,,,,,,,,,,,,,,,,,,,,,,,,,,,,,,,,,,,,,,,,,,,,,,,,,,,,,,,,,,,,,,,,,,,,,,,,,,,,,,,,,,,,,,,,,,,,,,,,
27,2.004284316780931,1.564986637450876,1.3086615071943497,1.1169564918644597,0.9574268156398203,0.8208144879640248,0.6989633894158809,0.5861729706270881,0.4800236724863529,0.3782116673385454,0.2812473046741237,0.1856527303258391,0.092770699686195,0.0,-0.0907992909035856,-0.1845732666889242,-0.2799657338304805,-0.3784579263434283,-0.4796572041007214,-0.5864731442333916,-0.6994380794935975,-0.8221257182625544,-0.9571971580864118,-1.1118521217938635,-1.3061153357895745,-1.562310704342622,-1.991572522336174,,,,,,,,,,,,,,,,,,,,,,,,,,,,,,,,,,,,,,,,,,,,,,,,,,,,,,,,,,,,,,,,,,,,,,,,,,,,,,,,,,,,,,,,,,,,,,,,,,,,,,,,,,,,,,,,,,,,,,,,,,,,,,,,,,,,,,,,,,,,,,,,,,,,,,,,,,,,,,,,,,,,,,,,,,,,,,,,,,,,,,,,,,,,,,,,,,,,,,,,,,,,,,,,,,,,,,,,,,,,,,,
28,2.0189544693829395,1.5817506902898384,1.3279709986079378,1.1378834285955306,0.9812275111861176,0.8465660519632718,0.7261586621115358,0.6150407704290345,0.5108298760557922,0.411593530978702,0.3174784884116677,0.2244338623341888,0.1340780093773164,0.0450691377405763,-0.0434266766193997,-0.13209132404461,-0.2236414987636614,-0.3173365662421994,-0.4133062364906038,-0.5120866909778914,-0.6156617343683963,-0.726970536854188,-0.8480993628384397,-0.980576410728453,-1.134663401914676,-1.3273182409081827,-1.5797000906297114,-2.0074714829837226,,,,,,,,,,,,,,,,,,,,,,,,,,,,,,,,,,,,,,,,,,,,,,,,,,,,,,,,,,,,,,,,,,,,,,,,,,,,,,,,,,,,,,,,,,,,,,,,,,,,,,,,,,,,,,,,,,,,,,,,,,,,,,,,,,,,,,,,,,,,,,,,,,,,,,,,,,,,,,,,,,,,,,,,,,,,,,,,,,,,,,,,,,,,,,,,,,,,,,,,,,,,,,,,,,,,,,,,,,,,,,
29,2.034694850456043,1.5981703488663257,1.3467946101773165,1.1589692905785745,1.0032890685789406,0.8713443539015677,0.7521423022394474,0.6432442378272052,0.5402081933626838,0.4434477486300564,0.3511762181430725,0.2608728953473604,0.1731738153875814,0.0867335325008536,0.0,-0.0850600227751506,-0.171330199139468,-0.2601714006689594,-0.3513880267745782,-0.444751356769108,-0.5413950145787859,-0.643667859582096,-0.7530127222177836,-0.8737043086180522,-1.0035537388179834,-1.1568652520784355,-1.3458136493116963,-1.5972556165736609,-2.0229904522170976,,,,,,,,,,,,,,,,,,,,,,,,,,,,,,,,,,,,,,,,,,,,,,,,,,,,,,,,,,,,,,,,,,,,,,,,,,,,,,,,,,,,,,,,,,,,,,,,,,,,,,,,,,,,,,,,,,,,,,,,,,,,,,,,,,,,,,,,,,,,,,,,,,,,,,,,,,,,,,,,,,,,,,,,,,,,,,,,,,,,,,,,,,,,,,,,,,,,,,,,,,,,,,,,,,,,,,,,,,,,,
30,2.0475598906095165,1.6142614175439918,1.3643046496795197,1.1790110099091695,1.025257081612312,0.8937487171687041,0.7773127587422493,0.6686951741241375,0.5686363309847624,0.4742360568123611,0.3819539331607725,0.2951342034885818,0.2094537276721673,0.1260868314043499,0.0416962718748558,-0.040448959726032,-0.1237611046035044,-0.2083249018154524,-0.2949946603992775,-0.3842526599157247,-0.4748910654941664,-0.5710327306005282,-0.6705315881912044,-0.7781055698396343,-0.8971857237815865,-1.0248191972482892,-1.1780123575888868,-1.365976334670649,-1.615565629027774,-2.0360111225361783,,,,,,,,,,,,,,,,,,,,,,,,,,,,,,,,,,,,,,,,,,,,,,,,,,,,,,,,,,,,,,,,,,,,,,,,,,,,,,,,,,,,,,,,,,,,,,,,,,,,,,,,,,,,,,,,,,,,,,,,,,,,,,,,,,,,,,,,,,,,,,,,,,,,,,,,,,,,,,,,,,,,,,,,,,,,,,,,,,,,,,,,,,,,,,,,,,,,,,,,,,,,,,,,,,,,,,,,,,,,
31,2.0613646066049447,1.6306167732188936,1.3818995331759163,1.1981971781217176,1.0468174071053162,0.9163644531112756,0.8011540817611549,0.6947024418494272,0.5957557915881545,0.5022013919475803,0.4119069448392521,0.3270943290904055,0.2438842898658349,0.1616312354436292,0.080922324622731,0.0,-0.0807123729430663,-0.1607658816532287,-0.2434133807519852,-0.329197297718006,-0.415359128314311,-0.5061478590326575,-0.5985238080217464,-0.6971336222856058,-0.8032636352459046,-0.9199586125528412,-1.047553265430971,-1.1980644596290693,-1.384686619059964,-1.6313640694678322,-2.0495322139463004,,,,,,,,,,,,,,,,,,,,,,,,,,,,,,,,,,,,,,,,,,,,,,,,,,,,,,,,,,,,,,,,,,,,,,,,,,,,,,,,,,,,,,,,,,,,,,,,,,,,,,,,,,,,,,,,,,,,,,,,,,,,,,,,,,,,,,,,,,,,,,,,,,,,,,,,,,,,,,,,,,,,,,,,,,,,,,,,,,,,,,,,,,,,,,,,,,,,,,,,,,,,,,,,,,,,,,,,,,,
32,2.0737874715108946,1.6450939141166676,1.3995756370335364,1.2178897360318006,1.0673520155237863,0.9383542330500776,0.8234990506715949,0.7195974554813268,0.6222736230419091,0.5300224676143913,0.4408791229025482,0.3579230641296581,0.2764554180937622,0.1970809766649557,0.1176264964657407,0.039326182732138,-0.0397065137772948,-0.1171287927904851,-0.1959621873130854,-0.2758513041565768,-0.3600913721758704,-0.4445879781663014,-0.5335901941172774,-0.6242101523686285,-0.7211455123827396,-0.825196614146257,-0.9404281209569934,-1.0674627177385947,-1.2158376829392668,-1.4014274128114756,-1.64669902201004,-2.0608129627989618,,,,,,,,,,,,,,,,,,,,,,,,,,,,,,,,,,,,,,,,,,,,,,,,,,,,,,,,,,,,,,,,,,,,,,,,,,,,,,,,,,,,,,,,,,,,,,,,,,,,,,,,,,,,,,,,,,,,,,,,,,,,,,,,,,,,,,,,,,,,,,,,,,,,,,,,,,,,,,,,,,,,,,,,,,,,,,,,,,,,,,,,,,,,,,,,,,,,,,,,,,,,,,,,,,,,,,,,,,
33,2.086222245106149,1.661092237693648,1.4148937117455542,1.235594152099367,1.086564108947506,0.958390132358679,0.8446559967062282,0.7419161817615452,0.6472214442122602,0.5559711961592539,0.4677660787631201,0.3870283918203286,0.3068992462143896,0.2298397109684097,0.1527383874548571,0.0761826517351928,0.0,-0.0752356926897636,-0.1514092679853166,-0.2282209362990855,-0.3073416551419556,-0.3889403549446999,-0.4729350017684856,-0.5594428165275147,-0.6485773112808537,-0.7441243683569884,-0.8471812867572313,-0.9599227136280608,-1.0857830038306948,-1.2341044748371215,-1.4175121662636172,-1.6608596728322071,-2.0737861778594304,,,,,,,,,,,,,,,,,,,,,,,,,,,,,,,,,,,,,,,,,,,,,,,,,,,,,,,,,,,,,,,,,,,,,,,,,,,,,,,,,,,,,,,,,,,,,,,,,,,,,,,,,,,,,,,,,,,,,,,,,,,,,,,,,,,,,,,,,,,,,,,,,,,,,,,,,,,,,,,,,,,,,,,,,,,,,,,,,,,,,,,,,,,,,,,,,,,,,,,,,,,,,,,,,,,,,,,,,
34,2.098567868757529,1.6752964902501577,1.430144158659226,1.2532935101870857,1.1055704198774334,0.9780510165001228,0.8652154337746135,0.7640309957646774,0.671096248880207,0.5811438720774776,0.4945276600543227,0.4142309297286808,0.3362578447536772,0.2603138597297287,0.1855353249118022,0.1110363628132071,0.0369237057692821,-0.0363763201185745,-0.1093031795626822,-0.1843585854433852,-0.2598289147434548,-0.3368436032080061,-0.4171367470040583,-0.4996720746568009,-0.5844488910278504,-0.6724473184773677,-0.7666020142656842,-0.8674278744813848,-0.9790266808496332,-1.1035772385935223,-1.2519751935446972,-1.433812664657643,-1.675411797226661,-2.086664812980405,,,,,,,,,,,,,,,,,,,,,,,,,,,,,,,,,,,,,,,,,,,,,,,,,,,,,,,,,,,,,,,,,,,,,,,,,,,,,,,,,,,,,,,,,,,,,,,,,,,,,,,,,,,,,,,,,,,,,,,,,,,,,,,,,,,,,,,,,,,,,,,,,,,,,,,,,,,,,,,,,,,,,,,,,,,,,,,,,,,,,,,,,,,,,,,,,,,,,,,,,,,,,,,,,,,,,,,,
35,2.111039950865259,1.6889463487472134,1.4453453503963294,1.2706388766130283,1.1240192585873443,0.9970122934157778,0.8854103255644619,0.7855415282370967,0.6935173709163109,0.6056230054932575,0.5197422731312312,0.4407622270374169,0.3644486560929816,0.2893546453021079,0.2162609440491422,0.1440021182660517,0.0717742838112965,0.0,-0.0705965364854559,-0.1423999072163218,-0.2151173775286536,-0.2893663584578652,-0.3651332875940188,-0.4433185123974303,-0.5246488068282615,-0.6073463464713011,-0.6950581857053126,-0.7871877732998777,-0.8872954687635308,-0.9980988795138716,-1.1217906266096973,-1.2678487765468551,-1.4482550752024224,-1.6880371258392388,-2.0987432681777105,,,,,,,,,,,,,,,,,,,,,,,,,,,,,,,,,,,,,,,,,,,,,,,,,,,,,,,,,,,,,,,,,,,,,,,,,,,,,,,,,,,,,,,,,,,,,,,,,,,,,,,,,,,,,,,,,,,,,,,,,,,,,,,,,,,,,,,,,,,,,,,,,,,,,,,,,,,,,,,,,,,,,,,,,,,,,,,,,,,,,,,,,,,,,,,,,,,,,,,,,,,,,,,,,,,,,,,
36,2.1221210864073683,1.7034989883138216,1.4599017535077523,1.28630851403665,1.1410971541318238,1.0156938266672195,0.9054291167822206,0.805521957413259,0.7149229071374074,0.6278509797252105,0.5440323064568668,0.4650429864422112,0.3905536597638435,0.3167116156853232,0.2455500701153893,0.1740073534214622,0.1040887567062414,0.0352779183941121,-0.034386982748921,-0.1037827855848807,-0.1733667579227315,-0.245818226707094,-0.3176041064406761,-0.39271484969729,-0.4697232262550614,-0.5481825634423697,-0.6305288072607204,-0.7165988021663663,-0.8078571256604693,-0.9064963629439066,-1.0163122044954664,-1.139090954514075,-1.2843294337887623,-1.463861724611617,-1.7018403568413565,-2.112679447137104,,,,,,,,,,,,,,,,,,,,,,,,,,,,,,,,,,,,,,,,,,,,,,,,,,,,,,,,,,,,,,,,,,,,,,,,,,,,,,,,,,,,,,,,,,,,,,,,,,,,,,,,,,,,,,,,,,,,,,,,,,,,,,,,,,,,,,,,,,,,,,,,,,,,,,,,,,,,,,,,,,,,,,,,,,,,,,,,,,,,,,,,,,,,,,,,,,,,,,,,,,,,,,,,,,,,,,
37,2.1335791744213197,1.7180805516225832,1.4767873440666914,1.3025855195119709,1.1580852868656022,1.0340033666946502,0.9237068954034344,0.825556330747508,0.7349750586932778,0.6493556644624259,0.5674536928764299,0.4892447827081532,0.415422267103888,0.3435415039073295,0.2731640262420016,0.2042312126456945,0.1345381277467685,0.0669579810718952,0.0,-0.067425917394798,-0.1350236044199112,-0.204050874569579,-0.274503679311838,-0.3455660421545695,-0.4184493620721074,-0.4936826177212444,-0.571476194815121,-0.6528068617979178,-0.7378540531713237,-0.8279364934853909,-0.926097642507654,-1.034819559334661,-1.1556681607844594,-1.3000448405213902,-1.4782625431045509,-1.7147694742598396,-2.1235632122202968,,,,,,,,,,,,,,,,,,,,,,,,,,,,,,,,,,,,,,,,,,,,,,,,,,,,,,,,,,,,,,,,,,,,,,,,,,,,,,,,,,,,,,,,,,,,,,,,,,,,,,,,,,,,,,,,,,,,,,,,,,,,,,,,,,,,,,,,,,,,,,,,,,,,,,,,,,,,,,,,,,,,,,,,,,,,,,,,,,,,,,,,,,,,,,,,,,,,,,,,,,,,,,,,,,,,,
38,2.142883551294113,1.7299464204226915,1.4903715290626145,1.3168189611517085,1.1741960274734948,1.0507282107408131,0.9412234986349264,0.8443394509537404,0.7543932802652872,0.670438797374159,0.5893218204217733,0.5120818473767522,0.4396149191560395,0.3682525996576789,0.2996906224277814,0.2318025964395011,0.1636909396744052,0.0971601261331253,0.0318317400627831,-0.0339243447277757,-0.0987675233578985,-0.164906250357265,-0.2333731773703835,-0.30153195508352,-0.3717995380293737,-0.4430173406309169,-0.5165087032767304,-0.5932947950460703,-0.6737489157930475,-0.7572669720558237,-0.8468903913284226,-0.9439562564846238,-1.0515616444866558,-1.1715440848787924,-1.3140697522620728,-1.4915935884523863,-1.7275046772582645,-2.1338827359395256,,,,,,,,,,,,,,,,,,,,,,,,,,,,,,,,,,,,,,,,,,,,,,,,,,,,,,,,,,,,,,,,,,,,,,,,,,,,,,,,,,,,,,,,,,,,,,,,,,,,,,,,,,,,,,,,,,,,,,,,,,,,,,,,,,,,,,,,,,,,,,,,,,,,,,,,,,,,,,,,,,,,,,,,,,,,,,,,,,,,,,,,,,,,,,,,,,,,,,,,,,,,,,,,,,,,
39,2.152496176392152,1.7427851696913363,1.503368690190823,1.3310252122108246,1.1891929188487935,1.06695262831698,0.9580819620033816,0.8618517638616682,0.7731049104841381,0.6903518933662584,0.6111360026110574,0.5343960949808084,0.4621922045205655,0.3929951217917413,0.3248857068371968,0.2583907403491488,0.1927083199955626,0.1264816885835453,0.0630049449252271,0.0,-0.0646024397740048,-0.1281831281090596,-0.1940457418316047,-0.2599621799117307,-0.3275088548392326,-0.3966035427499975,-0.4659542956545798,-0.5385270246761779,-0.6151701931329592,-0.693533909049848,-0.7759953109544867,-0.865278537480121,-0.9611240613498084,-1.0673079313517415,-1.1868222275139404,-1.3283835587689097,-1.5047381791878718,-1.7401913605297326,-2.144118269730039,,,,,,,,,,,,,,,,,,,,,,,,,,,,,,,,,,,,,,,,,,,,,,,,,,,,,,,,,,,,,,,,,,,,,,,,,,,,,,,,,,,,,,,,,,,,,,,,,,,,,,,,,,,,,,,,,,,,,,,,,,,,,,,,,,,,,,,,,,,,,,,,,,,,,,,,,,,,,,,,,,,,,,,,,,,,,,,,,,,,,,,,,,,,,,,,,,,,,,,,,,,,,,,,,,,
40,2.163060029605272,1.755215919005411,1.5172111126567096,1.345786477784443,1.2052764183206284,1.0834577737555269,0.9748956687815262,0.8800631131469799,0.7917501441273316,0.7100473911803956,0.6319770231997137,0.5570893843390448,0.4845185063683452,0.4163899098753472,0.3500223054382694,0.2843414094861217,0.2196444634353806,0.1561097745466368,0.0926310151538682,0.0307361665210781,-0.0312864582377628,-0.0935209190934184,-0.1564142512364784,-0.2209850988010452,-0.2855733680177495,-0.3525065176264288,-0.4197790809277488,-0.4876386610521505,-0.5602263960412415,-0.6350787007156125,-0.7123194837272472,-0.7941416831385611,-0.8830183116181717,-0.9770439099774396,-1.082542079191565,-1.2017388117383052,-1.342135686327558,-1.517910547788438,-1.751819089835092,-2.1557910784548566,,,,,,,,,,,,,,,,,,,,,,,,,,,,,,,,,,,,,,,,,,,,,,,,,,,,,,,,,,,,,,,,,,,,,,,,,,,,,,,,,,,,,,,,,,,,,,,,,,,,,,,,,,,,,,,,,,,,,,,,,,,,,,,,,,,,,,,,,,,,,,,,,,,,,,,,,,,,,,,,,,,,,,,,,,,,,,,,,,,,,,,,,,,,,,,,,,,,,,,,,,,,,,,,,,
41,2.173094978063338,1.7661970169942507,1.5299455832574516,1.358737277553545,1.2198139513396515,1.09842050249903,0.9910695758231234,0.8965362590771258,0.8095221901617378,0.728956156496086,0.6517968078468338,0.5784196512157708,0.5067651239623294,0.4388357959067636,0.3736342442287468,0.3092785917415027,0.2457036974432456,0.1832092066888545,0.121586887213566,0.0612491149265833,0.0,-0.0608489954498649,-0.121884055599991,-0.1843675347181489,-0.2472721088234576,-0.3106180316751722,-0.3763899555735995,-0.4419646133574806,-0.5099984645770047,-0.5809584678938347,-0.6555386274963491,-0.7305336387789559,-0.8121107019299862,-0.8998681629036391,-0.993321539167446,-1.0976075186363663,-1.216460171745145,-1.3567371193151605,-1.530415836736987,-1.7631912440551394,-2.1649581505625486,,,,,,,,,,,,,,,,,,,,,,,,,,,,,,,,,,,,,,,,,,,,,,,,,,,,,,,,,,,,,,,,,,,,,,,,,,,,,,,,,,,,,,,,,,,,,,,,,,,,,,,,,,,,,,,,,,,,,,,,,,,,,,,,,,,,,,,,,,,,,,,,,,,,,,,,,,,,,,,,,,,,,,,,,,,,,,,,,,,,,,,,,,,,,,,,,,,,,,,,,,,,,,,,,
42,2.1830211538463256,1.7786161480166756,1.5426538629986275,1.372054679665247,1.233955692294464,1.1139619719399798,1.008172426182973,0.9131198556934628,0.8270608211002655,0.7472424487260952,0.6713863895432313,0.5982378094759193,0.5287949532833853,0.4612183705485266,0.3963683026839997,0.3331948572689304,0.2709717833813664,0.2087488711166669,0.1490235038934817,0.0893365030104906,0.0298993134163173,-0.0303045300381836,-0.0894199956628405,-0.149455207682965,-0.2101693429073565,-0.2714368416302272,-0.334609519951421,-0.3989488278055262,-0.4634217208114823,-0.5309829009450001,-0.6009272869949022,-0.67374057859807,-0.7487449294689706,-0.8294407310964677,-0.9152312311599023,-1.0085570172967495,-1.1128657709946976,-1.2307833137475237,-1.3697819915537286,-1.5427538896004998,-1.7739225170267343,-2.1743318810955024,,,,,,,,,,,,,,,,,,,,,,,,,,,,,,,,,,,,,,,,,,,,,,,,,,,,,,,,,,,,,,,,,,,,,,,,,,,,,,,,,,,,,,,,,,,,,,,,,,,,,,,,,,,,,,,,,,,,,,,,,,,,,,,,,,,,,,,,,,,,,,,,,,,,,,,,,,,,,,,,,,,,,,,,,,,,,,,,,,,,,,,,,,,,,,,,,,,,,,,,,,,,,,,,
43,2.1918864600012826,1.789434506176455,1.5543535510812545,1.38478139182759,1.2474075184808058,1.1290692712902664,1.023873877183691,0.9293323861482649,0.8436881333671709,0.7645533302654126,0.6901041072260028,0.617293384779236,0.5492984412578651,0.4815820984777048,0.4178243642436405,0.3554317679719569,0.2947907778458876,0.2340579251953219,0.1748948322270011,0.1164026195428418,0.0581412007126214,0.0,-0.0588363407109759,-0.1164219700780298,-0.1748235043740298,-0.2343151732511136,-0.2950235205495353,-0.3569184882803591,-0.4198486756344745,-0.4838043681425126,-0.5505503620038474,-0.6198109352445342,-0.6918339584927826,-0.7661500042466255,-0.8456311833187561,-0.9306069717489106,-1.0228299938825152,-1.1270551389979928,-1.2444870444268925,-1.3821416604402403,-1.5544358094887667,-1.784205280569602,-2.1827136391752537,,,,,,,,,,,,,,,,,,,,,,,,,,,,,,,,,,,,,,,,,,,,,,,,,,,,,,,,,,,,,,,,,,,,,,,,,,,,,,,,,,,,,,,,,,,,,,,,,,,,,,,,,,,,,,,,,,,,,,,,,,,,,,,,,,,,,,,,,,,,,,,,,,,,,,,,,,,,,,,,,,,,,,,,,,,,,,,,,,,,,,,,,,,,,,,,,,,,,,,,,,,,,,,
44,2.200415894125644,1.8005545655413298,1.5658096379568496,1.3968739630391345,1.2609253444560795,1.1432613994400482,1.0380233821180982,0.9444710879510992,0.8594623817031439,0.7810761660224308,0.7071506375874111,0.6353427454892561,0.568432279380299,0.5025050644197885,0.43898909351213,0.3772383458321849,0.3167019336517278,0.2578183043449695,0.1994264620749258,0.1423499242214113,0.0852549074434896,0.0285332878876513,-0.0288383074425508,-0.085934449808477,-0.1424045952674395,-0.1998965866685223,-0.2585488849859544,-0.3180343865932353,-0.3787712766000448,-0.4407467275620753,-0.5044547632563186,-0.5701117521535445,-0.638679596237292,-0.7094255358858932,-0.78314544806661,-0.861536030207915,-0.9461128792814544,-1.038086200218722,-1.1412439524493545,-1.2576034986625295,-1.3954114370913555,-1.5663892859661193,-1.79528854645678,-2.1920251542174864,,,,,,,,,,,,,,,,,,,,,,,,,,,,,,,,,,,,,,,,,,,,,,,,,,,,,,,,,,,,,,,,,,,,,,,,,,,,,,,,,,,,,,,,,,,,,,,,,,,,,,,,,,,,,,,,,,,,,,,,,,,,,,,,,,,,,,,,,,,,,,,,,,,,,,,,,,,,,,,,,,,,,,,,,,,,,,,,,,,,,,,,,,,,,,,,,,,,,,,,,,,,,,
45,2.210702309223365,1.81126661480292,1.577293774570879,1.409044672531909,1.2736727460861377,1.1562380049100138,1.052467531494537,0.9589944453102592,0.8748932817425502,0.7973953052452929,0.7240493199570529,0.6529543439678293,0.5864936521896832,0.52219394840329,0.4592499571694134,0.397627224619305,0.3385470203526427,0.2806893548626161,0.2226605129671316,0.1668288726213804,0.1111593893587396,0.0558669391870638,0.0,-0.0560088448702863,-0.1119438473624035,-0.1673893635241573,-0.2244352997821318,-0.2815350064480081,-0.3403173537656871,-0.4004074941893822,-0.46150471361305,-0.523870197521854,-0.5893257042285909,-0.6568509690464404,-0.7260423969895415,-0.7995245525066406,-0.8770839927973677,-0.960928678063784,-1.052689597728639,-1.1548408529065852,-1.2708566939017638,-1.4073761711387025,-1.576983113684317,-1.8048582012736456,-2.200126055342473,,,,,,,,,,,,,,,,,,,,,,,,,,,,,,,,,,,,,,,,,,,,,,,,,,,,,,,,,,,,,,,,,,,,,,,,,,,,,,,,,,,,,,,,,,,,,,,,,,,,,,,,,,,,,,,,,,,,,,,,,,,,,,,,,,,,,,,,,,,,,,,,,,,,,,,,,,,,,,,,,,,,,,,,,,,,,,,,,,,,,,,,,,,,,,,,,,,,,,,,,,,,,
46,2.2196823533251364,1.822093095659094,1.5891999002829724,1.4216176537248513,1.2870321522408008,1.1701290287515105,1.0679080195782429,0.9745061506934816,0.8904204200755991,0.8133306287048329,0.7412274608262084,0.6706186805942397,0.6044096699818853,0.5407622109096456,0.4789584870622946,0.4175777939654543,0.3594240461906723,0.3021855258446464,0.2456363647226082,0.1904548719324003,0.1359964007746583,0.0820482279442147,0.027476859218249,-0.0276586674280993,-0.0820262681648898,-0.1365432352349307,-0.1912163356775241,-0.247296056505183,-0.3038020017675835,-0.3615431170229325,-0.4204290525356322,-0.4805251120499711,-0.5426332448233462,-0.607610448525885,-0.6739494282408947,-0.7424712419906762,-0.8153589037901282,-0.8921881672873844,-0.9756902896892092,-1.0663278326951735,-1.1684112164902627,-1.2834276536802998,-1.4192589209350754,-1.5873766850207234,-1.8142953779657776,-2.21007561309705,,,,,,,,,,,,,,,,,,,,,,,,,,,,,,,,,,,,,,,,,,,,,,,,,,,,,,,,,,,,,,,,,,,,,,,,,,,,,,,,,,,,,,,,,,,,,,,,,,,,,,,,,,,,,,,,,,,,,,,,,,,,,,,,,,,,,,,,,,,,,,,,,,,,,,,,,,,,,,,,,,,,,,,,,,,,,,,,,,,,,,,,,,,,,,,,,,,,,,,,,,,,
47,2.2280780785880605,1.832134446408548,1.6001005378997877,1.4339336078396387,1.3001061655023518,1.1835999042123102,1.0816786854312963,0.9894905814001752,0.9062638763638668,0.8287296924743689,0.7573893115594355,0.6883672408669153,0.6226136993784265,0.5589725893926387,0.4987685750073791,0.4375475347328983,0.3802542405443891,0.3236707515869977,0.2677610073974508,0.2139607846348594,0.1603545165356739,0.1069513415054219,0.053750068138961,0.0,-0.0533573240039024,-0.1067010767495382,-0.1601459049676231,-0.2144858267170631,-0.2695027079308956,-0.3251290766359994,-0.3812553527605755,-0.4401286565380856,-0.5001991459558978,-0.5611572557767192,-0.6248173550834177,-0.6900067040077705,-0.7583580166098037,-0.8302930280974707,-0.9063077365576032,-0.9895051487318854,-1.0799748752078762,-1.1815516020191472,-1.2956466653699432,-1.4305843626675927,-1.598358173590047,-1.824454479295448,-2.2192401668880315,,,,,,,,,,,,,,,,,,,,,,,,,,,,,,,,,,,,,,,,,,,,,,,,,,,,,,,,,,,,,,,,,,,,,,,,,,,,,,,,,,,,,,,,,,,,,,,,,,,,,,,,,,,,,,,,,,,,,,,,,,,,,,,,,,,,,,,,,,,,,,,,,,,,,,,,,,,,,,,,,,,,,,,,,,,,,,,,,,,,,,,,,,,,,,,,,,,,,,,,,,,
48,2.2367031780710525,1.841451034506726,1.6105962313377646,1.445746185731535,1.3123750862744807,1.1970694455656885,1.0955548594888092,1.0039071889556002,0.9212433270168412,0.8442684395418595,0.7729676029968563,0.7052563496107171,0.6398173162464622,0.5773008667314264,0.51718859322229,0.457283066469318,0.3999015320778671,0.3448102633021846,0.2892559780232023,0.2361495201649208,0.1827231663341519,0.1311801096399534,0.0791380353749968,0.0268001830109037,-0.0261693629255272,-0.0779783517308451,-0.129856934997374,-0.1826218019022465,-0.2359994930503539,-0.2896268705094876,-0.3448517103316045,-0.4008846881399401,-0.4584314731382974,-0.5177339465549817,-0.5786369332362646,-0.640617651708417,-0.7054779089849593,-0.7729436293194455,-0.8439287856010363,-0.919995034435264,-1.002697481076047,-1.092419907600018,-1.193258567342749,-1.3075623828178369,-1.441772379815534,-1.6082434574656337,-1.833540806573753,-2.226157544133202,,,,,,,,,,,,,,,,,,,,,,,,,,,,,,,,,,,,,,,,,,,,,,,,,,,,,,,,,,,,,,,,,,,,,,,,,,,,,,,,,,,,,,,,,,,,,,,,,,,,,,,,,,,,,,,,,,,,,,,,,,,,,,,,,,,,,,,,,,,,,,,,,,,,,,,,,,,,,,,,,,,,,,,,,,,,,,,,,,,,,,,,,,,,,,,,,,,,,,,,,,
49,2.244791501363711,1.850448125305511,1.620151892045587,1.456016506113979,1.3237604987272495,1.209815657418852,1.1082667473166643,1.017608761722909,0.9348771616781264,0.858729256876088,0.7882883787220799,0.7205257203508642,0.6557785926403445,0.5947455743836878,0.5346464867056513,0.4759525297059035,0.4193960731074206,0.3641359775491853,0.3101884089924555,0.2568797815337158,0.2047762265645596,0.153789096013852,0.1028236371401763,0.0515157234069064,0.0,-0.0513806045368125,-0.1018178384000995,-0.1531573742451424,-0.2051294048245673,-0.2572610166264315,-0.3101260808912225,-0.3646830734511115,-0.4201904494256452,-0.4769435713594019,-0.5350193891165891,-0.5951866384252174,-0.6565627170037731,-0.7208584856428107,-0.787835994566874,-0.8583830906489942,-0.9338282013517532,-1.0158403488208372,-1.104959618148358,-1.205703814532335,-1.3189052002884194,-1.452785314413379,-1.6181333397065962,-1.8423828245782308,-2.2348578926471627,,,,,,,,,,,,,,,,,,,,,,,,,,,,,,,,,,,,,,,,,,,,,,,,,,,,,,,,,,,,,,,,,,,,,,,,,,,,,,,,,,,,,,,,,,,,,,,,,,,,,,,,,,,,,,,,,,,,,,,,,,,,,,,,,,,,,,,,,,,,,,,,,,,,,,,,,,,,,,,,,,,,,,,,,,,,,,,,,,,,,,,,,,,,,,,,,,,,,,,,,
50,2.252878538947164,1.8589577436438207,1.6291885847208556,1.4658421015161935,1.3346305469773545,1.221124518485598,1.1194254999810576,1.030370085492255,0.9487423979030308,0.8727869632213026,0.8028302669169491,0.7355342072922746,0.6718603230761583,0.6109606253603737,0.5515524269678815,0.4940797329793718,0.4384615797456972,0.3830333439224307,0.3296824553288943,0.2781705401618367,0.226251530405653,0.1758580960860609,0.1254162388407945,0.0756691947457824,0.0257129428805089,-0.024708473277065,-0.0747931361333079,-0.1241823901206542,-0.1753232509933428,-0.2257445696432296,-0.2775242940164774,-0.3296855032181894,-0.3832797278069661,-0.4387242361867923,-0.4944241780873694,-0.5517762531888457,-0.6114452619868975,-0.6714625946028927,-0.7353863119318689,-0.8017744811037378,-0.8718168034427078,-0.9471766183956316,-1.0289467805119312,-1.1173048671740784,-1.21746732642094,-1.3301171822221407,-1.4633572817905336,-1.6276020447027428,-1.8511370600887231,-2.242474018349583,,,,,,,,,,,,,,,,,,,,,,,,,,,,,,,,,,,,,,,,,,,,,,,,,,,,,,,,,,,,,,,,,,,,,,,,,,,,,,,,,,,,,,,,,,,,,,,,,,,,,,,,,,,,,,,,,,,,,,,,,,,,,,,,,,,,,,,,,,,,,,,,,,,,,,,,,,,,,,,,,,,,,,,,,,,,,,,,,,,,,,,,,,,,,,,,,,,,,,,,
51,2.2617094327955973,1.868100806953205,1.6392037517470897,1.4764775072540035,1.3456338932554357,1.2329622166700631,1.1321214142156346,1.0429222366991362,0.9621400887214896,0.8865569256427205,0.8172297699303693,0.7504659220763684,0.6876072722286776,0.6279026838233146,0.568566635514732,0.5117204503919012,0.4565442109784183,0.402468563513071,0.3495485861611949,0.298518234678073,0.2470500162341682,0.1975251300256793,0.1480914467156592,0.098829317454574,0.0492619013183212,0.0,-0.0487809740771851,-0.0977356280000602,-0.1470664402852171,-0.1968615658761734,-0.2462832926679541,-0.2971537710926347,-0.3485353267177982,-0.4013125767985176,-0.4563657778173684,-0.5117023754944432,-0.5688361592759024,-0.6268534034520776,-0.686558923696207,-0.7501478024552217,-0.8159027934141023,-0.8855946772140108,-0.9604514686159294,-1.04129829678726,-1.1294474610174312,-1.228734999060293,-1.3407168533385851,-1.4743275935063256,-1.6372061363210817,-1.859259297014076,-2.250532899311195,,,,,,,,,,,,,,,,,,,,,,,,,,,,,,,,,,,,,,,,,,,,,,,,,,,,,,,,,,,,,,,,,,,,,,,,,,,,,,,,,,,,,,,,,,,,,,,,,,,,,,,,,,,,,,,,,,,,,,,,,,,,,,,,,,,,,,,,,,,,,,,,,,,,,,,,,,,,,,,,,,,,,,,,,,,,,,,,,,,,,,,,,,,,,,,,,,,,,,,
52,2.2694484972145883,1.8771977878102493,1.6486972273549567,1.4869685426178607,1.3561213831515273,1.24399338128047,1.1443270454872516,1.0556124696691314,0.9754268644786854,0.9002905015237651,0.8314922244995292,0.7656959180932905,0.7028240716200977,0.6433352139457794,0.5852437645934455,0.5285929696247023,0.4740275981488447,0.4205088338485657,0.3683570547716325,0.3179360125172115,0.2671818427692679,0.2181928951212767,0.1694380547487934,0.1208000179292696,0.072101752277604,0.0244130980772425,-0.0233536317659955,-0.0720788682086265,-0.1201596686705316,-0.1683519041964754,-0.2176405020523699,-0.2663697100930159,-0.3165141195498376,-0.3668136345905524,-0.4193072668168192,-0.4737942779119203,-0.5287065140443774,-0.58437451169034,-0.6418478764844828,-0.7017904891102824,-0.7643779867898313,-0.8292825715189216,-0.8985440317885277,-0.9728588730060976,-1.0535811428548347,-1.1413998210673606,-1.2401874286789605,-1.351418973424082,-1.4846878289022147,-1.6468387160145932,-1.868651405729864,-2.2572771561535774,,,,,,,,,,,,,,,,,,,,,,,,,,,,,,,,,,,,,,,,,,,,,,,,,,,,,,,,,,,,,,,,,,,,,,,,,,,,,,,,,,,,,,,,,,,,,,,,,,,,,,,,,,,,,,,,,,,,,,,,,,,,,,,,,,,,,,,,,,,,,,,,,,,,,,,,,,,,,,,,,,,,,,,,,,,,,,,,,,,,,,,,,,,,,,,,,,,,,,
53,2.27726514565751,1.885651308623738,1.6578464707542786,1.49620698090449,1.3660604081076453,1.2545949099556206,1.1560251056962063,1.0675366019227135,0.9880637106381868,0.9136078244850692,0.8451407169276346,0.7797246445802907,0.7180081416592032,0.6583724377927467,0.6011256305445167,0.5454663922901013,0.4912391497949698,0.4380468146617493,0.3867133567014286,0.3365560606527272,0.2867624215220395,0.2376081818898053,0.1899276337986137,0.1419361626344426,0.0943978448701394,0.0473492459101848,0.0,-0.046612353763302,-0.0943959699956199,-0.1415840420492509,-0.188990688263348,-0.2372631961075615,-0.2855676745599102,-0.335172062641876,-0.3848694471565209,-0.4372202530306782,-0.490694655806461,-0.5444423176548333,-0.599843692238584,-0.6568051629872393,-0.71608683285691,-0.7778737330268255,-0.842726013495466,-0.9112004576843664,-0.9852498056140564,-1.0655624776555306,-1.152676888659273,-1.2507086519626818,-1.361340856477444,-1.4939480755818066,-1.6559331637537644,-1.877836194618028,-2.2638816205908685,,,,,,,,,,,,,,,,,,,,,,,,,,,,,,,,,,,,,,,,,,,,,,,,,,,,,,,,,,,,,,,,,,,,,,,,,,,,,,,,,,,,,,,,,,,,,,,,,,,,,,,,,,,,,,,,,,,,,,,,,,,,,,,,,,,,,,,,,,,,,,,,,,,,,,,,,,,,,,,,,,,,,,,,,,,,,,,,,,,,,,,,,,,,,,,,,,,,,
54,2.2852002480666327,1.893720448095492,1.666948432393527,1.506351033345574,1.376443475787766,1.2654440531552582,1.1669350006284256,1.07924480487743,1.0002071333373383,0.9262576111492566,0.8578391827779364,0.793507366798409,0.7323029381580295,0.6726213590938382,0.6158231342224016,0.5609245667284154,0.507590788763167,0.4548972952150236,0.4040256564653239,0.3548926525362497,0.3056983194683136,0.2570800536262349,0.2097240779696393,0.1632007461647048,0.1158085202091913,0.0695834965079011,0.0230769529978887,-0.0225407911973598,-0.0697163456023666,-0.1158859548084974,-0.1625273892138661,-0.2090262706365571,-0.2563729137519959,-0.304425627283207,-0.3531679068982427,-0.4027527662796055,-0.4541665827802335,-0.5067997251428438,-0.5597499472926064,-0.6151735224080743,-0.6712348163553578,-0.7305552668879058,-0.7913866870731612,-0.8559138437268404,-0.9236516852477494,-0.9979650211739896,-1.0775927538433872,-1.1650470260510748,-1.262465486260195,-1.372351643472264,-1.5033239534688634,-1.6656227236390888,-1.885711253442816,-2.2706287970501364,,,,,,,,,,,,,,,,,,,,,,,,,,,,,,,,,,,,,,,,,,,,,,,,,,,,,,,,,,,,,,,,,,,,,,,,,,,,,,,,,,,,,,,,,,,,,,,,,,,,,,,,,,,,,,,,,,,,,,,,,,,,,,,,,,,,,,,,,,,,,,,,,,,,,,,,,,,,,,,,,,,,,,,,,,,,,,,,,,,,,,,,,,,,,,,,,,,,
55,2.2931447264888334,1.90233075401802,1.6760130964369586,1.5156896602224992,1.3864883220323378,1.2756694384803966,1.17785273144987,1.0905778204358136,1.0118219857532595,0.9385241500638772,0.8709872123137631,0.8070159565896194,0.7461064270962127,0.6867122394867903,0.6303498593507858,0.5760800722837341,0.5233338676306807,0.4714959420792891,0.4209269705431514,0.3728829328413912,0.3238294723567704,0.2760452778126635,0.2296358152530671,0.1832189859753309,0.1365170009509968,0.0909875998754956,0.0457367936575323,0.0,-0.0451639187787211,-0.0913387162423838,-0.136702262088191,-0.1826681040091003,-0.2288539226743533,-0.275526784641997,-0.3229619524738548,-0.3710591645299793,-0.4196654608747136,-0.4713250659229241,-0.5230078566966352,-0.5751458502370881,-0.6303954983133158,-0.6861097439328036,-0.7448840869881247,-0.804562605583033,-0.8688898075426541,-0.9368121923148536,-1.0097593360324473,-1.0891205557843138,-1.1766660012581318,-1.2732212700847545,-1.382103620167304,-1.5127439088955368,-1.6742013247001113,-1.8939082624855543,-2.2779655204397966,,,,,,,,,,,,,,,,,,,,,,,,,,,,,,,,,,,,,,,,,,,,,,,,,,,,,,,,,,,,,,,,,,,,,,,,,,,,,,,,,,,,,,,,,,,,,,,,,,,,,,,,,,,,,,,,,,,,,,,,,,,,,,,,,,,,,,,,,,,,,,,,,,,,,,,,,,,,,,,,,,,,,,,,,,,,,,,,,,,,,,,,,,,,,,,,,,,
56,2.3000122060695505,1.9107970139704769,1.6848412629701726,1.5248079714310283,1.3956710456637589,1.2865513346788688,1.1894120072939225,1.1020736762351837,1.0238438938456118,0.9506275533694464,0.8842125047745121,0.8196783810893113,0.7595684558007758,0.7012076355549783,0.6452973582043725,0.5908642729743635,0.5389875466778912,0.4878063509803779,0.4380898523859435,0.3897770982190499,0.3418996198957789,0.2947850199051515,0.2484536309284791,0.2028235633828343,0.1567184184030451,0.1114250573653736,0.0672585848497141,0.0223259581327753,-0.0223629871979516,-0.0670333918502701,-0.1119674569443922,-0.1573039759550634,-0.2023644039297994,-0.2476212166717129,-0.2940164545861112,-0.3405248278556808,-0.388322390834577,-0.4370416960142357,-0.4878697801037207,-0.5384205765929277,-0.5903440916921481,-0.645161559597987,-0.7002405549808999,-0.7586054021306305,-0.8179424704849684,-0.8821908303725934,-0.9494165323307804,-1.0219811040087077,-1.1012021067701994,-1.187772676773906,-1.2835564868454183,-1.3916299517596038,-1.5219017725548118,-1.6825194583661982,-1.9021067380915395,-2.2852760012114177,,,,,,,,,,,,,,,,,,,,,,,,,,,,,,,,,,,,,,,,,,,,,,,,,,,,,,,,,,,,,,,,,,,,,,,,,,,,,,,,,,,,,,,,,,,,,,,,,,,,,,,,,,,,,,,,,,,,,,,,,,,,,,,,,,,,,,,,,,,,,,,,,,,,,,,,,,,,,,,,,,,,,,,,,,,,,,,,,,,,,,,,,,,,,,,,,,
57,2.306684000170373,1.9193130209905789,1.6945906562762263,1.534828369518747,1.4061197261950376,1.296602694955422,1.1999818884936324,1.1129784683176425,1.035323935660954,0.9630600645837092,0.8963446560128848,0.8324596280270085,0.772348411055461,0.7147717443720372,0.6595091937979239,0.605368552274547,0.5536316833790379,0.5033580428240017,0.4538950840671177,0.4060208475169382,0.3593598668859241,0.3126192140286696,0.2666542891257727,0.2215482992679108,0.1764844214942474,0.1317416249206462,0.0882512869813824,0.0438777927531108,0.0,-0.0441036791886149,-0.0881473278190221,-0.132303175322395,-0.1769350419090045,-0.220774917044116,-0.2660373192883237,-0.3115358511219103,-0.357818013463585,-0.4053227395722831,-0.4538163321600835,-0.5036406364889529,-0.5536589521016734,-0.6052847736349054,-0.6592671197194688,-0.7139981370312972,-0.7718201068973093,-0.8308754153671914,-0.8947988963287593,-0.961820346594262,-1.033416452001826,-1.1125048489373897,-1.1985451483298015,-1.2933725513027825,-1.401423496933918,-1.5309028581628368,-1.6911782548363157,-1.910274833714528,-2.2930516727945345,,,,,,,,,,,,,,,,,,,,,,,,,,,,,,,,,,,,,,,,,,,,,,,,,,,,,,,,,,,,,,,,,,,,,,,,,,,,,,,,,,,,,,,,,,,,,,,,,,,,,,,,,,,,,,,,,,,,,,,,,,,,,,,,,,,,,,,,,,,,,,,,,,,,,,,,,,,,,,,,,,,,,,,,,,,,,,,,,,,,,,,,,,,,,,,,,
58,2.313986730328763,1.9277250341223735,1.702905215043233,1.544143080922636,1.415354062599968,1.3064353752220308,1.210656659840353,1.1241593081779342,1.0459038110547656,0.9744779590301728,0.9081071846449766,0.8451886240255492,0.7849622558867857,0.7279250002444829,0.6733357518502214,0.6198865131760469,0.5682295913611024,0.5179388673970883,0.4694542262403869,0.4214539376623783,0.3763261543143481,0.3298697654712041,0.2844057254113284,0.2397330437273041,0.1954533490522353,0.1518618779694175,0.1079606727383711,0.0652869995073914,0.0216438167305602,-0.0215965251805781,-0.0644666346625759,-0.108387523132995,-0.1516629883750743,-0.1953654980584296,-0.2393606548269946,-0.2836531158151425,-0.3286380709283344,-0.3746400001628728,-0.4216362830628246,-0.4695682551461734,-0.5187713332452074,-0.56827494308855,-0.6196191576822523,-0.6729222718880099,-0.7275516128853595,-0.7844359670553518,-0.843477026372113,-0.9065544418775302,-0.9734564202375896,-1.0453390459274077,-1.1239797004571292,-1.2092261636368538,-1.303185891107069,-1.4107262476859,-1.540144813661576,-1.7000170556856196,-1.9192326378244888,-2.3008158825843426,,,,,,,,,,,,,,,,,,,,,,,,,,,,,,,,,,,,,,,,,,,,,,,,,,,,,,,,,,,,,,,,,,,,,,,,,,,,,,,,,,,,,,,,,,,,,,,,,,,,,,,,,,,,,,,,,,,,,,,,,,,,,,,,,,,,,,,,,,,,,,,,,,,,,,,,,,,,,,,,,,,,,,,,,,,,,,,,,,,,,,,,,,,,,,,,
59,2.3213573809386667,1.9361056656111368,1.7121914348647451,1.5527290072133737,1.4247815707656657,1.316361906589932,1.221310974255145,1.1350140840072436,1.0567409542570427,0.985960605745629,0.9202367599522052,0.857556870186208,0.797510744482306,0.7404463448435964,0.6865215561155181,0.6332647174871029,0.5822894955576078,0.5324618279873172,0.4844741340579336,0.4369766386754398,0.3917737497424315,0.346451361346046,0.3014814874896091,0.2571175560392789,0.2134394864134979,0.1705695094721218,0.1273786238391631,0.0851853583478531,0.042373732327451,0.0,-0.0426007782816047,-0.0850188240525689,-0.127809245449972,-0.1705134892176346,-0.2133995282442477,-0.2574471705015783,-0.3006329195709271,-0.3456974657227416,-0.3910294423510781,-0.4374968824074959,-0.4847087407710674,-0.5336149929039841,-0.5824179822726001,-0.6332486478074069,-0.6861874251007264,-0.7401182868785707,-0.7966276494019732,-0.8558406896988902,-0.9180336671059116,-0.984901028525377,-1.0564037462156843,-1.134594933394186,-1.2186645694009317,-1.3132857803401032,-1.419448410454779,-1.549251689286108,-1.7080102237580912,-1.926369405367416,-2.3079230244344338,,,,,,,,,,,,,,,,,,,,,,,,,,,,,,,,,,,,,,,,,,,,,,,,,,,,,,,,,,,,,,,,,,,,,,,,,,,,,,,,,,,,,,,,,,,,,,,,,,,,,,,,,,,,,,,,,,,,,,,,,,,,,,,,,,,,,,,,,,,,,,,,,,,,,,,,,,,,,,,,,,,,,,,,,,,,,,,,,,,,,,,,,,,,,,,
60,2.32774945448392,1.943495519195888,1.7202933077173028,1.561342102438351,1.4336228453566542,1.3259010780011276,1.2313408258825156,1.1459206143019522,1.0674876501785755,0.9978133675280682,0.932131266613394,0.8695940874431417,0.8099534442984552,0.7533275466308185,0.6995553898052078,0.647154050129196,0.5962875248646984,0.5470855503121855,0.4997933495998815,0.452578967346048,0.407019914515475,0.3626818063518936,0.31858461680881,0.2747138443098802,0.2315153067621575,0.1889985451815572,0.1465492119619523,0.1044013679048438,0.0628509184264716,0.0204497491747216,-0.021350810860738,-0.0624653391345157,-0.1047514969171963,-0.1467685567724291,-0.1884430810485356,-0.2313168103690769,-0.2744347562900785,-0.3173298951227163,-0.3619380466810228,-0.4067317717567506,-0.4528089703060904,-0.4996961504024935,-0.5478270255120853,-0.5963382785423983,-0.6469968813559552,-0.6984136024273264,-0.7521791665124201,-0.8086258534927152,-0.8675297167294053,-0.9293614169412864,-0.9959951904507958,-1.0666856678753989,-1.1444172570750364,-1.22763686511197,-1.32210630619627,-1.42841586146877,-1.5574529956370744,-1.7148371689307211,-1.9330843442775996,-2.313889911700669,,,,,,,,,,,,,,,,,,,,,,,,,,,,,,,,,,,,,,,,,,,,,,,,,,,,,,,,,,,,,,,,,,,,,,,,,,,,,,,,,,,,,,,,,,,,,,,,,,,,,,,,,,,,,,,,,,,,,,,,,,,,,,,,,,,,,,,,,,,,,,,,,,,,,,,,,,,,,,,,,,,,,,,,,,,,,,,,,,,,,,,,,,,,,,
61,2.3344319119825574,1.950606196758952,1.7291413055666909,1.5701343154806728,1.4431557081728963,1.3353107542193738,1.2413747337949048,1.1563072435799728,1.078406386655844,1.008628715964974,0.9431315601500452,0.8815140943023096,0.8223780531841918,0.7657046380680412,0.7124002624959664,0.6609470178925353,0.610163563682724,0.5610702259217596,0.5140675497809443,0.4676969859893435,0.4223232760333884,0.3783361883942494,0.3351868320591394,0.2918606334474565,0.2488973492023164,0.2067086997433758,0.1652615417297385,0.1235488535729273,0.0821804275343635,0.0410907569884454,0.0,-0.0412522945057341,-0.0817998175112097,-0.1231166333496135,-0.1643513314169076,-0.2061134593533565,-0.2482123352256068,-0.2905105697121299,-0.3335061048390729,-0.3772484409786735,-0.4214911425123253,-0.467532096866489,-0.5139383564327634,-0.5615930176781451,-0.6093953633873952,-0.6593212760416167,-0.7106586767491456,-0.7643649648477651,-0.8202040797890693,-0.8787597860609603,-0.9406962110992132,-1.006809507697613,-1.076410147183125,-1.1538908143648623,-1.2366034185739034,-1.3309243888377509,-1.4371614048394392,-1.5654976537361036,-1.7224727693562396,-1.940189503933108,-2.3192146522997525,,,,,,,,,,,,,,,,,,,,,,,,,,,,,,,,,,,,,,,,,,,,,,,,,,,,,,,,,,,,,,,,,,,,,,,,,,,,,,,,,,,,,,,,,,,,,,,,,,,,,,,,,,,,,,,,,,,,,,,,,,,,,,,,,,,,,,,,,,,,,,,,,,,,,,,,,,,,,,,,,,,,,,,,,,,,,,,,,,,,,,,,,,,,,
62,2.3405867293522102,1.95643421643314,1.7369311730713093,1.578229698031761,1.451475629015486,1.344831543748047,1.2513245683704557,1.1667102276950752,1.0891489855640677,1.0194090765795645,0.9542129553653732,0.892754996888614,0.8346144847005664,0.7782595492715262,0.7246186098942692,0.6739071772927612,0.6234971990935902,0.5749078989779903,0.5281834604555738,0.4819051543142946,0.4373846045163849,0.3936354449749876,0.350896110097381,0.3074952136166491,0.2657113763587415,0.2240651123933503,0.1833149400541724,0.1421056360886742,0.101263226496379,0.0605425445152492,0.0200034463721116,-0.0205662012772445,-0.0607398423645823,-0.1007616523310167,-0.1413129271538549,-0.1821260601216467,-0.2235061669811433,-0.2648408874533556,-0.3071594742948472,-0.3492442314453951,-0.3929163577010393,-0.4367993723827676,-0.4820573605589193,-0.5277337222667582,-0.575195726931973,-0.6221166821193281,-0.6715034076852517,-0.7226997854757828,-0.7764416645396536,-0.8317732050614489,-0.8898609785840911,-0.9514812795933524,-1.0174567523466724,-1.0866875406506775,-1.1640748657321662,-1.2463731839673564,-1.340204345025173,-1.445897151943484,-1.5733729248424757,-1.7304573731766868,-1.9470488728009436,-2.325036835503323,,,,,,,,,,,,,,,,,,,,,,,,,,,,,,,,,,,,,,,,,,,,,,,,,,,,,,,,,,,,,,,,,,,,,,,,,,,,,,,,,,,,,,,,,,,,,,,,,,,,,,,,,,,,,,,,,,,,,,,,,,,,,,,,,,,,,,,,,,,,,,,,,,,,,,,,,,,,,,,,,,,,,,,,,,,,,,,,,,,,,,,,,,,,
63,2.346715586464273,1.963800164040849,1.7441370958010451,1.5859598532707826,1.4596035960009914,1.353405184922143,1.2604232656123378,1.176304882480366,1.0999860925427545,1.029334958262724,0.9646055624886628,0.9038721333529872,0.8456766545655923,0.7897180704376777,0.7367879140334443,0.686237401413711,0.6364242617763847,0.5879163428933565,0.5416936392379723,0.495454360537463,0.4517830284793441,0.4088718564886259,0.3659072306888672,0.3233163616600703,0.2822992744414409,0.2408159737284462,0.2003374431230048,0.1595999923023831,0.1197952987170226,0.0797873269686258,0.0397062169121193,0.0,-0.0400119699728378,-0.0796383110114864,-0.1190458153844542,-0.1593622158800835,-0.199651450024886,-0.2402220771847774,-0.2815866179474581,-0.3229674639645535,-0.3650641381715984,-0.4080085324057904,-0.4510651918801957,-0.4963930537081872,-0.5418053117601563,-0.588220807151367,-0.6351413617826569,-0.6837663641978916,-0.7349174684207755,-0.7878631343736178,-0.8428177263692885,-0.9010503695225331,-0.9624214386927392,-1.0278128459787057,-1.0968273074385748,-1.1734855003535296,-1.2557580121754135,-1.3492299484329566,-1.4544341223142778,-1.581455547169824,-1.737869813327665,-1.9545443152556805,-2.3321520828655533,,,,,,,,,,,,,,,,,,,,,,,,,,,,,,,,,,,,,,,,,,,,,,,,,,,,,,,,,,,,,,,,,,,,,,,,,,,,,,,,,,,,,,,,,,,,,,,,,,,,,,,,,,,,,,,,,,,,,,,,,,,,,,,,,,,,,,,,,,,,,,,,,,,,,,,,,,,,,,,,,,,,,,,,,,,,,,,,,,,,,,,,,,,
64,2.352572241288851,1.9703890783417877,1.75121301633793,1.5935189516349182,1.4679016461569363,1.362068063645736,1.2690539142630042,1.185997088038848,1.109775722644103,1.0401186740875557,0.9749322917887068,0.9144799915164252,0.8564348954242162,0.8014432932064744,0.748293177103899,0.6987155275984919,0.649710964790067,0.6011072025231541,0.5551027318266452,0.5090615146477537,0.4657509440099245,0.4230542399521683,0.3810634488052776,0.3390784321337221,0.2980005583402204,0.2571661009357779,0.2173408105495026,0.1772171640118614,0.1377012170120219,0.0983594137975802,0.058904820694351,0.0194351042798389,-0.0200772627427276,-0.0585468077491341,-0.0974494510484926,-0.1370705561295438,-0.1761475885257642,-0.2164897618825569,-0.2564454385401389,-0.2973227584280123,-0.3383850740474514,-0.3797562023430723,-0.4219486956248045,-0.4652817683479408,-0.5097927169334138,-0.5547322060938834,-0.6011673350697984,-0.647450347853032,-0.6961425452760569,-0.7469319035799317,-0.7986821973423184,-0.8538443235775256,-0.9117162191979064,-0.972762739529912,-1.0381464101210902,-1.1070160423159767,-1.1826063119675128,-1.2648483850110512,-1.3579189176183282,-1.4628678190305588,-1.5892168141341818,-1.7449669155065997,-1.9616783538465845,-2.3384820422448973,,,,,,,,,,,,,,,,,,,,,,,,,,,,,,,,,,,,,,,,,,,,,,,,,,,,,,,,,,,,,,,,,,,,,,,,,,,,,,,,,,,,,,,,,,,,,,,,,,,,,,,,,,,,,,,,,,,,,,,,,,,,,,,,,,,,,,,,,,,,,,,,,,,,,,,,,,,,,,,,,,,,,,,,,,,,,,,,,,,,,,,,,,
65,2.3586779503369684,1.976682979652787,1.75790260051507,1.6003881532666664,1.475841896423811,1.369847357516263,1.2778403248830277,1.194928781590272,1.119197280753654,1.0491614638602136,0.9847104047252973,0.924542999230319,0.8672107970611427,0.8124256421865595,0.7599871220514799,0.7100000265387731,0.661883291569988,0.6138506352967558,0.5682252598846855,0.5225917012208291,0.4793048805584126,0.4366837548413727,0.3953356593740279,0.3539668245722433,0.312820413128178,0.2729433550724295,0.2332712681077374,0.1941030594998857,0.1547291954982809,0.1161768757015457,0.0775827003091534,0.0381007660799536,0.0,-0.0388083085828323,-0.0770182642209117,-0.1157387447105095,-0.1545297557918005,-0.1931670351266848,-0.2331231829901009,-0.2726109350732314,-0.3130241401848758,-0.3535007520980192,-0.3943038788711058,-0.4360807487180727,-0.4795028358193044,-0.5233751926310265,-0.5680026506548093,-0.6136862445236438,-0.6600508787840552,-0.7083246307562878,-0.7582470375958884,-0.8102962078381669,-0.8642347424728704,-0.9222638554875146,-0.9832104578071198,-1.0478969381134953,-1.1162034772368672,-1.191606421787046,-1.27343292430516,-1.3660749854218508,-1.470659803948288,-1.5965393953550415,-1.7522878057236344,-1.967168951433424,-2.3446452452358426,,,,,,,,,,,,,,,,,,,,,,,,,,,,,,,,,,,,,,,,,,,,,,,,,,,,,,,,,,,,,,,,,,,,,,,,,,,,,,,,,,,,,,,,,,,,,,,,,,,,,,,,,,,,,,,,,,,,,,,,,,,,,,,,,,,,,,,,,,,,,,,,,,,,,,,,,,,,,,,,,,,,,,,,,,,,,,,,,,,,,,,,,
66,2.364592011516664,1.9834726765390989,1.7659220656515946,1.608833990924059,1.4839035968421013,1.3788343045826728,1.2871319466649531,1.204196189006648,1.129256968561228,1.0586628029157923,0.9948837277445854,0.9350992661275196,0.8775931278638569,0.8234164700378035,0.7708058022496134,0.7208428647719763,0.6737442306266633,0.6263921134222263,0.5809595327345962,0.5357125878331289,0.4925662521098984,0.4505171078060999,0.4092560619877992,0.3682294935539257,0.3279309113081654,0.2881261970702899,0.2490551909969689,0.2101031899377234,0.1717804150180039,0.133122307092559,0.0954748723125789,0.0569563899099457,0.0187162101598084,-0.0192564268792584,-0.0569799357213902,-0.0947278372002627,-0.1332006754185045,-0.1713113668426109,-0.2101710039052189,-0.2490618345188955,-0.2885332461471807,-0.3280884113634246,-0.3679691127320907,-0.4085867588707206,-0.4501817283658171,-0.4934264551901258,-0.5367223174303639,-0.5806438104053381,-0.6255054922739275,-0.6718672539688155,-0.7200236557104054,-0.7695454581159091,-0.8213448210932984,-0.8751182906155962,-0.9330269026539428,-0.9935372533099148,-1.0571874936522256,-1.1252975732558022,-1.200588155472083,-1.2821169244447577,-1.3746327513183578,-1.478675665504044,-1.6039137074546754,-1.7593574243160637,-1.9735626927268444,-2.350389539971693,,,,,,,,,,,,,,,,,,,,,,,,,,,,,,,,,,,,,,,,,,,,,,,,,,,,,,,,,,,,,,,,,,,,,,,,,,,,,,,,,,,,,,,,,,,,,,,,,,,,,,,,,,,,,,,,,,,,,,,,,,,,,,,,,,,,,,,,,,,,,,,,,,,,,,,,,,,,,,,,,,,,,,,,,,,,,,,,,,,,,,,,
67,2.369637170628233,1.989448924599084,1.7729231386086637,1.6158473792148955,1.490969908442806,1.3867153038009408,1.2957990160236983,1.2126195211939836,1.1385859484393224,1.0683151303724248,1.0049903828936817,0.9451584267643608,0.887852337405775,0.834362207371309,0.7822490151818221,0.7323523430740281,0.6856488149870269,0.6390089934749599,0.5936446655134845,0.5491785582861684,0.5061702959062624,0.4643093004322479,0.4237350728725804,0.3829232926196905,0.3431805846078294,0.3036903595514469,0.2640535540537794,0.226209086533989,0.187752023694739,0.1501430336453666,0.1123036946186886,0.0749380063729973,0.0368872322324939,0.0,-0.0373861419358362,-0.0745344497146513,-0.1124178768534062,-0.1503744354442847,-0.1878745338687031,-0.2260130463776353,-0.2644246084409297,-0.3037960754714702,-0.3427779178509978,-0.3818420438409675,-0.4223666962984631,-0.4638576625357917,-0.5062338908773564,-0.5492597752067684,-0.5928968669399772,-0.6371952088981304,-0.6834206078576862,-0.7315951749477978,-0.7806369004267087,-0.8319510785721103,-0.885797234903198,-0.943682075103126,-1.0029503376138276,-1.066333132672776,-1.1343822031640869,-1.2090839467493253,-1.2908927771047547,-1.3833572853543463,-1.487026555289669,-1.6114793856137888,-1.766610568638849,-1.9802062274193415,-2.3566199005689703,,,,,,,,,,,,,,,,,,,,,,,,,,,,,,,,,,,,,,,,,,,,,,,,,,,,,,,,,,,,,,,,,,,,,,,,,,,,,,,,,,,,,,,,,,,,,,,,,,,,,,,,,,,,,,,,,,,,,,,,,,,,,,,,,,,,,,,,,,,,,,,,,,,,,,,,,,,,,,,,,,,,,,,,,,,,,,,,,,,,,,,
68,2.376009016898748,1.9962527559663743,1.779790612239706,1.623318162665549,1.499061006144456,1.395102597819596,1.304174926055002,1.2215753738997288,1.1478872722546705,1.0779356648252727,1.014443406541882,0.955413430156608,0.8981550766379208,0.8449633416638875,0.7937467540922044,0.7436547634586883,0.6971183979120422,0.6510481128315655,0.6059378548435194,0.5619992017257455,0.519409936402857,0.4779008011759573,0.4373174782406032,0.3970792647374004,0.3576639485509224,0.3185194896731221,0.2797760352836511,0.2417401608996485,0.2039145184364788,0.1663852100375566,0.1291178755234125,0.092724704445077,0.0552100120067981,0.0182488548853303,-0.0185693513774846,-0.0551018145116316,-0.0922615728749031,-0.1294312326510704,-0.1667646764381819,-0.2037080862130321,-0.2415828823365478,-0.2800674692380453,-0.3186094372972094,-0.3571758552143497,-0.395896045155319,-0.4360846690432292,-0.4770081987565496,-0.5189807563650688,-0.5615140057134574,-0.6052417196616381,-0.649054069531133,-0.6950507648899769,-0.7427212497210856,-0.7916525923055768,-0.8423532169909049,-0.896231914294122,-0.9533556161429214,-1.0130602261772346,-1.0758158873576091,-1.1434528679747986,-1.2178097667181988,-1.2997744290019086,-1.39136863927239,-1.4952993389440987,-1.6193789222539143,-1.7733888278117171,-1.986888092099934,-2.3624755390788827,,,,,,,,,,,,,,,,,,,,,,,,,,,,,,,,,,,,,,,,,,,,,,,,,,,,,,,,,,,,,,,,,,,,,,,,,,,,,,,,,,,,,,,,,,,,,,,,,,,,,,,,,,,,,,,,,,,,,,,,,,,,,,,,,,,,,,,,,,,,,,,,,,,,,,,,,,,,,,,,,,,,,,,,,,,,,,,,,,,,,,
69,2.381968940751486,2.003366943772068,1.7864897869376763,1.6307547717241655,1.5069668731076624,1.4032554917553648,1.3130370124061324,1.2302971916785004,1.1566758576172436,1.0877124081207228,1.024124816680726,0.9651223487584072,0.9086552658039584,0.854815772279834,0.804427735224374,0.7546893287083664,0.708117479943251,0.6627810248044894,0.6182113214301305,0.5741065975542239,0.5318335159949836,0.4905162513230308,0.4504469794761663,0.410492434725964,0.3714691980787694,0.3326096870662942,0.2944343464147903,0.256505234343007,0.2194230014939811,0.1821037769327474,0.1454062144974393,0.1092199112357683,0.0725696808949582,0.0361232542413053,0.0,-0.036580375845829,-0.0726919072692561,-0.1089164983202674,-0.1463808460332814,-0.1826577931446587,-0.2195127866464675,-0.2569984710153418,-0.2951816721327222,-0.3330497062241526,-0.3711144627334274,-0.4095376108944762,-0.4497196333974579,-0.4900001790702638,-0.5317138201253268,-0.5740903634186818,-0.6171651737968866,-0.6605969755371989,-0.7063762533968128,-0.7535049490895651,-0.8023422789206672,-0.8526698910358611,-0.9067616837804016,-0.963426566760808,-1.0228823709931585,-1.0851407596125957,-1.1527599284718923,-1.2266945462351395,-1.3082008777262724,-1.399298348635106,-1.503577380733989,-1.6270619047348298,-1.7804516334449272,-1.9930177070743404,-2.367068274243252,,,,,,,,,,,,,,,,,,,,,,,,,,,,,,,,,,,,,,,,,,,,,,,,,,,,,,,,,,,,,,,,,,,,,,,,,,,,,,,,,,,,,,,,,,,,,,,,,,,,,,,,,,,,,,,,,,,,,,,,,,,,,,,,,,,,,,,,,,,,,,,,,,,,,,,,,,,,,,,,,,,,,,,,,,,,,,,,,,,,,
70,2.387304178311473,2.009622802318785,1.7933006541673115,1.6378308002348374,1.5136403470073088,1.4112020791766793,1.3210894501099415,1.2386424577464925,1.1650051668915178,1.0966571135615308,1.0330584889214554,0.974736216216605,0.9185271186654008,0.8651161626049496,0.8147194761454072,0.7653479556403359,0.7188047695679219,0.6736093325333211,0.6299446350901066,0.585933912551138,0.5439687909133621,0.5029799455690521,0.462810796915487,0.4235166558428527,0.3849749908719473,0.3463258770070423,0.308588733477306,0.2711837472867893,0.2342804639119684,0.1974564681842221,0.1611404527264594,0.1252470441298274,0.0892817598443914,0.0534696423564847,0.0175578557080356,-0.0186024179900043,-0.0541690288530091,-0.0898464187327746,-0.1257722618412555,-0.1624225137955937,-0.1983243761688817,-0.2350432968975281,-0.2720407248535842,-0.3092546787084658,-0.3471320241709241,-0.3848600439837676,-0.4229188481541957,-0.4627644642588485,-0.5028004337917193,-0.5439023967214436,-0.5858133002568753,-0.6284401370667175,-0.6719909931335778,-0.7176710342869456,-0.7644458931971069,-0.813138268246537,-0.8635620216208103,-0.9166430670449413,-0.9734803271059292,-1.0317265382970868,-1.0943089866759188,-1.1617018115777704,-1.2356096549409863,-1.3168710824925844,-1.407000904917489,-1.5110131517198582,-1.6341277957668978,-1.7874554684021189,-1.9993383759767225,-2.37203429554533,,,,,,,,,,,,,,,,,,,,,,,,,,,,,,,,,,,,,,,,,,,,,,,,,,,,,,,,,,,,,,,,,,,,,,,,,,,,,,,,,,,,,,,,,,,,,,,,,,,,,,,,,,,,,,,,,,,,,,,,,,,,,,,,,,,,,,,,,,,,,,,,,,,,,,,,,,,,,,,,,,,,,,,,,,,,,,,,,,,,
71,2.392386898553928,2.0156842778349677,1.8000870431716167,1.6444134685293612,1.5209900629620343,1.4189123798110843,1.328763514178018,1.2477318381454998,1.1736303727089046,1.1055457456108748,1.0423038974209198,0.9843928925045176,0.928180005025758,0.8751599855824806,0.8247335567689159,0.7758396871779285,0.7296638351386623,0.6848360222828521,0.641170969595377,0.5980139454838493,0.5563764654273151,0.5152594774296148,0.4754839105381688,0.4361104580902422,0.3982097873629291,0.3603702262549503,0.3223642376428275,0.2851222291574539,0.2488254425488345,0.2126615563225919,0.1766840659288768,0.1413135005406,0.1057316069990157,0.0703171633090502,0.0347990816348568,0.0,-0.0360187311613346,-0.0710677218855693,-0.1061915406458745,-0.1420758374647726,-0.1777993398105209,-0.2138450246084942,-0.249742608334391,-0.2867911552056217,-0.3235454741647269,-0.3606549770752496,-0.3984084168891987,-0.4363741906062228,-0.4756239595565356,-0.515370618202751,-0.5564081297770211,-0.5977919299462426,-0.6399711861938152,-0.6833022080738131,-0.7288687498330347,-0.7751461882345805,-0.8239021804995049,-0.8734554110859082,-0.9268685760470644,-0.98287221844504,-1.0407693201865258,-1.1032356936993877,-1.17113092391087,-1.243877002818523,-1.3249275207795173,-1.414751229180213,-1.5185192357340205,-1.6409911403603932,-1.7940531670158566,-2.005187707373723,-2.37774885325016,,,,,,,,,,,,,,,,,,,,,,,,,,,,,,,,,,,,,,,,,,,,,,,,,,,,,,,,,,,,,,,,,,,,,,,,,,,,,,,,,,,,,,,,,,,,,,,,,,,,,,,,,,,,,,,,,,,,,,,,,,,,,,,,,,,,,,,,,,,,,,,,,,,,,,,,,,,,,,,,,,,,,,,,,,,,,,,,,,,
72,2.39844704133676,2.021730619506755,1.8073092444045469,1.6517771514108517,1.527899631188678,1.4265074962696005,1.336586081717361,1.2560788978530777,1.1822540569310818,1.1143402880929034,1.0512986917631209,0.9932205998470632,0.9376276496423704,0.8847610134041879,0.8346468241797232,0.7862856940641555,0.7400473227755631,0.6955570893932522,0.6524903417229138,0.6095071246391741,0.5679267852760954,0.5271247318975687,0.4879367351752646,0.4487588324336703,0.410887955731395,0.3736236600251687,0.3360648909952809,0.299291291396644,0.2631182488482007,0.2273784180227147,0.1918650363661704,0.1569650065247551,0.1217357685922338,0.0871404332268351,0.0513763838214128,0.0169414127388866,-0.0182218532059756,-0.0527018395800741,-0.0873832104505255,-0.1221940744879912,-0.1575118810746225,-0.1927978368662714,-0.2288164374782262,-0.2642857797522392,-0.3007972505215545,-0.3370638296653584,-0.3739504871485412,-0.4110640253007392,-0.4494022463107813,-0.4878966173793859,-0.5276133727687342,-0.5679722749225725,-0.6094669571958383,-0.6508961824242482,-0.6943686510846766,-0.7394620657007158,-0.785508173822552,-0.8334420854727427,-0.8837509035764751,-0.9363246416827684,-0.9918987605288128,-1.0497934938684763,-1.1120637553607406,-1.1793430842652857,-1.2523071761321702,-1.3327788512443222,-1.422408241601787,-1.5253841938626784,-1.647192047177752,-1.7999218747016943,-2.010586584654172,-2.382703942907157,,,,,,,,,,,,,,,,,,,,,,,,,,,,,,,,,,,,,,,,,,,,,,,,,,,,,,,,,,,,,,,,,,,,,,,,,,,,,,,,,,,,,,,,,,,,,,,,,,,,,,,,,,,,,,,,,,,,,,,,,,,,,,,,,,,,,,,,,,,,,,,,,,,,,,,,,,,,,,,,,,,,,,,,,,,,,,,,,,
73,2.4048575442210973,2.028083192526318,1.8144594195648864,1.6592233700973795,1.535443449101056,1.434220900555789,1.344446561339228,1.2644946240768695,1.190979005879963,1.1230497345345385,1.0607402072264738,1.0026060739645135,0.9474398605502428,0.8950635409105216,0.8445983875493299,0.7964157941241168,0.7506281249029143,0.7065487607766803,0.66381128540172,0.6211850838292444,0.5795047782431999,0.5394508864547399,0.4999568056051444,0.4615248583752729,0.4236981691690017,0.3868664674193204,0.3496428831749519,0.3133099072236877,0.2775084848638594,0.2421420044104381,0.206772612630283,0.1719526806119543,0.1374422423435879,0.103468943549312,0.0682227463415929,0.0336598241410103,0.0,-0.0349629386582827,-0.069005197384928,-0.1032328372539569,-0.137734696538141,-0.1729770473429479,-0.2078425242664249,-0.2428557083361861,-0.2783904317106039,-0.3146031323994653,-0.3504177378902793,-0.3869715755084324,-0.4240882701921805,-0.4616048320538349,-0.500159961993257,-0.539219914463947,-0.5796609661128174,-0.6207326710638124,-0.6618655491250015,-0.7051487215100452,-0.749452084529444,-0.7955136453847115,-0.8430923233444437,-0.8929854602040649,-0.9454961563288558,-1.0006370458185512,-1.0583805626467426,-1.1204371229230934,-1.1879373305435077,-1.2604703743529206,-1.3406151919807363,-1.4296160645873914,-1.5327815896623735,-1.6542068084683546,-1.806245144907805,-2.016074145578452,-2.3884367866857272,,,,,,,,,,,,,,,,,,,,,,,,,,,,,,,,,,,,,,,,,,,,,,,,,,,,,,,,,,,,,,,,,,,,,,,,,,,,,,,,,,,,,,,,,,,,,,,,,,,,,,,,,,,,,,,,,,,,,,,,,,,,,,,,,,,,,,,,,,,,,,,,,,,,,,,,,,,,,,,,,,,,,,,,,,,,,,,,,
74,2.410122658420376,2.03407301468417,1.821291655503608,1.6664555763847329,1.54327341467332,1.4420365197984266,1.3520758268763406,1.2728553756196952,1.1996392723233245,1.1320089222468497,1.069342236297354,1.0112163454171497,0.9564499526567652,0.9048635120424302,0.8543799139507572,0.8063388795094368,0.7608156581359145,0.7169802779421527,0.6744481668103794,0.6323963357737697,0.5910731656683199,0.5511796387855248,0.5120095560359121,0.4736382572429303,0.4362352605380679,0.3994126057897338,0.3627707639873254,0.3265691849106947,0.2912170912201609,0.2562826823472013,0.2213866576791753,0.1865299137517272,0.1528036915723195,0.1187686867380388,0.0846201825056626,0.0501251481590189,0.0165506996930485,-0.0172116564888656,-0.0513694716699941,-0.0849276967214417,-0.1186619607162563,-0.1534511004403392,-0.1879325165020074,-0.2224570107735911,-0.2570158674387552,-0.2923597976773979,-0.3277549007927306,-0.363612701494414,-0.3999969749658018,-0.4366504762024485,-0.4738774967451856,-0.5123619702027582,-0.5505354588297701,-0.5911018762506919,-0.6318626233912663,-0.6726817302750571,-0.7153919818225073,-0.7599290874054646,-0.8054785042600557,-0.8527017823425327,-0.9026460223883797,-0.954520885570855,-1.009583880998486,-1.067040438837251,-1.1289998506995005,-1.1957592477905754,-1.268284165090689,-1.3475740562106076,-1.437098593933478,-1.539577552571616,-1.6604632921296678,-1.8122890161735128,-2.021851496138256,-2.393712963861487,,,,,,,,,,,,,,,,,,,,,,,,,,,,,,,,,,,,,,,,,,,,,,,,,,,,,,,,,,,,,,,,,,,,,,,,,,,,,,,,,,,,,,,,,,,,,,,,,,,,,,,,,,,,,,,,,,,,,,,,,,,,,,,,,,,,,,,,,,,,,,,,,,,,,,,,,,,,,,,,,,,,,,,,,,,,,,,,
75,2.415352240916691,2.0389687981529785,1.82719085723972,1.673244366525704,1.5504689942641017,1.4493811977676336,1.359992534010486,1.2809689470838683,1.2077805451652377,1.1407010060621066,1.0779836163083911,1.020218806462765,0.9658284927693364,0.9142384491623912,0.8643870124205407,0.8165324917572606,0.7711570154265309,0.7273641922999077,0.6856024700337614,0.643512453740621,0.6029117332197075,0.563046833447954,0.5243411249605049,0.4857597928833689,0.4488667189772281,0.4124310338192112,0.3758742986646618,0.3403120316747486,0.3046986090960908,0.2702305433119509,0.2359448047980794,0.2014829033255971,0.1675481081606612,0.1344325101571074,0.1005982483465754,0.0665835705322554,0.0332377420031609,0.0,-0.0333161774084596,-0.0668320942183462,-0.1003630382740175,-0.1338791664328428,-0.1680233633693587,-0.202216001044566,-0.2361281058119031,-0.2703180487983752,-0.3055829838883807,-0.3408723106900141,-0.3757443061464525,-0.412328978894777,-0.4486116073159275,-0.4856292009131807,-0.5235733237864912,-0.5618881282214431,-0.601875594431961,-0.642049721765065,-0.6831419344934168,-0.7257436126330713,-0.7695236703164711,-0.8150507099846056,-0.8620912852602578,-0.9117899340936094,-0.9627001421492716,-1.0179077232674043,-1.075105759440394,-1.137044415259972,-1.2036476752631418,-1.2755081447290149,-1.3545943456290443,-1.4440586004507112,-1.5462709935000836,-1.666215622272461,-1.817839907616231,-2.026503185708815,-2.3981037086276147,,,,,,,,,,,,,,,,,,,,,,,,,,,,,,,,,,,,,,,,,,,,,,,,,,,,,,,,,,,,,,,,,,,,,,,,,,,,,,,,,,,,,,,,,,,,,,,,,,,,,,,,,,,,,,,,,,,,,,,,,,,,,,,,,,,,,,,,,,,,,,,,,,,,,,,,,,,,,,,,,,,,,,,,,,,,,,,
76,2.4203629637631465,2.04484150896717,1.8338483338781315,1.6803838602833927,1.5579237702506037,1.4571095398075005,1.367986696316719,1.289073919364793,1.2155674333196858,1.1489276987490902,1.08696871378702,1.0287343683133754,0.9743025252816953,0.9233358524194268,0.8737238688844349,0.8258073867800404,0.7809945704934719,0.7376281369454313,0.6955676685979323,0.6541083644612549,0.6140824454558261,0.5742961699340969,0.5357855783992128,0.497998999996843,0.4609294145652695,0.4247533687003381,0.3886498848597423,0.3528790748083233,0.3176581378437204,0.283472343809452,0.2494469711802189,0.2157300119654722,0.1818939237822149,0.1491710248190831,0.115925800649524,0.0827665595967215,0.0493399275595663,0.0167728355645666,-0.0163172582398407,-0.0497580444834241,-0.0822697062573823,-0.1153685071074695,-0.1484757091095884,-0.1824958286152675,-0.2163694735214441,-0.2498770218783071,-0.2836782813391219,-0.3185716123990096,-0.3535511632379927,-0.3884194487821747,-0.4244598077627031,-0.4607079616757565,-0.4972338851507509,-0.5353753045385113,-0.5731125648356706,-0.6127640992777451,-0.6524275038641334,-0.6933304562310095,-0.735898420753275,-0.7792745689911637,-0.8241727781078682,-0.8711299767067154,-0.9207094810502472,-0.9715416673482568,-1.0264460706917031,-1.0835275140143237,-1.1455972077175134,-1.211686005366306,-1.2834428890979788,-1.362330790842556,-1.4512797109803064,-1.553027587938579,-1.672805258200895,-1.8240896004653395,-2.0320011744709747,-2.402602671127426,,,,,,,,,,,,,,,,,,,,,,,,,,,,,,,,,,,,,,,,,,,,,,,,,,,,,,,,,,,,,,,,,,,,,,,,,,,,,,,,,,,,,,,,,,,,,,,,,,,,,,,,,,,,,,,,,,,,,,,,,,,,,,,,,,,,,,,,,,,,,,,,,,,,,,,,,,,,,,,,,,,,,,,,,,,,,,
77,2.4259668480199155,2.05046415885188,1.8396474182711344,1.686324376657471,1.564869526848114,1.4635131313823753,1.3752681370883355,1.29639780220482,1.2229645250027024,1.1568852304772637,1.0949619177174232,1.036940697745174,0.9826347385670856,0.9322245992771458,0.8826541945335244,0.8350790479280639,0.7905139993657649,0.7473628715756667,0.705754101760799,0.6641988921517125,0.624920926066728,0.5852768462344454,0.5468966003369388,0.5093991692042276,0.4723507344362357,0.4364311260467953,0.4009734241196636,0.3654706830824702,0.3306625286907902,0.2965484726965414,0.2624947177177923,0.2295457349748019,0.1958966219244159,0.1635766324086743,0.1304720725521222,0.0980507043891321,0.0653266062492763,0.0326975631224402,0.0,-0.0324669739521201,-0.0651820058118818,-0.0974839750386038,-0.1301762600153556,-0.1634718615814057,-0.1966288216186893,-0.2301358184598406,-0.2636256543529792,-0.2971764342894216,-0.3320083646037849,-0.3662348290471204,-0.4012001502903051,-0.4364311817117842,-0.4726814354417823,-0.5090599992841337,-0.5469442829986401,-0.584762240527115,-0.623705267524958,-0.663460707271631,-0.703795242383907,-0.7459217709151722,-0.7892559966993012,-0.8337454867792894,-0.8806258248186112,-0.9298098474364028,-0.9804999611145084,-1.035175669828606,-1.0922305933462595,-1.1538775297335455,-1.2199580615587484,-1.2911279804701057,-1.369869838789701,-1.4586930214651423,-1.559916434777277,-1.6791988331318028,-1.8299083232696645,-2.0382305832750816,-2.4080028829955453,,,,,,,,,,,,,,,,,,,,,,,,,,,,,,,,,,,,,,,,,,,,,,,,,,,,,,,,,,,,,,,,,,,,,,,,,,,,,,,,,,,,,,,,,,,,,,,,,,,,,,,,,,,,,,,,,,,,,,,,,,,,,,,,,,,,,,,,,,,,,,,,,,,,,,,,,,,,,,,,,,,,,,,,,,,,,
78,2.4303273297720387,2.055912201676351,1.845904484535542,1.6925075755528969,1.5710337921840858,1.4703831681484671,1.3822683468164656,1.3038461013899678,1.2305156677912643,1.1646521005373358,1.1031024365544022,1.0448891739326207,0.991033614897143,0.940929878907214,0.8917299804465177,0.8447756111722028,0.7997514337408175,0.756842995088771,0.7156101802575151,0.6743540507722285,0.6352571935698638,0.5962841061447438,0.5581475369494688,0.5204840947130546,0.484363949944669,0.4482607635715515,0.4129098212820428,0.3775223756665349,0.343263076889719,0.3091871984946248,0.2755237341175578,0.2428149852005181,0.2099207655172621,0.1775095071653764,0.1450690503692873,0.1125531954826626,0.0804987720903887,0.0480427338863662,0.01611173753992,-0.0160183472450352,-0.0484404717067497,-0.0803910586723766,-0.1124452859086459,-0.1448907591718766,-0.1779471275499126,-0.2103214408682432,-0.243408721043098,-0.2771416819776188,-0.3103135420256844,-0.3444446475626926,-0.3785649950445756,-0.4131633871377109,-0.4483490388142366,-0.4838613843673092,-0.5202550538520964,-0.5578115639585894,-0.5955200147959993,-0.6338783743310096,-0.6732786526151748,-0.7134770893675018,-0.7556215722305258,-0.7986832571052094,-0.8430991512326271,-0.8896437485546379,-0.9383576456446318,-0.9889638177643026,-1.0431992946532236,-1.1000973970516676,-1.1617498811500555,-1.2276090546411889,-1.298964475467265,-1.3768572731299886,-1.465309755579284,-1.5666424761195117,-1.6854900339229126,-1.8359160622679915,-2.0434298030315463,-2.4117173949187447,,,,,,,,,,,,,,,,,,,,,,,,,,,,,,,,,,,,,,,,,,,,,,,,,,,,,,,,,,,,,,,,,,,,,,,,,,,,,,,,,,,,,,,,,,,,,,,,,,,,,,,,,,,,,,,,,,,,,,,,,,,,,,,,,,,,,,,,,,,,,,,,,,,,,,,,,,,,,,,,,,,,,,,,,,,,
79,2.43540948892984,2.06091072375357,1.8515568861210563,1.6990476606993026,1.5772861896534576,1.477439983071554,1.389805524969053,1.3113106954423783,1.2385599046932083,1.1723488621659712,1.1113958993005366,1.0536151505813591,0.9993506169006068,0.9495896091856624,0.9006427939530005,0.8539854078756433,0.809384918926936,0.7664952287005006,0.7253173429044845,0.6845440224516826,0.6452498115604023,0.607158936820956,0.5689545966821831,0.53130829273643,0.495573096358403,0.4598604239977519,0.4251072078935661,0.39015928502734,0.355848366267101,0.3219172265839646,0.288420998915671,0.2558929702967973,0.2232873505212516,0.1912445597302848,0.1591774275120616,0.1270557368580669,0.0952848949131226,0.0635684666583065,0.0320687114883568,0.0,-0.0316513046120595,-0.0635476031760134,-0.0950575205474571,-0.1269846319378861,-0.1591025954155742,-0.1917259921280913,-0.2239350780241491,-0.2568640741541187,-0.2899073018311353,-0.3231848686620108,-0.3567142775753479,-0.3907276772313462,-0.4250273151163583,-0.4600179540936476,-0.4950386908599009,-0.5311783663419534,-0.5685913040128073,-0.606286801293854,-0.6442917789190856,-0.6828609334976687,-0.7231365044930455,-0.7651859672548037,-0.8077445267120608,-0.8516667629285842,-0.8981567167203657,-0.9466233699072067,-0.9971159356723536,-1.0509384685171694,-1.1080432844616048,-1.1692777205155134,-1.234808755513432,-1.3060944949155011,-1.383497692560154,-1.4722205520484133,-1.572803473079043,-1.691219505893044,-1.8412017345165943,-2.048013090333976,-2.416420131455114,,,,,,,,,,,,,,,,,,,,,,,,,,,,,,,,,,,,,,,,,,,,,,,,,,,,,,,,,,,,,,,,,,,,,,,,,,,,,,,,,,,,,,,,,,,,,,,,,,,,,,,,,,,,,,,,,,,,,,,,,,,,,,,,,,,,,,,,,,,,,,,,,,,,,,,,,,,,,,,,,,,,,,,,,,,
80,2.440062688834853,2.065562035500255,1.856616466914754,1.704756963494949,1.5835148063740645,1.4839498030599674,1.3965052066046446,1.3183077771632432,1.2462120956635707,1.1796455757285418,1.1191634813112916,1.061852728342924,1.0075300373245395,0.9580230079715528,0.909579577347514,0.8626563018236986,0.8184893544961397,0.7757238679650469,0.7348280090715672,0.6948100315231948,0.6552721927149869,0.617547808854594,0.579727365792228,0.5424389073337146,0.5064604422657738,0.4711200197373938,0.4370723389919078,0.402379406534937,0.3682676046661838,0.3343427454745213,0.3010235569612299,0.2685432779025667,0.2360712247198491,0.2042005797900042,0.172871498703566,0.1412270863074679,0.1096735863038478,0.0780561622323093,0.0468385556859508,0.015958277553274,-0.0158228366774803,-0.0471176567439708,-0.0785632566585534,-0.1096070580870076,-0.141142282991959,-0.1732301385118305,-0.2049782847625131,-0.2373080037664969,-0.2697607612421401,-0.3022692517586658,-0.3354124265318338,-0.3690258355608835,-0.4022989052450878,-0.4362707317484582,-0.4711209966656212,-0.5062725035406872,-0.5419993715328266,-0.5790251974899393,-0.6161888139482129,-0.653850293896089,-0.692474229647506,-0.7324048011480734,-0.7744421436919898,-0.8164429138052539,-0.8607119432053784,-0.9065728435092324,-0.9550877492833296,-1.0052303692126443,-1.0588502572996032,-1.1164777362694052,-1.1766147428393734,-1.2423896595179296,-1.3128997129688686,-1.3908458613717951,-1.478915038913193,-1.57978520577312,-1.6974632957809266,-1.8474519090705337,-2.053575167257202,-2.421106136058218,,,,,,,,,,,,,,,,,,,,,,,,,,,,,,,,,,,,,,,,,,,,,,,,,,,,,,,,,,,,,,,,,,,,,,,,,,,,,,,,,,,,,,,,,,,,,,,,,,,,,,,,,,,,,,,,,,,,,,,,,,,,,,,,,,,,,,,,,,,,,,,,,,,,,,,,,,,,,,,,,,,,,,,,,,
81,2.443736714000033,2.070812953149119,1.8618015137313504,1.7105572268111044,1.5896279230913155,1.4903612500000287,1.4032870138197937,1.3251418432753603,1.2539387330586156,1.1872593216973963,1.1265222550355474,1.0695687801981082,1.015469025346811,0.9656134087197744,0.9180291218049424,0.871195133349669,0.8268188900386042,0.784309861911041,0.7434501420437684,0.7038499443241835,0.6647946126003852,0.6268573864826823,0.5896535234130961,0.552685134399004,0.5169564339136975,0.4816963946481923,0.4477948051698387,0.4136137698002295,0.3797094626114592,0.3463403240131244,0.3129115408021254,0.2808830072964852,0.2487600970300156,0.2171215285200755,0.1859049910598969,0.1549505065684199,0.1234283371957032,0.0922186418084648,0.0612411045161607,0.0305412253206251,0.0,-0.0312930397436471,-0.0624416330257331,-0.0933675026936436,-0.1241597808926206,-0.1553202553593238,-0.1870141646151721,-0.218488273848678,-0.2503857456519919,-0.2828789347765526,-0.31485727315176,-0.3482787367341768,-0.3810573829357478,-0.4139106122214773,-0.4474877301509729,-0.4823000184302403,-0.5174358199805116,-0.5527457772287,-0.5894533597889261,-0.6263015445665046,-0.6639574822591813,-0.7020746650108264,-0.7420864067499874,-0.7836273298274841,-0.8252514717043412,-0.8693583976503012,-0.9153524349160383,-0.9638022856013776,-1.013737873499699,-1.0671515778504943,-1.1243625180296144,-1.184124121059701,-1.249674769220892,-1.3198002702015696,-1.39748288736496,-1.4853912699395195,-1.5858079144897377,-1.703392983757469,-1.8530915382343824,-2.0581447744195853,-2.426458396920198,,,,,,,,,,,,,,,,,,,,,,,,,,,,,,,,,,,,,,,,,,,,,,,,,,,,,,,,,,,,,,,,,,,,,,,,,,,,,,,,,,,,,,,,,,,,,,,,,,,,,,,,,,,,,,,,,,,,,,,,,,,,,,,,,,,,,,,,,,,,,,,,,,,,,,,,,,,,,,,,,,,,,,,,,
82,2.447389741537637,2.0758080394107963,1.8671423114938563,1.7165755645002123,1.59620602989684,1.4972328969214188,1.410304632080841,1.3327554286838277,1.261488217867229,1.1953726583250472,1.1350507628590767,1.0780934261986024,1.024060165147013,0.974280359275728,0.926689765010465,0.8803845857363185,0.8358074408226727,0.7937184049345656,0.7529681204140398,0.7136173799460861,0.6749688179899841,0.6368358978866816,0.6001525059411575,0.5632248789693617,0.5279797511903244,0.4924467662134048,0.4589100384405243,0.4251569269998486,0.3914033687664904,0.3583228422929842,0.325825645231934,0.2933001509623695,0.2615219865579709,0.2299642078023344,0.1991861122718906,0.1684940611558085,0.1377243858295835,0.1067992652961826,0.0760760006310408,0.045184735380939,0.014979941687508,-0.0156248218589758,-0.0463636632982703,-0.0770364117112546,-0.1073624840282266,-0.138194749064836,-0.1689661687430512,-0.2004347115061975,-0.2315229831570964,-0.2634670809794934,-0.2950189825718081,-0.3272408515544832,-0.3600721121827721,-0.3927382056536593,-0.4251401380686575,-0.4587885688587574,-0.493456978391212,-0.5278932913500883,-0.5634938047692092,-0.5997092195853676,-0.6364994901933987,-0.6735599207349272,-0.7116509699901692,-0.7516911552056398,-0.7926250513653027,-0.8343530639088109,-0.8782499576566086,-0.9239998046087304,-0.9721790002443148,-1.0219099668643374,-1.0754182228232825,-1.1318354757080409,-1.1915834010815065,-1.2567363035574326,-1.3268724965065717,-1.4044171043330411,-1.4913575740486735,-1.5919009453999522,-1.7092091637754776,-1.8582883808724069,-2.0638119920538966,-2.4312620932579607,,,,,,,,,,,,,,,,,,,,,,,,,,,,,,,,,,,,,,,,,,,,,,,,,,,,,,,,,,,,,,,,,,,,,,,,,,,,,,,,,,,,,,,,,,,,,,,,,,,,,,,,,,,,,,,,,,,,,,,,,,,,,,,,,,,,,,,,,,,,,,,,,,,,,,,,,,,,,,,,,,,,,,,,
83,2.451203310584023,2.080118495080589,1.8721007230568083,1.722531492583505,1.6015784757118037,1.5031187810091429,1.4167469854409984,1.3393248541791845,1.2680728472433904,1.2026518255149627,1.1423471983686573,1.085739478340611,1.031796879760925,0.9822813662188936,0.9347737373913344,0.8886191034644042,0.8442519848591852,0.8022929605087867,0.7618668197622807,0.722697498305721,0.6847165145657975,0.6461927529711928,0.609626737974284,0.5733149621838254,0.5379457450378858,0.5031722698045729,0.4694616168478501,0.4361478358564449,0.4025865279477771,0.370011521744982,0.3376753437482994,0.3055119781177536,0.2736599664811192,0.242224216373156,0.2119610544286699,0.181382154256096,0.1510802140264519,0.1205779407029119,0.0903014980235378,0.0597670920285452,0.0297012842117241,0.0,-0.0311047332849139,-0.0609806244480338,-0.0910300169865546,-0.121495136829944,-0.1520617039911435,-0.1830249840518439,-0.213610737300466,-0.2446864761341654,-0.27615291213719,-0.3076473358488345,-0.3394878399582472,-0.3719238105221166,-0.4040784107953498,-0.4363534649689519,-0.4703326909924339,-0.5044619006599403,-0.5388152534834668,-0.5740254300897215,-0.6096685077737655,-0.646264336982277,-0.6832436399066851,-0.7213688972199227,-0.7613703008015454,-0.8014445270813118,-0.8433403016558266,-0.8871825219714025,-0.932788500264764,-0.9806578456263498,-1.0301288928711037,-1.0832466014151532,-1.1394034967395172,-1.1995743561172876,-1.2643286032335108,-1.3338192021741917,-1.4110489333224616,-1.4977409102432384,-1.5980226338786032,-1.7151888806051503,-1.86373430789619,-2.0691935773609456,-2.4356637674702526,,,,,,,,,,,,,,,,,,,,,,,,,,,,,,,,,,,,,,,,,,,,,,,,,,,,,,,,,,,,,,,,,,,,,,,,,,,,,,,,,,,,,,,,,,,,,,,,,,,,,,,,,,,,,,,,,,,,,,,,,,,,,,,,,,,,,,,,,,,,,,,,,,,,,,,,,,,,,,,,,,,,,,,
84,2.4555544824564843,2.085114064693013,1.877392737740426,1.728025238654036,1.6074751431020828,1.509528469557617,1.423306000752955,1.3459461047102017,1.2751773237721546,1.2095798795794046,1.149663749733816,1.0933681213488844,1.0396268852915027,0.99018695624085,0.9426043294234444,0.8968770529537785,0.8528800286052723,0.8110247278845454,0.7708348548750598,0.7318035621566982,0.6940564638082962,0.6557679004451797,0.6192309801717504,0.5833051102906266,0.5483563353027083,0.5137586115580751,0.4802570187076126,0.4468704793817861,0.4139573821133502,0.3813814358019656,0.349385051771663,0.317345026448608,0.2859413720164627,0.2549110163425121,0.2245088487798112,0.1942056255931655,0.1645194059826198,0.1341683956347803,0.1043022706809048,0.07405056851674,0.0442937130240743,0.0143363850149356,-0.0153719507589825,-0.0454335644224055,-0.074965806639677,-0.1050091820963071,-0.1349318465229636,-0.1653475989545916,-0.1956370060337335,-0.2262573910647905,-0.2571138846413311,-0.2882651158875766,-0.319226418305905,-0.3511438298120928,-0.3830400475209441,-0.4150119915585653,-0.4472300452884388,-0.4808568468821732,-0.5147973505910292,-0.5488743320184156,-0.5838923253212089,-0.619319806477925,-0.6554992103770642,-0.6925383520072896,-0.7304328002797941,-0.7702120574995729,-0.8103092791086401,-0.851717170311958,-0.895681433131453,-0.9411666816343234,-0.9884834096521862,-1.037799468440732,-1.091165005398948,-1.1467429810850296,-1.2067698237115918,-1.271010842530531,-1.3404526437287,-1.417383872339305,-1.5041199489125223,-1.6039112661178845,-1.72037871694552,-1.8692635341856425,-2.0744907341332297,-2.4400995397542764,,,,,,,,,,,,,,,,,,,,,,,,,,,,,,,,,,,,,,,,,,,,,,,,,,,,,,,,,,,,,,,,,,,,,,,,,,,,,,,,,,,,,,,,,,,,,,,,,,,,,,,,,,,,,,,,,,,,,,,,,,,,,,,,,,,,,,,,,,,,,,,,,,,,,,,,,,,,,,,,,,,,,,
85,2.459389442577605,2.090457427255843,1.8830888328118496,1.73396757533306,1.6132175251771042,1.5158469400452472,1.4295797064862337,1.3526212780139693,1.2820965090153575,1.2169975611483783,1.1571281761912566,1.1013352665259777,1.0477995650714922,0.9983790822595308,0.9509692009833454,0.905096935935659,0.861354796471433,0.8199655916126685,0.7799343603404192,0.7411168596992805,0.7033514852734041,0.6660376570659033,0.629154375390202,0.5935571319242964,0.558414143687835,0.5240738811310418,0.4905607274950485,0.4577069361012359,0.4251760049207067,0.3925381890426288,0.3609354744571093,0.3294702931314259,0.2979714306086608,0.2670453957052422,0.2369684753200889,0.2067631988741062,0.1774251797913623,0.1476706818869823,0.117716027097515,0.0881337736261608,0.0585257360856943,0.0291292777100696,0.0,-0.0298969054396022,-0.0594533754360178,-0.0888441521428311,-0.1181869816325997,-0.1484551571513536,-0.178316802296223,-0.2087720258966058,-0.23875775057676,-0.2693078130392147,-0.3001226519269657,-0.3312074316102864,-0.3626429220729403,-0.3938761677506306,-0.4258407427204012,-0.4579083899812821,-0.4912165083574971,-0.5249833960802011,-0.5586763933903766,-0.5936747477041828,-0.6289219066572321,-0.6646817663112716,-0.701726603715267,-0.7392469499451457,-0.7785247452511093,-0.8183657248928204,-0.8602433635682945,-0.9039637247391722,-0.9489218498659898,-0.9962174981687424,-1.0454548606432106,-1.0984421246939502,-1.154064362902371,-1.2139156567863991,-1.2781616569835408,-1.3470832779313529,-1.4240523904236204,-1.510456357192116,-1.609846628734032,-1.7261612020897508,-1.8743841574176967,-2.0796286529373127,-2.445165098878573,,,,,,,,,,,,,,,,,,,,,,,,,,,,,,,,,,,,,,,,,,,,,,,,,,,,,,,,,,,,,,,,,,,,,,,,,,,,,,,,,,,,,,,,,,,,,,,,,,,,,,,,,,,,,,,,,,,,,,,,,,,,,,,,,,,,,,,,,,,,,,,,,,,,,,,,,,,,,,,,,,,,,
86,2.463237786563992,2.0949053144573724,1.88793374048575,1.7394676734356649,1.6188171516350558,1.5217277560015925,1.43603614983105,1.3591536297847495,1.2885488607986566,1.224250579935385,1.164529119342168,1.1089275288580052,1.0556954534087304,1.006168591662023,0.9590535755064912,0.9132807560366876,0.8696354126167147,0.8282506940172564,0.788455427103675,0.7496212088688269,0.7120935051701185,0.6750878231543558,0.638818781121416,0.6035305851843079,0.5680727688911684,0.5340738744285666,0.5007479185874673,0.4679202105265416,0.4357991272537898,0.4032942467704521,0.3720973608873169,0.3406847956908358,0.3095797441640004,0.279004752709072,0.2488098820922568,0.2190855878968667,0.1897442818077455,0.1603703577489109,0.1307809392848166,0.1014513121383905,0.072220897175342,0.043096933968994,0.013965224959151,-0.0151718390486441,-0.0444811561330991,-0.0735427701088374,-0.1023234860318658,-0.1316643655344093,-0.1616699418237579,-0.1913701140179309,-0.2210629983349769,-0.2510304499367344,-0.2814332656775125,-0.3118763302401734,-0.3426602589022711,-0.3734808310673561,-0.4049801497088212,-0.4364633240579658,-0.4684238519855687,-0.5018813810264517,-0.53492760261978,-0.5686718841096903,-0.6034473209669217,-0.6384434943906797,-0.673802114396225,-0.7107126815797483,-0.7478425070793068,-0.7872187192850242,-0.8269700140889982,-0.8685607482476826,-0.9120702318318432,-0.95702530457903,-1.004025515080562,-1.0530685413806706,-1.1057270476018723,-1.1609051693611725,-1.2207772054331685,-1.2849090236910394,-1.3536143239113008,-1.4301957976574893,-1.5164309200237582,-1.615429675203356,-1.7314558837093526,-1.8791664711358376,-2.0841747173849847,-2.4499100854785376,,,,,,,,,,,,,,,,,,,,,,,,,,,,,,,,,,,,,,,,,,,,,,,,,,,,,,,,,,,,,,,,,,,,,,,,,,,,,,,,,,,,,,,,,,,,,,,,,,,,,,,,,,,,,,,,,,,,,,,,,,,,,,,,,,,,,,,,,,,,,,,,,,,,,,,,,,,,,,,,,,,,
87,2.467461704339169,2.099734917780161,1.8932267886641905,1.745206357449215,1.625175782806969,1.52741748668662,1.4423822551130363,1.3656062064274177,1.295272916826113,1.2314238106717357,1.171848021108176,1.1162462909012558,1.0631740607816007,1.0139086830609372,0.9667745177094031,0.9214976676886324,0.8780580851533674,0.8365596488312582,0.7972491361629978,0.7582516344401643,0.7209364722969913,0.6841701425739308,0.6481108685781668,0.6129061626168395,0.5780873421511609,0.5440173628960893,0.5107239343445096,0.47791909193309,0.4461328912678173,0.4142061796975473,0.3828211094661625,0.3519515446014868,0.3211608590354519,0.2908060336842202,0.2604679022211196,0.230967244374246,0.2019383063613797,0.1729691079782327,0.1437468394813917,0.1144141855071081,0.0855768251832933,0.0565373634562261,0.0282996344187558,0.0,-0.0296104328726026,-0.0583982247422206,-0.0870055553461777,-0.1154519378967473,-0.1449621185332244,-0.1744812486279763,-0.2040344204067282,-0.2335027803562153,-0.2630309337762777,-0.2932695227853729,-0.3235847376261663,-0.3538610817395559,-0.3845610319692313,-0.4157821243146822,-0.4469046511577415,-0.4791893336670659,-0.5117845059541857,-0.544614384994181,-0.57862659555044,-0.6128138042461907,-0.6475455133157909,-0.6828208864001439,-0.7195036064805725,-0.7565961338771818,-0.7954960133160897,-0.8351546127651546,-0.8767539768734063,-0.9202788735970384,-0.9645771534525164,-1.0113725029792606,-1.0606957448627377,-1.1128310167738933,-1.1681721286072275,-1.2275988345607127,-1.291149893578988,-1.3603316055184609,-1.4363649148490956,-1.5225027771847686,-1.6212055071742766,-1.7369968378061156,-1.884702066625124,-2.0890051475034666,-2.454661030565562,,,,,,,,,,,,,,,,,,,,,,,,,,,,,,,,,,,,,,,,,,,,,,,,,,,,,,,,,,,,,,,,,,,,,,,,,,,,,,,,,,,,,,,,,,,,,,,,,,,,,,,,,,,,,,,,,,,,,,,,,,,,,,,,,,,,,,,,,,,,,,,,,,,,,,,,,,,,,,,,,,,
88,2.4706564853349007,2.1038889610640976,1.8984153518201596,1.750429961779026,1.6306189824431174,1.5329771784344322,1.4480687305410425,1.3718809163752408,1.3016538307366563,1.2381144498133678,1.17901103230356,1.1235725662707643,1.0705759306294629,1.0212336305279976,0.9745893082760132,0.9294755789727028,0.8863616438521768,0.8446661603033466,0.805458421273034,0.7668012075094992,0.7294612733534576,0.693040697506512,0.6572100271610424,0.6221810075580534,0.58765737973107,0.55395225967394,0.520478093992846,0.4878258010256774,0.4563445430639627,0.4247590169681138,0.3935034900271548,0.3626536709274933,0.3324763306530512,0.3022571992235444,0.2723632761040068,0.2427089335408979,0.2140262873820557,0.1851431967358825,0.1565282146165277,0.1277710558894616,0.0990261039479172,0.0703741452502106,0.0422070217351718,0.0136615434766274,-0.0149248388584917,-0.0434946507581306,-0.0719482076374578,-0.1002027684561183,-0.1287983917592173,-0.1577509766703901,-0.1869853531928408,-0.2160769684149283,-0.2454066091170367,-0.2750363585469317,-0.3047646258899219,-0.3347903354585111,-0.3645872536978307,-0.395414245579322,-0.4262052956584928,-0.457082818794392,-0.4893026956460352,-0.5213641179925091,-0.5544723080501129,-0.5878547628263951,-0.6217814809150558,-0.6562843331558238,-0.6916138811017246,-0.727841860498476,-0.7648030005725255,-0.803553982783909,-0.8431843134721209,-0.8847402094417992,-0.9275676568293572,-0.9719491070836306,-1.0188567187150144,-1.067782686605616,-1.1199350596092803,-1.175098389880587,-1.2338958275759289,-1.297518044216944,-1.366648847447865,-1.4422150415360415,-1.5280471174134684,-1.6263249705126466,-1.7423391355346634,-1.889913025418931,-2.0938795160137644,-2.4587402455959806,,,,,,,,,,,,,,,,,,,,,,,,,,,,,,,,,,,,,,,,,,,,,,,,,,,,,,,,,,,,,,,,,,,,,,,,,,,,,,,,,,,,,,,,,,,,,,,,,,,,,,,,,,,,,,,,,,,,,,,,,,,,,,,,,,,,,,,,,,,,,,,,,,,,,,,,,,,,,,,,,,
89,2.4741990170988237,2.1078563053410537,1.90264789013188,1.7553635012097228,1.6365422597103143,1.5385548843933785,1.4537520056329831,1.3775646357842248,1.3081747084266395,1.2445432611843372,1.1860158340474625,1.1301914478068769,1.0777867476019127,1.0288227344563243,0.9821136626148502,0.93744666682859,0.8943918484496955,0.8529200902252262,0.8135993915327514,0.7755602086486638,0.7380289852823732,0.7017665165843159,0.6663851984996779,0.6312933662743464,0.5971198558549417,0.563685090018495,0.5303970357442015,0.4978136131936765,0.4665144187655521,0.4350643269724321,0.4042536899665466,0.373511834166893,0.3433898207263143,0.313348851701033,0.2837814870599675,0.254442042111451,0.225522599305922,0.1974650024038309,0.1687874372070552,0.1404787359842814,0.1120929384984197,0.0838447045496307,0.0555662485083145,0.0274661984713455,0.0,-0.0291243246808771,-0.0572214895646611,-0.0850627103517565,-0.1130993397713922,-0.1417077836635887,-0.1701911714032835,-0.1993141522445445,-0.2280199850148919,-0.2573097999843672,-0.2863352854549514,-0.3158796590873458,-0.3455975097332793,-0.3752723554490297,-0.4059510704748739,-0.4362953124231703,-0.4669473574876288,-0.4991218823476505,-0.5310908064287239,-0.5640860835903367,-0.5967907591342416,-0.6307331898924544,-0.6649982463556456,-0.7001674310143585,-0.73638287752974,-0.7729958639390209,-0.8114517574774898,-0.8513344568609075,-0.8923494640876733,-0.9350726962934128,-0.9791683274441766,-1.0259738929191398,-1.074542809942712,-1.126601647611985,-1.1814034692575524,-1.2402452542997668,-1.303463762371002,-1.3727916235009407,-1.4481655896699934,-1.5337297804327137,-1.6318575590916546,-1.7477864931537197,-1.8950049146160075,-2.0983892213014625,-2.463214496330712,,,,,,,,,,,,,,,,,,,,,,,,,,,,,,,,,,,,,,,,,,,,,,,,,,,,,,,,,,,,,,,,,,,,,,,,,,,,,,,,,,,,,,,,,,,,,,,,,,,,,,,,,,,,,,,,,,,,,,,,,,,,,,,,,,,,,,,,,,,,,,,,,,,,,,,,,,,,,,,,,
90,2.477824700600224,2.112318432483629,1.9078519103564304,1.7609035623717253,1.6421496426030302,1.5439836174726582,1.45983459489807,1.3837331566016933,1.3148459247517654,1.251634997934873,1.1930028928913177,1.137676752408833,1.0852555813704767,1.0362254498196288,0.9896224455752956,0.9449493372813884,0.9024281270906674,0.8613481969177986,0.821925622146231,0.7840603169286756,0.7468748854234145,0.7105069450206023,0.6753819958234317,0.640557122552098,0.6068461746926355,0.5735055251881475,0.5404692083793238,0.5081346860062178,0.4767930711637987,0.4456791848939229,0.414720952114972,0.38454722720358,0.354251387268328,0.3249214212217761,0.2955274102566435,0.2661896111010639,0.2374608537474049,0.2094014061850947,0.1811713853989586,0.153222778485263,0.1250554899867216,0.0969809171022454,0.0691551090331533,0.0413523890671126,0.0135235041180806,-0.0143460287128494,-0.0422638646704453,-0.0702238931751666,-0.0978048682553265,-0.1258482164681151,-0.1538950675750801,-0.1823265629784483,-0.2109953651799216,-0.2398536377805903,-0.2683337465794325,-0.2974335196329698,-0.3261169089573305,-0.3559105028807161,-0.3857899723991118,-0.4160136422787392,-0.4461872267479114,-0.4767432697797254,-0.5085815769775025,-0.5405136523376728,-0.5726974994207246,-0.605738098295109,-0.6391561680427477,-0.6736122560704134,-0.7085894729124576,-0.7444472230772853,-0.7812149439034091,-0.8192342984037561,-0.8590232046358608,-0.9001525803527389,-0.9424047074570672,-0.9865539558109014,-1.0328202882341488,-1.0817815496834144,-1.1332550475627257,-1.187886603623982,-1.2462242685372766,-1.3092680905260694,-1.3786478606775237,-1.4537206695543683,-1.5392350059775102,-1.637221858634354,-1.7526512881581933,-1.8994143678099449,-2.102258519662924,-2.467245848533995,,,,,,,,,,,,,,,,,,,,,,,,,,,,,,,,,,,,,,,,,,,,,,,,,,,,,,,,,,,,,,,,,,,,,,,,,,,,,,,,,,,,,,,,,,,,,,,,,,,,,,,,,,,,,,,,,,,,,,,,,,,,,,,,,,,,,,,,,,,,,,,,,,,,,,,,,,,,,,,,
91,2.4807709860844542,2.116263101349174,1.912098837490863,1.7661341771680503,1.6475856294411704,1.5496343278672555,1.4653814609984064,1.3894014148745375,1.3209271148768191,1.2577175813712254,1.1998133370630686,1.144207124930691,1.0922928077784588,1.0429003816846212,0.996857825395778,0.952747991236904,0.9096045729966052,0.869008657976891,0.8294857866571512,0.7915759037247175,0.7548932814133362,0.7186263434705775,0.6839203443632932,0.6492838839235031,0.6159888928405762,0.5825929759834614,0.5498585172979027,0.5176910632352733,0.4861052903581432,0.4553904417840194,0.4247907662812699,0.3945495277107387,0.3648227425484044,0.3354105882393123,0.3063050873449628,0.2773960713993123,0.2488337533441392,0.2206766855623693,0.1927214701516038,0.1652340117750183,0.1372668230805842,0.1093769674999848,0.0817739332854877,0.054232191477528,0.0266602906762824,0.0,-0.0281598367671282,-0.0559452370512775,-0.0833832945867254,-0.1107677375412346,-0.1384525186224245,-0.1663618289681123,-0.1945839109159483,-0.2232231875690846,-0.2517112768496216,-0.2797089184761576,-0.3086799513420286,-0.3372169021323177,-0.3666828388427436,-0.3965225464963786,-0.4263583882800314,-0.4563307181195206,-0.4871312030458511,-0.5181724934740257,-0.5499817563829195,-0.5820181354404034,-0.6150893662134362,-0.6481045912146876,-0.6825126156943249,-0.7170943191126997,-0.7531639731985424,-0.7895603089851498,-0.8277646845099078,-0.8673065709285182,-0.9077817798562102,-0.950143460349616,-0.9938803597467516,-1.0403722536160702,-1.0888126063635053,-1.1401834986102968,-1.1948397691428752,-1.2528421652614583,-1.315463685651591,-1.3849083030507017,-1.4596199369758815,-1.545249883252251,-1.6427858749943374,-1.7575713324785265,-1.9035165545534884,-2.1065583345821355,-2.47127209747534,,,,,,,,,,,,,,,,,,,,,,,,,,,,,,,,,,,,,,,,,,,,,,,,,,,,,,,,,,,,,,,,,,,,,,,,,,,,,,,,,,,,,,,,,,,,,,,,,,,,,,,,,,,,,,,,,,,,,,,,,,,,,,,,,,,,,,,,,,,,,,,,,,,,,,,,,,,,,,,
92,2.485040626885012,2.121178712847685,1.9171940332472324,1.771044733589654,1.6534623460186493,1.5554600604743114,1.471616180797452,1.395610708306676,1.3273272857781395,1.2644721529800924,1.2064445880393595,1.1509704572306385,1.0992822261494442,1.0503982718020126,1.0040329274638848,0.9600958893856644,0.9171987692215532,0.8767418333860416,0.8374686787401732,0.7997888391094512,0.7634232179573938,0.7272899123218239,0.6924263521357052,0.6582614276763934,0.6248756450423943,0.5919198578801995,0.5595153021923234,0.527145269817052,0.4959014417660154,0.4650588408264535,0.4348576843887858,0.4048446973687623,0.3751959380881335,0.3462186522776828,0.3173313711015162,0.2885207118289887,0.2601498923220912,0.2322606605088037,0.20437679370054,0.1768985036662728,0.1496606983178985,0.1220012834248544,0.0945686002633113,0.0673345154851492,0.0399912127297716,0.0129582796039681,-0.0141526812983477,-0.0415865554411843,-0.0687153145745227,-0.0958317386587473,-0.1230852120537666,-0.1505050987369199,-0.1787424369281881,-0.2066736915729252,-0.2348294828770349,-0.2626378979454121,-0.2905789112928916,-0.3189211794354794,-0.3477906398635251,-0.3770503483501932,-0.4068006449590604,-0.4360078036678171,-0.4658484862220086,-0.4963502973905497,-0.5275702094757456,-0.5588042004005289,-0.5907687681551899,-0.6233180818993964,-0.6565423299609178,-0.6903409773005524,-0.7255478254397234,-0.7610543227657128,-0.7975464656172299,-0.8355246311792495,-0.8748145232071846,-0.9150322739571992,-0.9573897729415494,-1.0007704122955243,-1.047285372041291,-1.0955390286067896,-1.1467747182602548,-1.2011322712293822,-1.2586734606631458,-1.3211495083111235,-1.390319512578443,-1.4649144581509472,-1.5509544715300068,-1.6479745455141892,-1.7620124487860682,-1.907968658335679,-2.1107508815739617,-2.474840362519934,,,,,,,,,,,,,,,,,,,,,,,,,,,,,,,,,,,,,,,,,,,,,,,,,,,,,,,,,,,,,,,,,,,,,,,,,,,,,,,,,,,,,,,,,,,,,,,,,,,,,,,,,,,,,,,,,,,,,,,,,,,,,,,,,,,,,,,,,,,,,,,,,,,,,,,,,,,,,,
93,2.488613114711121,2.125811533619137,1.922118885163248,1.7761058157085696,1.6586630848473605,1.5605254947913905,1.4768666056456927,1.4012369696060138,1.333157622069604,1.2703911327517046,1.213083369020048,1.157501399814177,1.1059180846124168,1.0575508780679732,1.0108999139988102,0.9670028221049316,0.9244766597281948,0.8842571727918587,0.8452640253469099,0.8071425522408127,0.7713316780064295,0.7355879536714828,0.7005975067090617,0.6668867659253064,0.6334102147829328,0.6008799055861755,0.5686974075063663,0.5366943874722675,0.5055003456198591,0.4748826789173632,0.4447238913709559,0.4149300826531545,0.38573011003813,0.3566708638837385,0.3280000212779179,0.2993201797203258,0.2713553525705962,0.2433458781017726,0.2160777225938075,0.1885995316214852,0.1616696955172271,0.1342901612402067,0.1073734856580298,0.0798417042681793,0.0528526310367464,0.026074387601389,0.0,-0.0276522702407898,-0.0548137756952514,-0.0812854301663719,-0.1085634109566149,-0.1353744096258361,-0.1629813357397228,-0.1906757371944193,-0.2185899875302228,-0.2463592594689646,-0.27366449500712,-0.3013851620521821,-0.3300810910546695,-0.3582838025583566,-0.3874625248185996,-0.4164868827370593,-0.4460833401482624,-0.4758463430019689,-0.5058968503012509,-0.5366143962879902,-0.5679754981739416,-0.5996032542662357,-0.6321338155074424,-0.6651758446123522,-0.6989306037256172,-0.7339661676063741,-0.7691483761786818,-0.8056426283285644,-0.843460354040326,-0.8822776993895055,-0.9224709685989236,-0.9646033507171086,-1.007511136865226,-1.0544216736295688,-1.1023256881448458,-1.153282075698524,-1.207332816047288,-1.2651545392895205,-1.3271668263434775,-1.3961565453789864,-1.4707379042952895,-1.5566000127960675,-1.6526153685023917,-1.7667103419542884,-1.9122136819594089,-2.1156763694208847,-2.478588602128056,,,,,,,,,,,,,,,,,,,,,,,,,,,,,,,,,,,,,,,,,,,,,,,,,,,,,,,,,,,,,,,,,,,,,,,,,,,,,,,,,,,,,,,,,,,,,,,,,,,,,,,,,,,,,,,,,,,,,,,,,,,,,,,,,,,,,,,,,,,,,,,,,,,,,,,,,,,,,
94,2.4924850531593803,2.129730365287084,1.9262473195193976,1.7809010936952072,1.6637276701356103,1.5658683885947766,1.482693678477088,1.4069457838335957,1.3389218169076398,1.2762592336013734,1.2191902392466527,1.1642841128643628,1.1130361805627098,1.0648007784294935,1.0175824426492657,0.9737415515656804,0.9319041283599174,0.8916244003245211,0.8526124151512893,0.8152636197403743,0.7792159877664917,0.7436949399512945,0.7090168743403396,0.6752929237018503,0.6418159625264866,0.6097653036557603,0.5777074078675011,0.5462108274812083,0.5150211103089166,0.4842486126982319,0.4542228578993957,0.4248156662302231,0.3957457271827753,0.3669533096191612,0.338536613028586,0.3099612607632209,0.2822619727850879,0.2545753286877066,0.2275538090280108,0.2000312747040098,0.1732877493621062,0.1461581048587987,0.1193905496297459,0.0924054075343329,0.0655483763020298,0.0389974852546553,0.0125202177402802,-0.0137951752476403,-0.040640159795764,-0.0675643453214491,-0.0939164325094365,-0.1208373564358046,-0.1476669767388906,-0.1746615675370708,-0.2022307550804647,-0.2299481971824117,-0.2572972730376967,-0.284611774695073,-0.3120543823829619,-0.3404027325243677,-0.3690678497507934,-0.3976211186159302,-0.4264274511313633,-0.4559671336615609,-0.4854542254355021,-0.5155222679528253,-0.5461191323124166,-0.577136644522012,-0.6085782522590424,-0.6408620338498531,-0.6735617305312436,-0.7073797942385892,-0.7422731255472332,-0.7771671229034905,-0.8136849621961402,-0.8512826769106169,-0.8899739385393128,-0.9302269731990902,-0.9718456461473824,-1.0149260852991493,-1.0611762558108846,-1.1093751534850589,-1.160086774016339,-1.2141689635442596,-1.271609736385954,-1.3341009634368943,-1.4024880920884053,-1.4769128447182698,-1.5624292873281675,-1.658468565377092,-1.7725124061357542,-1.917368161651985,-2.121333849694432,-2.4832341961139464,,,,,,,,,,,,,,,,,,,,,,,,,,,,,,,,,,,,,,,,,,,,,,,,,,,,,,,,,,,,,,,,,,,,,,,,,,,,,,,,,,,,,,,,,,,,,,,,,,,,,,,,,,,,,,,,,,,,,,,,,,,,,,,,,,,,,,,,,,,,,,,,,,,,,,,,,,,,
95,2.497147460299369,2.133655996538621,1.93060188846152,1.7856760812873178,1.6690584155855752,1.5712795507538315,1.4882064173394436,1.4127080751868426,1.344758060594096,1.2822861604892042,1.2252298379741835,1.170677336684938,1.119638826540074,1.0715134065463454,1.0247467419720528,0.9810419075733277,0.939263518088002,0.8991889090824919,0.8601587110652634,0.8227458637345691,0.7868724578344993,0.7520058324445419,0.7173404742781707,0.6835210908975258,0.6505069487172911,0.6185129955536774,0.5864528706591579,0.5552147718167582,0.5242762461401603,0.4936981572756602,0.4640871197961804,0.4346344892158114,0.405620315441964,0.3771685610217565,0.3488965802087228,0.3205398777140058,0.2926561068069114,0.2656171235697855,0.2385311860512758,0.2120674494397683,0.1848814752914897,0.1579508256287976,0.1315004558681989,0.1047573308191544,0.0781492762470861,0.0518445875615209,0.0257998419208622,0.0,-0.0269377203845024,-0.0533620426604758,-0.0801020245728608,-0.1062125048459956,-0.1327670551572676,-0.1595843552014285,-0.1863107619376222,-0.2134947793467233,-0.2409612057538366,-0.268218528795622,-0.2948939600039318,-0.3223623373029096,-0.3506520068433582,-0.3792790398845731,-0.4075609219559194,-0.4362477421755954,-0.4653240148245134,-0.4948004578079362,-0.524568899697202,-0.5552684758916661,-0.5858027392971724,-0.6173540400252948,-0.6491350759360163,-0.6821322224318438,-0.715584218217119,-0.7501888347687296,-0.7846445144081725,-0.8211353787929707,-0.858864028462519,-0.8971039159161964,-0.9375185779779546,-0.978521450253228,-1.0219705855436796,-1.067689788989782,-1.1158827310720798,-1.1659452723331207,-1.22029448004158,-1.277653135685399,-1.3400637414908234,-1.4080616533844736,-1.4820918746706286,-1.5676198017284204,-1.6637064790401497,-1.7779285283765447,-1.9219426226223904,-2.125876225791244,-2.487199805515455,,,,,,,,,,,,,,,,,,,,,,,,,,,,,,,,,,,,,,,,,,,,,,,,,,,,,,,,,,,,,,,,,,,,,,,,,,,,,,,,,,,,,,,,,,,,,,,,,,,,,,,,,,,,,,,,,,,,,,,,,,,,,,,,,,,,,,,,,,,,,,,,,,,,,,,,,,,
96,2.5005903589660776,2.137912856022783,1.934720080490572,1.7901175772131142,1.6738974770522392,1.5763799418706417,1.4935289330039083,1.4182729768904851,1.3504716773962524,1.28806562931697,1.2312106220899597,1.1771482681700371,1.1261514498176275,1.0782690877040075,1.0313920101148468,0.9878582812240568,0.9464204344863976,0.9063412284800384,0.8674931814768831,0.8302037360382889,0.794349022363262,0.7597324788753557,0.7251612926764094,0.6913517120974999,0.6587022677689156,0.6268704013794629,0.5950068698263418,0.5638000866321863,0.5329701812404385,0.5027868573539067,0.4731742216460065,0.4441549614892725,0.4151048230278192,0.3866815653780734,0.3588238713068901,0.3306566425898531,0.3030641348055574,0.2758929555003248,0.2493586478752749,0.2227225156119379,0.1959846537049058,0.169673071191,0.1430497589640116,0.1164596967335521,0.0902143100029334,0.0641024273414808,0.0383149746869634,0.011953116657321,-0.0140823901750951,-0.0399722282490084,-0.0665105032591561,-0.092655435057251,-0.1183683043285237,-0.1448409755904314,-0.1713122035750273,-0.1981373525213276,-0.2249893793021215,-0.2520840084909528,-0.2787706987779473,-0.3056495888660214,-0.3332313943079983,-0.3610522333788823,-0.389316505175093,-0.4174837042191874,-0.4459750446153441,-0.4748838528410718,-0.5041149339639425,-0.5338432226200025,-0.5643489316678478,-0.5947336840360575,-0.6258888472817387,-0.6577889626485784,-0.6907624485205149,-0.7237315467677207,-0.7582373445647709,-0.7921800382706115,-0.8290529814737129,-0.8665072033181094,-0.9046201553761268,-0.9447077470462456,-0.9857084321018936,-1.029030902066964,-1.074593368631393,-1.1226560567531227,-1.1723224590643322,-1.2268877435204295,-1.2838336871666367,-1.3458103361397116,-1.4137171582066097,-1.4876169910119774,-1.5727552506822466,-1.668719302926541,-1.7827142193921868,-1.926693628587691,-2.130641628839752,-2.4909364983372555,,,,,,,,,,,,,,,,,,,,,,,,,,,,,,,,,,,,,,,,,,,,,,,,,,,,,,,,,,,,,,,,,,,,,,,,,,,,,,,,,,,,,,,,,,,,,,,,,,,,,,,,,,,,,,,,,,,,,,,,,,,,,,,,,,,,,,,,,,,,,,,,,,,,,,,,,,
97,2.504496566953819,2.141919498263545,1.9394087066551309,1.7946156574580665,1.678560382787531,1.5817931437882369,1.4984802561856438,1.423347202214482,1.356080932029052,1.2937077938697998,1.2369749259691118,1.1831326765769894,1.132532304693492,1.085038640117599,1.037952275982191,0.9947294284849936,0.9533082045983556,0.9132421515004157,0.8746376948587876,0.8379484191987258,0.801676148627449,0.7673156251508797,0.7330231408857038,0.6992745701063244,0.6667236644670714,0.6352472278670992,0.6033451746895162,0.5725562756081448,0.5420772592462189,0.5118426286884553,0.4823089432594964,0.4535549208965708,0.4249058993913836,0.3964731150059449,0.36872387897934,0.3409764698375422,0.3136632872423969,0.2863663141925789,0.2597021316645696,0.2333752955426401,0.2071325752543596,0.180916101501716,0.1547819774711648,0.128510498359092,0.1022400769577288,0.0764443327256145,0.0507456815139539,0.0248416432381743,0.0,-0.0267818391212666,-0.0526391490553746,-0.0786203504089884,-0.1041588444226247,-0.1301010379556411,-0.1562207480173522,-0.1827684659757563,-0.208941367819907,-0.2358298806635122,-0.2624651147544903,-0.2889662009753947,-0.3159639677959947,-0.342997828899685,-0.3707484848171685,-0.3987878031856355,-0.4266976195186165,-0.4550714156085576,-0.4836048963877545,-0.5128442130831318,-0.5426129568043174,-0.5727935548652462,-0.6030804847530417,-0.6342267053830511,-0.6659666579538601,-0.6982260042325925,-0.7313513707321316,-0.7656093265595351,-0.7997298782462302,-0.8362972657272825,-0.8736489657496115,-0.9116511179633622,-0.9513697365445086,-0.9922456084766657,-1.0352501483008505,-1.081032089764543,-1.1287921812766912,-1.1784195719663164,-1.2326176273955711,-1.2895639728056945,-1.3511976979787097,-1.418927789460486,-1.4931154894074803,-1.578043977131608,-1.6735214095447477,-1.7872779180637737,-1.9315057664004929,-2.134760269427193,-2.495160670543099,,,,,,,,,,,,,,,,,,,,,,,,,,,,,,,,,,,,,,,,,,,,,,,,,,,,,,,,,,,,,,,,,,,,,,,,,,,,,,,,,,,,,,,,,,,,,,,,,,,,,,,,,,,,,,,,,,,,,,,,,,,,,,,,,,,,,,,,,,,,,,,,,,,,,,,,,
98,2.507816119921545,2.1461635803873107,1.9439109636688336,1.7992912251557995,1.683600001889405,1.587141096086779,1.5038503176762947,1.428855552420743,1.3619253980180317,1.299860633832739,1.2430257972057284,1.1893833237217608,1.1390046510099852,1.0918262341631242,1.0449288745867584,1.0016197740166433,0.96040428536631,0.9204415579393104,0.8822029987059569,0.8452631019492463,0.8091579706139269,0.7750602003174303,0.740774442818333,0.7071783486482027,0.6748907333522771,0.6435328709045018,0.6120037022783921,0.5811901282585686,0.5510614875434485,0.5213435694078219,0.4919211213396625,0.4628347318342713,0.4345162584847727,0.4063743139387379,0.3789326542779742,0.3510201893562157,0.3241898066166809,0.2971493695377138,0.2703181966411133,0.244207677043101,0.2183556352028653,0.1921703414806872,0.1660878565424799,0.1405786232376886,0.1141472026539533,0.0887962413714809,0.0633651588919063,0.037603277730205,0.0120728131631772,-0.0136251786486704,-0.038939483279032,-0.0646312011181056,-0.0901205554714485,-0.1157323783105238,-0.1414143812305601,-0.1673611433534441,-0.1937236049492842,-0.2199424472990185,-0.2464822311910832,-0.2726747973106989,-0.2988258527206825,-0.3255294340861839,-0.3525595001623859,-0.3803037392981767,-0.4077110805214592,-0.4359436661892422,-0.4641125300533534,-0.4923513363635484,-0.5215911086590121,-0.5510130438700089,-0.5810996825752831,-0.611067591887554,-0.642180618785344,-0.6738464661078174,-0.7060145369592057,-0.7387826280751937,-0.7732271804490974,-0.8074478637847091,-0.8437698503645242,-0.8805428150163572,-0.9187627647341862,-0.9579878499628448,-0.9990346952400893,-1.0418065702842298,-1.0876350714266094,-1.1352759828403445,-1.1847486401025544,-1.2387140282988545,-1.2951750574659662,-1.3566511017762477,-1.4245656553860666,-1.4987161124591586,-1.5827189892917215,-1.678365131585755,-1.7918978599974649,-1.9359261354718589,-2.139071692895475,-2.4983222584063367,,,,,,,,,,,,,,,,,,,,,,,,,,,,,,,,,,,,,,,,,,,,,,,,,,,,,,,,,,,,,,,,,,,,,,,,,,,,,,,,,,,,,,,,,,,,,,,,,,,,,,,,,,,,,,,,,,,,,,,,,,,,,,,,,,,,,,,,,,,,,,,,,,,,,,,,
99,2.5111293053657957,2.1497751947342376,1.9479432446880247,1.8040600808028435,1.6885224928542342,1.59227787016931,1.5091842534080429,1.4343835873199833,1.36742493275732,1.305520071194593,1.2491452411982829,1.1954428336195655,1.1455466025550267,1.098426760632978,1.0519807673911847,1.0086164684938492,0.9672799970100218,0.927929557957084,0.8892329939891317,0.8525236327537634,0.8165517398016033,0.7824584823279143,0.7484658906810585,0.7150532664169909,0.6825976151857411,0.6513290159763981,0.6204391363820476,0.5894625697741264,0.5598754047644589,0.5301465677322453,0.500783660107814,0.4720679141359121,0.4435649244364832,0.4158268406576332,0.3880605345426528,0.3607073016057645,0.3340845838251365,0.3074686755828361,0.280585841036222,0.2547011201672925,0.2286952889610179,0.202958118859625,0.1771796267732489,0.1517284034521494,0.1259546034384478,0.1005051328022289,0.0750515199359972,0.0498565948006348,0.0246945821278764,0.0,-0.0261833138420634,-0.0513849326649232,-0.0767227300618192,-0.1019605710456022,-0.1273368161674526,-0.1528352069291949,-0.1788785736465783,-0.2046238600284421,-0.2307061646399738,-0.2568988074790222,-0.2829273143658128,-0.3085456032421344,-0.3352507771767611,-0.362837321745704,-0.3897335915837341,-0.4173015250709347,-0.4452981166678606,-0.4730441985134143,-0.5014907118184859,-0.5304582095744296,-0.5594710425445596,-0.5892933413383953,-0.6191909675233466,-0.6503559296673209,-0.6819024415767287,-0.7137338509809101,-0.7466010520775315,-0.780848739127493,-0.8149820962828996,-0.8510985484383234,-0.8877494453900121,-0.9257334531836734,-0.9650683487925474,-1.0059437948968093,-1.048596159363613,-1.0941960205188292,-1.141579607937478,-1.19106903196308,-1.2448718049670862,-1.3014247072767,-1.3624199269576385,-1.4299733122770415,-1.5040754788842632,-1.5876851325929755,-1.6833577837036469,-1.7969704731695908,-1.9406354349272108,-2.143498771486166,-2.5024920237725152,,,,,,,,,,,,,,,,,,,,,,,,,,,,,,,,,,,,,,,,,,,,,,,,,,,,,,,,,,,,,,,,,,,,,,,,,,,,,,,,,,,,,,,,,,,,,,,,,,,,,,,,,,,,,,,,,,,,,,,,,,,,,,,,,,,,,,,,,,,,,,,,,,,,,,,
100,2.5156124633967063,2.153739754410836,1.9521796361467456,1.80825735958492,1.6931603490307578,1.5970947099856083,1.5145482996179789,1.4398386629026632,1.373310454531256,1.3114062261475448,1.2549963542982356,1.2018780651762095,1.1515625103050784,1.1047307312969796,1.0586748791119884,1.0152209362491016,0.9742274983794028,0.9345690008866544,0.896265199343632,0.8596414975263806,0.8237887318018298,0.7898234564466169,0.7559117503628974,0.7229046556475801,0.6904245826660188,0.6590719903181196,0.6285349823240242,0.5980315856287982,0.5680672459895512,0.5390087732068543,0.5096974818490015,0.4809190415576316,0.4527203503410496,0.4251750728607388,0.3973473516260625,0.3702025786153344,0.343661803709225,0.3174110553786426,0.2908280692588734,0.2647232312333659,0.2392957196224007,0.2134752556060708,0.1878239345037118,0.1628020812469037,0.1373961416886112,0.1120895035879099,0.0868270863085378,0.0617366635916221,0.0369420812377174,0.0114665912765392,-0.013683876953395,-0.0386271795627082,-0.0635844822669369,-0.0885396744625645,-0.113629242912102,-0.1388404391942521,-0.1644719444013174,-0.1898632616729462,-0.2154840484966116,-0.2414248897387228,-0.267356883776566,-0.2928123776882534,-0.3187774714704962,-0.3460560211420233,-0.3726718806003772,-0.399354644450896,-0.4271165737678167,-0.4545897426492495,-0.4819318592494408,-0.5103591422648202,-0.5390367653359672,-0.5681613471743847,-0.5979113212252728,-0.6278011725252782,-0.6585405000286586,-0.689779434399312,-0.721375022230745,-0.7544068750296111,-0.788114596577492,-0.8222413053481394,-0.8583764956535093,-0.8948651636050208,-0.9324828210134448,-0.9718018751792976,-1.012517266980456,-1.0553287355760304,-1.1002533779879895,-1.1477122963526094,-1.19730558682699,-1.2508634542245722,-1.3072816052794434,-1.368478477350048,-1.4354117162015163,-1.5093286761973697,-1.5926421507167563,-1.6882611924947988,-1.8019283012084013,-1.945081842715839,-2.147713348068549,-2.5057493369164434,,,,,,,,,,,,,,,,,,,,,,,,,,,,,,,,,,,,,,,,,,,,,,,,,,,,,,,,,,,,,,,,,,,,,,,,,,,,,,,,,,,,,,,,,,,,,,,,,,,,,,,,,,,,,,,,,,,,,,,,,,,,,,,,,,,,,,,,,,,,,,,,,,,,,,
101,2.5190145856656017,2.1572380894620946,1.9562294636846669,1.812489615119336,1.6981756960157193,1.6019808706010703,1.519449131978727,1.4451267043054914,1.378832324729231,1.3166990933427536,1.260753651129518,1.2076078769246763,1.1575884260742957,1.110771519778668,1.06480439954141,1.0215327432924344,0.9806350674176056,0.9412640369202928,0.9031153163171534,0.8666507102748863,0.8308090124630518,0.7969348570601894,0.7631263454764423,0.7304829103715201,0.6984148277771633,0.6670864803818378,0.6362247285011426,0.6064086835885011,0.5763819788860565,0.547401323757191,0.5187065810711049,0.4896821000257921,0.4620213713133929,0.4344018578963687,0.4073058174644635,0.3796757627776677,0.353298435501455,0.3271540422406274,0.3011332048284871,0.2750034312977599,0.249602125984508,0.2241649181466873,0.1985545033323145,0.1735855544830603,0.1489605303549199,0.1235711649918367,0.0986123363446429,0.0737116408100015,0.0490321151476236,0.0240332275589943,0.0,-0.0258497891490196,-0.0504905623973507,-0.0750134990583399,-0.1000689715372381,-0.124847527060624,-0.1502152180415841,-0.1752227944254669,-0.2004011462068673,-0.2259337499514813,-0.2516054579419168,-0.2772860875916799,-0.3025847802491903,-0.3288914778727702,-0.3555635330225303,-0.3821112811579877,-0.4087888507588086,-0.4362360949614051,-0.4633974825414874,-0.4907769475206908,-0.5186873833317492,-0.5475378816436277,-0.576405183864616,-0.6060060354339275,-0.6358018553591325,-0.6663612477106317,-0.6972242451261494,-0.7290040657157651,-0.7617182817653887,-0.7952845897659246,-0.8293292705972359,-0.8655874161929685,-0.901686853677571,-0.9392881324859096,-0.978199405114768,-1.019036257160017,-1.061710350361815,-1.1063935083390726,-1.1538874519735738,-1.2032240992814671,-1.2565864119955228,-1.312762627253888,-1.373953779181628,-1.4405304441203377,-1.51436626257628,-1.5970090832200627,-1.6928193428557825,-1.8063696889026009,-1.949856611638007,-2.1510220092412777,-2.5093009818974163,,,,,,,,,,,,,,,,,,,,,,,,,,,,,,,,,,,,,,,,,,,,,,,,,,,,,,,,,,,,,,,,,,,,,,,,,,,,,,,,,,,,,,,,,,,,,,,,,,,,,,,,,,,,,,,,,,,,,,,,,,,,,,,,,,,,,,,,,,,,,,,,,,,,,
102,2.5218453244823804,2.1610020480247223,1.960766159506706,1.817081811290952,1.7030300263992344,1.6067046364009256,1.5244333259859053,1.4505493573910804,1.3841353933178708,1.322372486798309,1.2663279056431092,1.2135544453431877,1.1635537031498349,1.1172650757085625,1.0713039896269645,1.028367626239157,0.9874804810225556,0.9479138547449748,0.909948962756106,0.8738007345496568,0.8379827828318197,0.8040357745204536,0.7703918335824861,0.737979059767764,0.7061304673376962,0.674819394004529,0.6439618844111863,0.6143496430955664,0.5849073765884244,0.555536528283063,0.5273984778322179,0.4984100092999626,0.4709467712693613,0.4437097555939058,0.4167017250896437,0.3894889349821528,0.3628502688832113,0.3371027343801142,0.3110550555566087,0.2854721459762431,0.2599314350530417,0.2349100448518705,0.2095585017841541,0.1845364543825664,0.1599679945066395,0.1351022659626863,0.1102938707714393,0.0855510671391,0.0609287573148477,0.0362768571692333,0.0115218271336491,-0.0133113715678928,-0.0376529592465245,-0.0620141806357461,-0.0862130529020971,-0.1110866995637311,-0.1360108626648337,-0.160901332335433,-0.1857430006787921,-0.2106649774239941,-0.2360653597560241,-0.2614712412808972,-0.2871309859386678,-0.3122146873231137,-0.3382759728166143,-0.3647469354612736,-0.3910710842374081,-0.4178328930710001,-0.4447997619200159,-0.4719144549574243,-0.4992565313952207,-0.5270398002248983,-0.5556673268953163,-0.5842636153809723,-0.6137431000004341,-0.6435072441148094,-0.6738690020955055,-0.7046603574424509,-0.7360171089474754,-0.7688922544234978,-0.8023489639051938,-0.8364287232735045,-0.8725314280022493,-0.9081108628967016,-0.9461124517026396,-0.9844256176364928,-1.0248716653687358,-1.0679229245987565,-1.11228781014267,-1.1596300860727575,-1.2088323008392032,-1.2620982531817946,-1.318252710200336,-1.3791299673924071,-1.4457545387008386,-1.5194597957555906,-1.60174366643673,-1.697343583669655,-1.8104295209096604,-1.9537040353220123,-2.1544570238198597,-2.51239804548394,,,,,,,,,,,,,,,,,,,,,,,,,,,,,,,,,,,,,,,,,,,,,,,,,,,,,,,,,,,,,,,,,,,,,,,,,,,,,,,,,,,,,,,,,,,,,,,,,,,,,,,,,,,,,,,,,,,,,,,,,,,,,,,,,,,,,,,,,,,,,,,,,,,,
103,2.5256924371694827,2.1652774399431625,1.965138109654948,1.8214685892980655,1.7074018108943558,1.6119622058103449,1.529742020283838,1.455797128230572,1.3894900793549276,1.3281954652239127,1.2720146742893652,1.2195011718892943,1.1696091671435018,1.1233910698373857,1.0777560292334702,1.0349435160917877,0.9939659724326616,0.9548581704879,0.9172521748600556,0.8807878805878716,0.8454906290775569,0.8111710292177972,0.7781637809562174,0.7454579502588687,0.7138676211326119,0.6827637218713395,0.6521400806996961,0.6226464289503423,0.5933391076974689,0.5643428760264476,0.5358307760341531,0.507682425454875,0.4797677835449995,0.452916410307267,0.4258761530749197,0.399103449676325,0.3726555863883545,0.3467264300536488,0.3210667094067187,0.2954429412210801,0.2700361278774308,0.2451893328805525,0.2201372088575755,0.1952237532539542,0.1706790600832374,0.1463559738996576,0.1215578933726446,0.097002291515895,0.0725291318651276,0.0479980707452591,0.023680705887378,0.0,-0.025332758146238,-0.0493250953827146,-0.0735109394525569,-0.0976234538423387,-0.1224035731086318,-0.1471446092173243,-0.1717032055627893,-0.1961908706647106,-0.2211834475393472,-0.2462646305923309,-0.2715067073679027,-0.2968213402470938,-0.3219946325739747,-0.3479373634605509,-0.3739962743089483,-0.4003226613625834,-0.4269715580252499,-0.4536045638959917,-0.4805545177167147,-0.507817618383792,-0.5355558001405659,-0.5637219690412486,-0.5924428471511816,-0.6218753398026212,-0.6512796855257796,-0.6817103128503981,-0.712181206699339,-0.7436651800358038,-0.7761383830079556,-0.8094554468963878,-0.8435529400683576,-0.8792784067761833,-0.9150357468867852,-0.9526227175882828,-0.9907920411048012,-1.0316251089753203,-1.0745607691502592,-1.1186947227435764,-1.1657621718781457,-1.2145125347812114,-1.267678977373431,-1.3239678286741936,-1.3848112137215132,-1.4511340248182691,-1.5243543909960118,-1.6067637556378966,-1.7018275202807112,-1.814977151571136,-1.957965224313394,-2.158337981624753,-2.5159792154171057,,,,,,,,,,,,,,,,,,,,,,,,,,,,,,,,,,,,,,,,,,,,,,,,,,,,,,,,,,,,,,,,,,,,,,,,,,,,,,,,,,,,,,,,,,,,,,,,,,,,,,,,,,,,,,,,,,,,,,,,,,,,,,,,,,,,,,,,,,,,,,,,,,,
104,2.529471636122861,2.1689709021194408,1.9690822475090484,1.8260264385358853,1.712256117640616,1.616991910771182,1.5343213490488288,1.4611750296211783,1.394566366056226,1.333248343899567,1.2776422091174189,1.2252350088998862,1.1755015821486097,1.1289518769597415,1.0837656191238585,1.0413000247786577,1.000629638802363,0.9613465527083904,0.9238652562258104,0.8871214958794724,0.8523839074501375,0.8181892384026531,0.7851858626522155,0.7527648513637838,0.7210804817336632,0.6901148033554939,0.6595877024552906,0.6303142921361059,0.6010311344437993,0.5722585825131538,0.5439616060796214,0.5161002095333507,0.4882648181272004,0.4613616704446034,0.4344548390284135,0.4081237305895713,0.3818884233972313,0.3558621783859421,0.3306998139521152,0.3048992153812582,0.2798042356322924,0.2551575673192261,0.2304503361519773,0.205671586406474,0.180983889612515,0.1568216437312435,0.1325864738837314,0.1083887158189314,0.0841747946794915,0.0597576057905015,0.0354055537562001,0.0113261129763744,-0.012854090975238,-0.0369071256622722,-0.0608850633091013,-0.0847638938108701,-0.1088657598906707,-0.1333595001905569,-0.157751944392061,-0.1823350577887349,-0.2067782735564906,-0.2314673291850956,-0.2564747415439782,-0.281269055809173,-0.3061694302897833,-0.3314214857854322,-0.3571909302461173,-0.3830517249022161,-0.4095229925393568,-0.4356999992066445,-0.4622301424995072,-0.4891576374575723,-0.5160445307141102,-0.5436818844807587,-0.5717881134256793,-0.6004049845560511,-0.629680108295586,-0.6589013944712632,-0.6893087414572658,-0.7195275403461777,-0.75109953440077,-0.7833839836753778,-0.816386319027449,-0.8502816088254187,-0.8863325874600892,-0.9217493592620116,-0.9589669972805884,-0.9970175821161938,-1.0376970975039117,-1.080864195584309,-1.1246469921069615,-1.1715732432994508,-1.2205928714807366,-1.2733265758336354,-1.3294240857314916,-1.3900704290599528,-1.4562448617103665,-1.5290779958022498,-1.6114528150410614,-1.706608437939593,-1.8194748909069804,-1.9626653957122648,-2.1621665691684595,-2.519096269243855,,,,,,,,,,,,,,,,,,,,,,,,,,,,,,,,,,,,,,,,,,,,,,,,,,,,,,,,,,,,,,,,,,,,,,,,,,,,,,,,,,,,,,,,,,,,,,,,,,,,,,,,,,,,,,,,,,,,,,,,,,,,,,,,,,,,,,,,,,,,,,,,,,
105,2.5335617310129077,2.173543674879619,1.9737300597559293,1.8305767019261228,1.7170677523222335,1.62204092363544,1.5394612639132037,1.4661354739021089,1.400055521913242,1.33879089016497,1.2830777622825733,1.2310867941256591,1.181615220239792,1.1351353524866696,1.0901086520051768,1.0476446962693675,1.0070919608769455,0.9679009908228,0.9304803123333278,0.8940129785048239,0.8589256189683862,0.8252580673229477,0.7925242323352208,0.7603514171709614,0.728558104643593,0.6979715932995972,0.6672085355062365,0.6384096377253924,0.6089817488492963,0.5804941044687604,0.5524916162424651,0.524303949358389,0.4970501901522144,0.4700786650869266,0.443184843028635,0.4172248504531728,0.3907919207911112,0.3652778060906385,0.3398415653215885,0.314793012882431,0.2894622691773129,0.2647188289013465,0.2404086680725043,0.2158650438781088,0.1915272705123252,0.1673997777358358,0.1434691727645266,0.1194450156385508,0.0953447445150269,0.0713201761005938,0.0472019363820708,0.0232143796712303,0.0,-0.0246725376721386,-0.0486265613900898,-0.0720857135532736,-0.0959247793594165,-0.1198124657732835,-0.1438905658950741,-0.168281811898612,-0.1925309708554526,-0.21681189747828,-0.2413691761965885,-0.266005310815346,-0.2908963945833219,-0.3154521240503795,-0.340695177391293,-0.3663151219505429,-0.3920667367191118,-0.4183104822530872,-0.4442593854295742,-0.4706451274949034,-0.4973888545039401,-0.5241915889235385,-0.5515971791489839,-0.5796453740805196,-0.6080539166683703,-0.6371645172532455,-0.6661614530537686,-0.6964783893438585,-0.7267918310009563,-0.7583431591722354,-0.7904147671933206,-0.8231933877153736,-0.8572061908872712,-0.8930555330770376,-0.9282211154611244,-0.965268023299064,-1.00347162447078,-1.0439950701806089,-1.0867667162095276,-1.1304904092770278,-1.1775146990157468,-1.226492499378163,-1.2789977612125454,-1.3350121871860368,-1.395170154857914,-1.4612402614105566,-1.5340006104868955,-1.616557727545039,-1.7112371124412418,-1.8245768088511036,-1.9669493983132973,-2.166122019129841,-2.523613400381252,,,,,,,,,,,,,,,,,,,,,,,,,,,,,,,,,,,,,,,,,,,,,,,,,,,,,,,,,,,,,,,,,,,,,,,,,,,,,,,,,,,,,,,,,,,,,,,,,,,,,,,,,,,,,,,,,,,,,,,,,,,,,,,,,,,,,,,,,,,,,,,,,
106,2.536827391766693,2.176830910501644,1.9778069077839504,1.834690468537768,1.7213972778565028,1.6267474292061532,1.5440393439550897,1.4709582851879142,1.4051422079272804,1.3437386696135534,1.288433435555494,1.2364313008388983,1.1870535733032226,1.1409932931388913,1.0960232557960292,1.0535425609294629,1.013429121562034,0.974104744145546,0.9370906271703876,0.9004870864266687,0.865660653260079,0.831617449330236,0.7992087763194164,0.7673514354087416,0.7360708556688728,0.7052825989337924,0.6748518158918523,0.6456503276787451,0.6168240426687234,0.5884492725346141,0.5603986378457445,0.532348620081239,0.5052542485041484,0.4786085656161625,0.4516065376589646,0.4256999106146286,0.3998854806815827,0.3744052922186285,0.3489495470444138,0.323988332047068,0.2990436706388187,0.2743452207752159,0.2499588764084298,0.2259109569359287,0.2016076541688097,0.1776383977412128,0.1538332066232704,0.1300212477033759,0.1067421632803658,0.0825160057998662,0.0586896414554804,0.0347430493190895,0.0110866372442595,-0.0127088683181114,-0.0362246647776221,-0.0597567637951277,-0.0833090539990146,-0.1072350279438669,-0.1307433926545744,-0.1548339652301404,-0.1790107921840227,-0.2030167111249936,-0.2270983584409003,-0.2513863567254156,-0.2756884907910019,-0.3004837486998743,-0.3250769039822114,-0.3501863951580284,-0.3756432570523975,-0.4011293699304268,-0.4272218030204165,-0.4531875938600714,-0.4791155331386051,-0.505615788175959,-0.5321976127515485,-0.5596457208769804,-0.5875787913990395,-0.6159829018651016,-0.6448823558769343,-0.6737229439669127,-0.7036946593482735,-0.7343357639193767,-0.7657004837820856,-0.7974140056725393,-0.8301877449949175,-0.8641391028537593,-0.8995613010474197,-0.9348404215814918,-0.9715976664822256,-1.0099263434903512,-1.0501023904769045,-1.092596606769348,-1.1362957312915205,-1.1830341716666628,-1.2325465706889176,-1.2847037815595286,-1.340347719979785,-1.4002140493258808,-1.4661837433884772,-1.53890623814156,-1.6215305901446584,-1.71585045823522,-1.8289158247493644,-1.9708506208499943,-2.16991684326668,-2.52689615318584,,,,,,,,,,,,,,,,,,,,,,,,,,,,,,,,,,,,,,,,,,,,,,,,,,,,,,,,,,,,,,,,,,,,,,,,,,,,,,,,,,,,,,,,,,,,,,,,,,,,,,,,,,,,,,,,,,,,,,,,,,,,,,,,,,,,,,,,,,,,,,,,
107,2.540608023878023,2.181176111472676,1.982192228565814,1.8390426888575535,1.726058907184848,1.6311442651976626,1.5486220765100829,1.4759474837999165,1.4100322849986535,1.3490131915880388,1.2934489545894012,1.2420202565677487,1.1927154896698753,1.1466781108509785,1.1020327084709731,1.0599566191250052,1.019591576561064,0.9804280928304644,0.9436111969168902,0.9073399810109396,0.872456539616601,0.8386163638058477,0.806012938450124,0.7743008241913824,0.7432925401361439,0.7130125353815452,0.6824436492589416,0.6530702198535847,0.6244585250774124,0.5961676042549271,0.5684035616348229,0.5405875023446571,0.51349511213569,0.487072218892947,0.4603329636827856,0.4344906496001194,0.4087587462232797,0.3836546496035777,0.358502668868957,0.3334487196463211,0.3086972279242157,0.2838594602682557,0.2596528007907746,0.2357655883695407,0.2117503632821052,0.1878319751703839,0.1642302291142769,0.1408122112399324,0.1175543254560173,0.0939057797296141,0.0698687714472613,0.0462722727600602,0.0226793579496162,0.0,-0.0246111485978434,-0.0474533527865579,-0.0712208161223552,-0.0946273599470413,-0.1178777900476528,-0.1413656416056522,-0.1652894390443454,-0.1891459832486502,-0.2128602057269162,-0.2371977504658864,-0.2612433489816512,-0.2852219147206866,-0.3096945124354227,-0.3343103937635445,-0.3592549801816094,-0.3844516190939689,-0.4099535607048992,-0.4358865379578677,-0.4613174336781596,-0.4872815003029109,-0.5136768327240997,-0.5399936886918778,-0.567426044402386,-0.5952844125359329,-0.6236667509975811,-0.6522404241393115,-0.6811027130591893,-0.7107335560318129,-0.7412622465340628,-0.7724837599632639,-0.8040661883659214,-0.8370402642474042,-0.8705877063237593,-0.9061376878056826,-0.9411977558225924,-0.9777231436912204,-1.0158707865942826,-1.0560492008966225,-1.098453999082051,-1.1421074018876571,-1.1885245257272912,-1.2376417107109443,-1.2897757126918694,-1.3454128688786158,-1.405046863721685,-1.4710453888412285,-1.5433205485203167,-1.626286994810923,-1.720189368971781,-1.8326649868881772,-1.9743990622096572,-2.173055318328051,-2.529267601222031,,,,,,,,,,,,,,,,,,,,,,,,,,,,,,,,,,,,,,,,,,,,,,,,,,,,,,,,,,,,,,,,,,,,,,,,,,,,,,,,,,,,,,,,,,,,,,,,,,,,,,,,,,,,,,,,,,,,,,,,,,,,,,,,,,,,,,,,,,,,,,,
108,2.543977724356233,2.184903264524772,1.9857495812383328,1.8435009718634112,1.7303915607809557,1.635368667091874,1.5535337426273268,1.4807826529317116,1.4150130036582318,1.353906087111505,1.2987882933849535,1.2473056142103405,1.1980942335724007,1.152129200191346,1.1077843891530357,1.0656038074246867,1.0256128596484686,0.986736729948541,0.9496535485225344,0.9136290224895128,0.8787593790500643,0.8450565459133013,0.8125277582690141,0.7809320247233256,0.7499477051831881,0.719832123738304,0.6896602296042502,0.6600517573072354,0.6316602987823737,0.6036695653249422,0.5759723819416364,0.5483251311816404,0.5212998038227599,0.4950168234266303,0.4689195032987845,0.4427796548508131,0.417390677439102,0.3922078746412476,0.3673174702352595,0.342627153860722,0.317845373888157,0.2929962585975463,0.2687108072401157,0.245066601183165,0.2214333344977183,0.1977052159035346,0.1742703339416383,0.1510218315186389,0.1279484082709475,0.1045474813479159,0.080927214627424,0.0572771309312431,0.0340376177827263,0.0107975090036535,-0.0128132102910987,-0.0358954577311549,-0.0590065128043166,-0.0824580021210945,-0.1052986656502723,-0.1285497534465826,-0.1520247088207653,-0.175817540155658,-0.1994136213088657,-0.2232312990815908,-0.2471177256392879,-0.2708693863448794,-0.2948988532572256,-0.3192486731983986,-0.3436501057286625,-0.3686350628375739,-0.3935463845305115,-0.4189491624877937,-0.444564044468722,-0.4697823655993934,-0.4956388106101375,-0.5218490883311858,-0.5481242869091291,-0.5752646204696755,-0.6034211963410138,-0.6315014921590378,-0.6597265573201726,-0.6886741434473822,-0.7180532687497839,-0.7485993018756936,-0.779415628457771,-0.8111823227723527,-0.8439695945333471,-0.877437183895427,-0.9126404789823148,-0.9476931064010976,-0.9839951811372722,-1.0221682005869663,-1.062028329861326,-1.1044379849353978,-1.1478485806023535,-1.19446612421036,-1.2431472856922212,-1.2951172637572177,-1.3506545352442003,-1.410299308413187,-1.4761025243283892,-1.5481335381714787,-1.6312062448123097,-1.7247307130934642,-1.83713933022808,-1.9793446535684969,-2.1773751243401804,-2.5333308524242346,,,,,,,,,,,,,,,,,,,,,,,,,,,,,,,,,,,,,,,,,,,,,,,,,,,,,,,,,,,,,,,,,,,,,,,,,,,,,,,,,,,,,,,,,,,,,,,,,,,,,,,,,,,,,,,,,,,,,,,,,,,,,,,,,,,,,,,,,,,,,,
109,2.5472890675082787,2.1886050370232,1.989805146200148,1.8478205942507644,1.735017582813739,1.6401778566317,1.558088977217607,1.485751261763232,1.42018864849754,1.359125664306944,1.304268970245687,1.2529129838220687,1.2036768102795905,1.1583605276048878,1.113868412726388,1.0717530812128695,1.0315450533489774,0.9930408842376875,0.9558333855146968,0.9202529879904884,0.8854758284791855,0.8520155153455585,0.8196035022906144,0.7879583836050651,0.7572829647125147,0.7271761557074298,0.6971493792013076,0.6677995713614864,0.6392409627393502,0.6114077539254775,0.583922718745445,0.5565086474139199,0.5294030315996665,0.5032566076429286,0.4773754772956069,0.4514642061266851,0.4260147273897813,0.4010129076208691,0.3761911006732148,0.3514829139134405,0.3270228491460939,0.3025709495481158,0.2784812520974429,0.2545045069485444,0.2314218189522981,0.2077919685330467,0.184313742847495,0.1612485185817707,0.1382028428695023,0.1150953722977717,0.0918230301708585,0.0685047549766996,0.0453383674796788,0.022212235904895,0.0,-0.0241527311814681,-0.0470507970222219,-0.0699579941305949,-0.0933022346983388,-0.1159663933087288,-0.1390266430517242,-0.1625294193547168,-0.1857932765366485,-0.2095905256561598,-0.2328381905671513,-0.2566069131888033,-0.2802384028236582,-0.3041869467958962,-0.3283265954418007,-0.3528201441874367,-0.3774580749331781,-0.4021214616449105,-0.4276773294165905,-0.4528959420791347,-0.4778708926066117,-0.5036178303859531,-0.529670450050103,-0.5559695006709622,-0.5832171979908094,-0.611041381022691,-0.6388196774207178,-0.6669631115159096,-0.6956499751947932,-0.7253167989145666,-0.7556497275280244,-0.7863847308911774,-0.8178706595079611,-0.850597945881584,-0.8839130186951796,-0.9187917721706808,-0.9538678233340432,-0.9899868513331668,-1.0279501552475467,-1.0678919575040564,-1.110413302186397,-1.1538303710819278,-1.1998423554808593,-1.2486581079921453,-1.300459251730599,-1.3558334949615696,-1.415011532119709,-1.4813123971115376,-1.5530873409445387,-1.6357910417112504,-1.7292690364744576,-1.8417004951022609,-1.9833736093549463,-2.181807339331874,-2.5370695852408134,,,,,,,,,,,,,,,,,,,,,,,,,,,,,,,,,,,,,,,,,,,,,,,,,,,,,,,,,,,,,,,,,,,,,,,,,,,,,,,,,,,,,,,,,,,,,,,,,,,,,,,,,,,,,,,,,,,,,,,,,,,,,,,,,,,,,,,,,,,,,
110,2.551267938930288,2.192468308577133,1.9938424603623777,1.8521187900321157,1.739892757486276,1.644752756283662,1.563091271676076,1.490597191696841,1.425380002361635,1.3646715502272055,1.3098558193343526,1.2584472400882964,1.2095911884580746,1.1641308122498375,1.1198846413707393,1.0778619822480402,1.0378171047010274,0.9992498159447556,0.9620671358965552,0.926675931486544,0.8919713587523441,0.8584480690957793,0.8262568280946665,0.7949193803316817,0.7642924632671109,0.7343801430289257,0.7043679484479264,0.6752392786350448,0.6465775550662273,0.6192229877675102,0.5918205298672938,0.5644335918316383,0.5374792254492348,0.5113402775517951,0.4855592947074958,0.4600191823919274,0.4345288186992562,0.40970668462812,0.3848973851059156,0.3605790471278176,0.3361616007360378,0.3118414754897304,0.287738277636861,0.2640285038466581,0.2409630680913681,0.217662005542607,0.1944035329383133,0.1713369558323641,0.1484884385617114,0.1254741967504076,0.1026969842999109,0.0793190182806542,0.0564027468886745,0.0337050624104581,0.0107544968084347,-0.0121057665667864,-0.0351426010474916,-0.0579297039795678,-0.0809128255430648,-0.1036098265951894,-0.126450827233583,-0.1493666449907756,-0.1726761126517927,-0.1957524446311216,-0.2188809354896493,-0.2423573994576525,-0.2658825499497693,-0.2893711928579022,-0.3130370003490008,-0.3371959219368433,-0.3616766160704842,-0.3860020093313035,-0.4107201118178722,-0.4362518643059029,-0.4608116830397856,-0.4858862440100603,-0.5113094720975416,-0.5373895645717328,-0.5635641131509449,-0.5906958402218887,-0.618110588740916,-0.6457524964541499,-0.6738002439003844,-0.7025538508820663,-0.7321666234211344,-0.7623703132252039,-0.793081521157287,-0.8241195285876476,-0.8568053697454059,-0.890423045733304,-0.9247142090523898,-0.9597631665841596,-0.99576003007724,-1.033899513055327,-1.073499219802352,-1.1160210536992512,-1.1592399245527123,-1.2049871110208692,-1.253797123644713,-1.3053953392302506,-1.3604733374711544,-1.41960980254763,-1.4859558186151116,-1.557696678484893,-1.640082016846681,-1.7336676985325532,-1.8459205291978145,-1.987044276188357,-2.1856048266584684,-2.539944411014506,,,,,,,,,,,,,,,,,,,,,,,,,,,,,,,,,,,,,,,,,,,,,,,,,,,,,,,,,,,,,,,,,,,,,,,,,,,,,,,,,,,,,,,,,,,,,,,,,,,,,,,,,,,,,,,,,,,,,,,,,,,,,,,,,,,,,,,,,,,,
111,2.5545918316936613,2.1961228473394736,1.997975082747088,1.856075228529052,1.7445515646564904,1.649954881336456,1.5681467442453063,1.4954779759930563,1.4302186373623391,1.3698546928942164,1.314949440969598,1.2637297872065385,1.215285953031294,1.1696027402193985,1.1257856105809931,1.0838362433689133,1.0437815805082142,1.0053004329601705,0.968437862990438,0.9327919765109602,0.8985942480625312,0.8649267986852001,0.8327136987687248,0.8014775610339637,0.7710818513177422,0.7413172924269609,0.711649371010254,0.6825162066799534,0.6541661836996374,0.6264061667837874,0.5992262673976907,0.5719899957057959,0.5455337495169773,0.5195194041543936,0.4935421267530872,0.4682357593210015,0.4430869605766165,0.4181503329684232,0.3937571840683445,0.369447155934313,0.3451830732172291,0.3211293860732909,0.2969169047048531,0.2735160481830978,0.250259099016457,0.2271471034382577,0.2042922851553796,0.1815751982534762,0.1585003219759224,0.1358480008170512,0.113026155159552,0.0902115208351122,0.0674003680886756,0.0449724131652119,0.0224272424915062,0.0,-0.0232877891757933,-0.0460545593226666,-0.0687584130097687,-0.091429967102292,-0.1138935246440705,-0.136660088554015,-0.1596183468959015,-0.1823857763728295,-0.2052815582165149,-0.2282854783800622,-0.2518400772597055,-0.2749909205729436,-0.2981322846121625,-0.3218571883191357,-0.3461423292962463,-0.3700449623317466,-0.3944029639956557,-0.4190580883853235,-0.4441801390903127,-0.4687380713785997,-0.4937454417604645,-0.5191625604194342,-0.5452167203987023,-0.5713838284877948,-0.5983897754381543,-0.6254489723979592,-0.6529279682144172,-0.680986916699671,-0.7096143444664363,-0.7392138460175167,-0.7691492415106895,-0.7995341133739406,-0.8308241872262121,-0.863422971010826,-0.8967993828066781,-0.9307275217983207,-0.965579976240858,-1.0011901131906404,-1.039600044781183,-1.0791475957073218,-1.1214632963832425,-1.1644305664923198,-1.2101375016453135,-1.2589846682657009,-1.3104715431866367,-1.3652813242757438,-1.4246977286675253,-1.4905360930047498,-1.5623002161333124,-1.6444370919277411,-1.7378472200941808,-1.849931181852127,-1.9911826972169249,-2.189685234548101,-2.543531622264191,,,,,,,,,,,,,,,,,,,,,,,,,,,,,,,,,,,,,,,,,,,,,,,,,,,,,,,,,,,,,,,,,,,,,,,,,,,,,,,,,,,,,,,,,,,,,,,,,,,,,,,,,,,,,,,,,,,,,,,,,,,,,,,,,,,,,,,,,,,
112,2.5577798508186107,2.1993198009602297,2.0013539160889326,1.8601196885373712,1.7487201640028485,1.6540118675625552,1.572324851941189,1.4998474711361354,1.434956589161854,1.3743802506172118,1.3196311443491229,1.2686794125096934,1.2203505800016816,1.174870700025754,1.1313668586563634,1.0892619632307303,1.0495620210586654,1.0112909538813193,0.9743371092188414,0.9388812374008504,0.9045347675205508,0.8714411608728214,0.8388460873828822,0.8078178211888329,0.7775786353682559,0.7481171153142272,0.7185504203170482,0.6895933824508232,0.6612418418840661,0.6338354149005563,0.6066815699702709,0.5795657546309548,0.5532804618213197,0.5272582156149621,0.5016782301478439,0.4761234379054889,0.4512785225928252,0.4264114684427159,0.4020960644698515,0.3781806651727951,0.3542265929868206,0.3297968505356427,0.3062859992486939,0.2825913363281975,0.2595775024440484,0.236499942162845,0.2137132001372041,0.1910945531208559,0.1684767394426988,0.1458955413710778,0.1233062758939009,0.1008147221640241,0.0783263827884703,0.0554763890777552,0.0332355500630893,0.0108576545469023,-0.011937218947099,-0.0342194461487944,-0.0569072176954921,-0.0793771292404167,-0.1017189551485097,-0.1240782747739396,-0.1467202172781147,-0.1693571425145972,-0.1920938306119164,-0.214786600669474,-0.2378701401124095,-0.260826644436014,-0.284092552262452,-0.3070151191679315,-0.3305957429579402,-0.3547119043882374,-0.3785334705351331,-0.4027309548279834,-0.4274669148937266,-0.4523268904695072,-0.4766292971722862,-0.5015888046992997,-0.5270228469369319,-0.5527491344678375,-0.5788249695288223,-0.6055931893089597,-0.6326199283112214,-0.6597362024394182,-0.6880459112295062,-0.7167812891119565,-0.7458902764676484,-0.7758314719707295,-0.8063158791124906,-0.8373001119389488,-0.8698699213127177,-0.9030688888789352,-0.9368071035187342,-0.971382196105456,-1.007096144797699,-1.0453557594261431,-1.0849855124876382,-1.1272259644029723,-1.16982263133004,-1.215806070386097,-1.2643940138930192,-1.3153570905354206,-1.3701096988931676,-1.4296504184037804,-1.49544063747841,-1.566871611669487,-1.6487674239965322,-1.7423820257043643,-1.8536090095752675,-1.9952306834508329,-2.193549227229165,-2.5472373676048408,,,,,,,,,,,,,,,,,,,,,,,,,,,,,,,,,,,,,,,,,,,,,,,,,,,,,,,,,,,,,,,,,,,,,,,,,,,,,,,,,,,,,,,,,,,,,,,,,,,,,,,,,,,,,,,,,,,,,,,,,,,,,,,,,,,,,,,,,,
113,2.561363769723336,2.2036877353353623,2.005664916404673,1.8645320352945507,1.7533744844683292,1.6589379283841303,1.5769433014156575,1.504808064138358,1.4403230481494436,1.3793973703568023,1.324962431320723,1.2744071307085505,1.225973881438821,1.1805471725204657,1.1371629301364834,1.0952740556908058,1.0556358912697756,1.0174633580789814,0.9805669799317606,0.9450330155197278,0.9107997547789722,0.8778618950329379,0.8455327405391002,0.8142556163515051,0.7842909362051669,0.7547595393241969,0.7254562588133149,0.6963486006174011,0.6682188631305102,0.6411449875813553,0.6140247314796539,0.5868397425634656,0.5608375929003522,0.5349095580467005,0.5094579434732964,0.4839993540902531,0.4591742412576166,0.4344742010742728,0.4104669761217261,0.3864259692765371,0.3625298861542236,0.3385036572729167,0.3149821907818096,0.2916060934949944,0.2683568601772772,0.2458705568478134,0.2230538701189225,0.2003898895799553,0.1781245977147123,0.1557946382206568,0.1332305051403409,0.1108928243200763,0.0885091516054948,0.0661335484927671,0.0438902061114504,0.0217572016012001,0.0,-0.0226729462279751,-0.0451255110803661,-0.0676187846684931,-0.0899366302697617,-0.1121188063600803,-0.1341951343249231,-0.1568781232054399,-0.1794283048180021,-0.2019245315787586,-0.2245327055675182,-0.247453529518209,-0.2700931109685703,-0.2929655400543672,-0.3161420979154391,-0.3394149837951259,-0.3635645488116698,-0.3870564221389563,-0.4112931266533445,-0.4358120730255919,-0.4603587857344454,-0.4846171227061101,-0.5095073933686781,-0.5349195360522575,-0.5604869477407365,-0.5863612657249668,-0.6131375831052328,-0.6397264834160791,-0.6669299116085096,-0.6950653601268671,-0.7239512531947822,-0.7527544684939345,-0.7825492942029217,-0.8129806535640736,-0.8440179689884748,-0.8763796261910723,-0.9093331860829292,-0.9427719415506968,-0.9772107497319484,-1.01314204589491,-1.0511780521411938,-1.0907146933605214,-1.1327949794470435,-1.1752651553637996,-1.2212041517562535,-1.2700454889709891,-1.3206763742579335,-1.375161570046363,-1.434693427850283,-1.4996181047968675,-1.5713502282204608,-1.6532340293775665,-1.746628682461538,-1.8571318090138595,-1.998991533054571,-2.1970025109269327,-2.5504699454874644,,,,,,,,,,,,,,,,,,,,,,,,,,,,,,,,,,,,,,,,,,,,,,,,,,,,,,,,,,,,,,,,,,,,,,,,,,,,,,,,,,,,,,,,,,,,,,,,,,,,,,,,,,,,,,,,,,,,,,,,,,,,,,,,,,,,,,,,,
114,2.564286502099882,2.206919152613281,2.0096598707909674,1.8680048084359413,1.7574720965802626,1.66308331091318,1.5811937980086987,1.5091277946600163,1.444731954405709,1.3841162621672471,1.3295965133823393,1.2790316677074751,1.2309099247503643,1.1858837049778197,1.142245825083504,1.1006916446796182,1.0611624604975485,1.0230483226581923,0.9863383024750828,0.9509659660224844,0.9168238442625356,0.8836903506866937,0.8516820100059893,0.8208920948114373,0.7906729069559055,0.761235190794293,0.7319851649621096,0.7031858901859354,0.6751354038701105,0.6482228704221877,0.6211363552148507,0.5941414445325893,0.5681949744914743,0.5424069392471307,0.5172230487862419,0.4919156738567116,0.466979024932435,0.4426664580112439,0.4186735785463703,0.3948623526887715,0.370963312077288,0.3475205969237793,0.3239173423777224,0.3005910551181798,0.2775119496727488,0.2548598049623234,0.2324328603271556,0.2099150625938759,0.1876443964229318,0.165545837622581,0.1432973657244399,0.1211531926453732,0.0991428236824829,0.0767451355182965,0.0547629146107685,0.032849041195739,0.0105518466493917,-0.0114348384213779,-0.0333811009331583,-0.0557724886536275,-0.0778620424669248,-0.0999020392661181,-0.1219473752964496,-0.143989497956355,-0.1662455657763109,-0.1886751378495058,-0.2111455850573284,-0.2337010146785589,-0.2561887394445568,-0.2787659427508541,-0.3015598083701958,-0.3245771278838306,-0.3478531284030122,-0.3718485746992581,-0.3952089520850179,-0.4194146008527157,-0.4437915583634408,-0.4678855561121512,-0.492322176356966,-0.5169587780877481,-0.5423709201778609,-0.5678226022790748,-0.5935674931483927,-0.6200353636555669,-0.6468718715485345,-0.673976889730144,-0.7019106627599986,-0.7305840279943446,-0.7593101722881924,-0.7890583983384586,-0.8192858376342789,-0.8501665156700625,-0.8826099184303843,-0.9150347864250044,-0.9483828359820532,-0.982962966610018,-1.0188293991583284,-1.056748827605393,-1.096432536746745,-1.1377452559008605,-1.180536892235062,-1.2263296810599866,-1.275058254650886,-1.325657979840989,-1.3797958568342783,-1.4392687140611484,-1.503958429429567,-1.5757690436999698,-1.6574422206832733,-1.7504601354637526,-1.860974505078106,-2.0027041336429865,-2.2003224143983533,-2.554630722581203,,,,,,,,,,,,,,,,,,,,,,,,,,,,,,,,,,,,,,,,,,,,,,,,,,,,,,,,,,,,,,,,,,,,,,,,,,,,,,,,,,,,,,,,,,,,,,,,,,,,,,,,,,,,,,,,,,,,,,,,,,,,,,,,,,,,,,,,
115,2.566904179755621,2.2102955659008185,2.013032441997344,1.8713649956583789,1.7610295640112528,1.666964068438467,1.585528050979674,1.513338561394163,1.4494309905919762,1.3889638184399409,1.3346034898217407,1.2840690994193993,1.2360137118222267,1.191341651953608,1.1475735412372996,1.106312525475122,1.0666796167643675,1.028793593579469,0.992111767413827,0.9571817095483364,0.9228080350970136,0.8899936926264375,0.8580908014494438,0.8274096785564589,0.797305715425647,0.7678063326672158,0.7388821730833566,0.710133374387523,0.6819478883844767,0.6550960846181277,0.6284629685666188,0.6016199527813028,0.5756325440662604,0.5500942521897535,0.5249611593749851,0.4997425058390365,0.4750586962673667,0.4508670571454284,0.4267601571509179,0.4029129430916243,0.3792732794087285,0.3560174537009508,0.3327183837225962,0.3094310022147432,0.2865255113653164,0.2637855929715947,0.2415942669050206,0.2192994601218294,0.1971559301961597,0.1751439814538212,0.1531710818946698,0.1310136639797124,0.1092179550570456,0.0873146729839522,0.0651468551444787,0.0435142618768894,0.0215642266810123,0.0,-0.0219717791433876,-0.0440362434261288,-0.0660725523238321,-0.0878716196983697,-0.1097485232777692,-0.1317909199293192,-0.1536469087448494,-0.1757860949517377,-0.1978740973402888,-0.2203002752852263,-0.2427292449659814,-0.2649238815517181,-0.2875383413391685,-0.3103048882824095,-0.333014563417445,-0.3562858656489956,-0.3800628867396233,-0.4035341482553988,-0.4276333742407002,-0.451666456660741,-0.4754071241279443,-0.4999038257615882,-0.5245310521792238,-0.5497643118967852,-0.5748356908911588,-0.6006730341983255,-0.627075601695321,-0.6536352705435642,-0.6808118931108512,-0.7086420954966259,-0.7370922471858267,-0.7659233418258867,-0.7955145695852571,-0.8255942324246658,-0.856657687360212,-0.8886852227388686,-0.921152697597124,-0.9539449498358504,-0.988661105192298,-1.024632974101793,-1.062244162721428,-1.1018970301035258,-1.1431546161982409,-1.1859238769842873,-1.2314742748107406,-1.280196906163484,-1.3304760661429385,-1.3845848240959129,-1.4442198651657827,-1.5083637076328498,-1.5798527052088371,-1.661626366177897,-1.754431997697196,-1.864764674786654,-2.006217468615948,-2.2034774004703386,-2.5575636901435312,,,,,,,,,,,,,,,,,,,,,,,,,,,,,,,,,,,,,,,,,,,,,,,,,,,,,,,,,,,,,,,,,,,,,,,,,,,,,,,,,,,,,,,,,,,,,,,,,,,,,,,,,,,,,,,,,,,,,,,,,,,,,,,,,,,,,,,
116,2.570270350031471,2.213738879850574,2.0164905555693804,1.8749978472849436,1.7649221597873064,1.6709699336630677,1.5895922883246507,1.5177436959899222,1.4536109714430494,1.3933940719920666,1.3389336002570476,1.2885994896428357,1.2409153491216818,1.1961799692624775,1.1526567098828426,1.1113395197378275,1.07194656964481,1.034267099033277,0.9974029635828996,0.962668004606534,0.9284142107808104,0.8957864666971039,0.8641536999124453,0.833226650714495,0.8035552340968772,0.7740112712055482,0.7452695551256749,0.7167920196747712,0.6887686935945563,0.6618430475684718,0.6353872173939761,0.608437556019097,0.582669332225917,0.5574907040817021,0.5323696656269563,0.5072987494868701,0.4827010878832123,0.4584707599450154,0.4347015193433929,0.4108982645477665,0.3875201187263259,0.3642236284355274,0.3410137447548022,0.3179307116144595,0.2949963428690239,0.2726923761667503,0.2502207701376301,0.2283641875701326,0.206291089910336,0.1844505813346342,0.1625171734055153,0.1406999104780021,0.1189146217259337,0.0972733936804535,0.0755160911885393,0.0540712636705161,0.0320624145575126,0.0103912038299129,-0.0108048295888121,-0.0328944524720711,-0.0548115525657745,-0.0764723629875211,-0.0980516618390639,-0.1199726491293295,-0.1414772698370356,-0.1634049054260932,-0.1852959189351842,-0.2072606315438855,-0.2294661252413641,-0.2517358779056747,-0.2737545555496298,-0.2964114428001774,-0.3190490180030638,-0.3417995762762488,-0.3648732561180069,-0.3884168709925281,-0.4119335003182071,-0.4356446603570633,-0.4595106307925554,-0.4832967839474019,-0.5075855064290786,-0.5320388534637076,-0.5571689877591364,-0.5820591251020433,-0.6079344093802611,-0.6342356650092063,-0.6606438075591341,-0.6877367887979889,-0.7153637899700404,-0.7436470912213327,-0.7724957922396675,-0.8018138114071415,-0.8319805453847549,-0.8628130318553984,-0.8948053191785111,-0.9271654272428084,-0.9598790841721336,-0.994364705371236,-1.0305909924471146,-1.067992347186075,-1.1073377585112587,-1.1481482467190176,-1.1910801829878936,-1.236527647660256,-1.2849451697304974,-1.3351383957990834,-1.3891745919896168,-1.4485116774985318,-1.51288477536747,-1.584405177741445,-1.6661776449897034,-1.7587076692245545,-1.869089464874829,-2.0102872894168526,-2.20723743109443,-2.5605196788482525,,,,,,,,,,,,,,,,,,,,,,,,,,,,,,,,,,,,,,,,,,,,,,,,,,,,,,,,,,,,,,,,,,,,,,,,,,,,,,,,,,,,,,,,,,,,,,,,,,,,,,,,,,,,,,,,,,,,,,,,,,,,,,,,,,,,,,
117,2.572766729132226,2.217647074580684,2.020666122831769,1.8789059639080588,1.7686122428905873,1.6752981500988553,1.5939692947022763,1.5223032233827152,1.4582264139707246,1.3981162516191667,1.343749286271122,1.2931728799560582,1.2459400534667309,1.201147909721906,1.1580216697740473,1.1169768653322512,1.0774638189330332,1.040119831949904,1.003125939546793,0.9684697700986364,0.9341830507707708,0.9019416528795072,0.8704372152238026,0.8396564272939159,0.809855753182622,0.7804198969681794,0.751823341133194,0.7232915444458978,0.6954269234314241,0.668548557733201,0.6421855326062598,0.6157609458304693,0.5898017235437595,0.5646650059081145,0.5397467318804543,0.5150420578862798,0.4905251711002275,0.4664366892174041,0.4426016281259306,0.4189223150074095,0.3955272108474387,0.372507411037793,0.3494148577499993,0.3264945841784163,0.3037333963090086,0.2811005826711768,0.2591608461923785,0.2372098548279911,0.2153320269768594,0.1936671270428642,0.1720168010605506,0.1504572977691284,0.1287346733495039,0.1070659463343106,0.0856156003608662,0.064121618610679,0.042759678513937,0.0210501590964172,0.0,-0.0214531100860241,-0.0433114520893586,-0.0651981152416002,-0.0866655342864454,-0.107985506740671,-0.1296058531850208,-0.151055655990713,-0.1729675561928107,-0.1946700788312469,-0.2165313618155105,-0.2385638755563118,-0.2604411581472524,-0.2826114770209442,-0.3049565480775041,-0.3273723217073172,-0.3499909025591235,-0.3732250968962643,-0.3966661154514802,-0.4198996899183341,-0.443475506193844,-0.4670188101223299,-0.491124384720114,-0.515031088281075,-0.5394773677870164,-0.5643195536602146,-0.5893006648283028,-0.6148138473149327,-0.6411348036076246,-0.6673512920529996,-0.6944191019608277,-0.722085422379167,-0.7501324274007974,-0.7786754150696934,-0.8081943172958258,-0.8381849214798244,-0.8691322254372342,-0.900668128994726,-0.932876582180706,-0.9655858919013888,-0.999943190585284,-1.0360544281259043,-1.073329709096818,-1.1125978817543092,-1.1533702291889811,-1.1963230863007712,-1.2413599236325237,-1.2896243567455814,-1.339726200275856,-1.3938010926335322,-1.4528896123588837,-1.5171111027215791,-1.588780829893516,-1.6700831774071565,-1.7624473504834082,-1.872781855032432,-2.013347296943716,-2.210368701967336,-2.5632831753783987,,,,,,,,,,,,,,,,,,,,,,,,,,,,,,,,,,,,,,,,,,,,,,,,,,,,,,,,,,,,,,,,,,,,,,,,,,,,,,,,,,,,,,,,,,,,,,,,,,,,,,,,,,,,,,,,,,,,,,,,,,,,,,,,,,,,,
118,2.575875109791248,2.22147226436657,2.024154970592364,1.882911456123034,1.7722619779144444,1.6790951159527645,1.5980872916826268,1.5268226044070856,1.4627388481802823,1.4029916621469138,1.348512494276812,1.2981650898081205,1.2508140068982807,1.206204280602776,1.163508616113346,1.1224249118206158,1.0828742431356575,1.045710179167433,1.0092223176839388,0.9743196309491968,0.9404706306881097,0.9080341313650896,0.8765127539302897,0.8459593712793039,0.8162189724013842,0.7870857817042163,0.7586041155963869,0.7299864242489895,0.7026324245823353,0.6754403320108504,0.6491240005207051,0.622882585494885,0.5971819845914249,0.5719506419957804,0.5469835684450951,0.522578467015924,0.4983096504091178,0.4740947913789271,0.4506477872303128,0.4271439906809754,0.4037791594348157,0.3808338304634298,0.3581252589483353,0.3352240280032459,0.3125929096656518,0.290224915301253,0.2683814143034952,0.2461604564184378,0.2246629118482694,0.2029386885904084,0.1814261479955431,0.1599411557761258,0.1386066247116142,0.1172850511060778,0.0957124072379272,0.0746470064673228,0.0533246249957444,0.0322239102007763,0.0102820219283742,-0.0103327201225151,-0.0317802145880696,-0.0535951477385546,-0.0751034822662595,-0.0962680046978763,-0.1177475138733942,-0.1390101637819059,-0.1604095698107509,-0.1820742183557014,-0.2036476500655097,-0.2253534419420116,-0.2472155300474883,-0.2689855167925917,-0.291030911501025,-0.3130792973129774,-0.3354323439218493,-0.3581548849828691,-0.3812983548644644,-0.4043013015063705,-0.427561511632654,-0.4510271381636254,-0.4746365007045372,-0.4983628921897195,-0.5220660536376805,-0.5466025735365166,-0.5711554597285058,-0.5961386719767869,-0.6214610578795475,-0.6475414326088487,-0.6739058544249704,-0.7008451581236996,-0.7282554872380158,-0.7563103591247391,-0.7847616888717376,-0.8141278214118234,-0.8438269134344158,-0.874841495143814,-0.9063135376384034,-0.9382513050425628,-0.9709959082550212,-1.0052761183187549,-1.041431876657486,-1.0786522231807378,-1.117945331756691,-1.1583446932780002,-1.201612277908298,-1.246303163171072,-1.294359052163863,-1.3442592338952468,-1.3982165215057871,-1.4573478986410089,-1.5215560979749925,-1.592933122905272,-1.6742045678571376,-1.7665641515041628,-1.8767661246286504,-2.017584393321002,-2.213844442837173,-2.5665271040299267,,,,,,,,,,,,,,,,,,,,,,,,,,,,,,,,,,,,,,,,,,,,,,,,,,,,,,,,,,,,,,,,,,,,,,,,,,,,,,,,,,,,,,,,,,,,,,,,,,,,,,,,,,,,,,,,,,,,,,,,,,,,,,,,,,,,
119,2.578825969855067,2.22441389335453,2.027815413118901,1.8872205147116408,1.7763153233821565,1.6836971015044382,1.602700988239279,1.5310305488628364,1.4674479253350454,1.4077098681946023,1.3533508017961915,1.3029897192622206,1.256153760158038,1.211229042635581,1.1687901929330604,1.127798888649889,1.088448469533201,1.0514513658924007,1.01490922105671,0.9802927236785056,0.9464347130081509,0.914206564976898,0.882640291466786,0.8520516334406159,0.8224664362178874,0.7935243851488103,0.7650336659491411,0.736810551866231,0.7093984243741924,0.6821663350598094,0.6560666274980388,0.6298610512671227,0.6045847338923053,0.5792016580411964,0.5544436239254102,0.5300866004171981,0.5061211172955218,0.4818632791891792,0.4582657435956953,0.4352037275827081,0.41171446106167,0.3889233207856959,0.3662588929345076,0.3437125302046817,0.3211150628329173,0.298857779626294,0.2769947031379441,0.2550480843226567,0.2333256716830816,0.2119880828969715,0.1905269239622693,0.1692033042214135,0.1478942037719154,0.1269080536901112,0.1057200680670198,0.0844596246011358,0.0632803138837599,0.0425753545124357,0.0210612017881372,0.0,-0.021055240939021,-0.0424576043291416,-0.063754955029854,-0.0849767044518967,-0.1062198836756625,-0.1274863190187211,-0.1485554996750001,-0.1700445142651473,-0.1912785924118461,-0.2126217239443292,-0.2345050777528946,-0.2559326945033834,-0.2776386129654212,-0.2995334039104809,-0.3217680355962846,-0.3436125294471996,-0.3666095162512277,-0.3893279669631378,-0.4122643976384189,-0.4354579344258594,-0.4586884374254686,-0.4820617509669082,-0.5055376165176171,-0.5292603609563404,-0.5536376501690041,-0.5781728134461921,-0.6031869941353372,-0.6283957979412902,-0.654497724914749,-0.6807257898334591,-0.7072217818834863,-0.7348759485962161,-0.7626111456258482,-0.7910300070335962,-0.8202143284511926,-0.8499055277069265,-0.8808873509083127,-0.9123283554749276,-0.9441182214387894,-0.9767149698150616,-1.0108659448759167,-1.046951189967807,-1.0841713656520764,-1.123093251003602,-1.1636170688908127,-1.2068047183657653,-1.2512852245563502,-1.2991103751313913,-1.348933465397105,-1.402901845563787,-1.4618736023807557,-1.5260049882523234,-1.5974799354865132,-1.6786723552871163,-1.7704736647083148,-1.8805824428163291,-2.0215683362507284,-2.217813430292438,-2.5696175553863307,,,,,,,,,,,,,,,,,,,,,,,,,,,,,,,,,,,,,,,,,,,,,,,,,,,,,,,,,,,,,,,,,,,,,,,,,,,,,,,,,,,,,,,,,,,,,,,,,,,,,,,,,,,,,,,,,,,,,,,,,,,,,,,,,,,
120,2.5816134391259715,2.22717514620942,2.031063334341983,1.8909618603822105,1.7800747066820204,1.6876446612156226,1.6070775390047936,1.535385869623493,1.471748292127895,1.412307249020215,1.357949870977684,1.3077742890154067,1.2608346724318722,1.216233909385764,1.1739387937403627,1.132892282802008,1.0935175221184958,1.0568468264000448,1.0202889163311308,0.98571663597134,0.9519572711602092,0.9196391249439824,0.8885356044878286,0.8577059293006086,0.8283061082382192,0.7995352799804811,0.7712981713529315,0.7431253939820476,0.7159108104250775,0.6888038902898438,0.6622907536190443,0.6366165254721003,0.6112489382742778,0.5859183494158777,0.5613179103941426,0.5372511454493157,0.5132447573075588,0.4892889097307989,0.4658502855103668,0.4426628326194654,0.4195424792718019,0.3966317328230562,0.3741386375104977,0.3519443872567545,0.329666967942143,0.307287069398822,0.2855255042072631,0.2636109308940703,0.2422663861274215,0.2207145309589589,0.1995648455702766,0.178249139002387,0.1573572745389617,0.1362996574684928,0.115270662512085,0.0944169468831474,0.0732705402723076,0.0525423398997781,0.0314835276251427,0.0103309209507005,-0.0103931528203925,-0.0315533579804664,-0.0525961573440193,-0.0736239959030867,-0.0946445033583846,-0.1158180834436955,-0.1367985613610221,-0.1579294915994631,-0.179372828965044,-0.2002640298004141,-0.221699467760387,-0.2432409145297963,-0.2643634509597409,-0.2861208480761622,-0.3081033881390345,-0.3297474213992933,-0.3520771498120705,-0.3745201419639573,-0.3971897386121837,-0.4201601270770389,-0.4429691493026915,-0.4661917831961351,-0.4893999484063963,-0.5124859517567047,-0.5366201333640289,-0.560757794104708,-0.5851894296341487,-0.6099819276646776,-0.635251441113233,-0.6610797187439872,-0.6872789773899808,-0.7138382412354696,-0.7411366014232316,-0.768839534129763,-0.7971056077400988,-0.8262933064557155,-0.8559306109066587,-0.8868253046234021,-0.9181181689917288,-0.9496831456312456,-0.9821273768501556,-1.016446711883622,-1.052671988891451,-1.089670159370944,-1.1283285997641497,-1.1690275915036508,-1.2120656163888572,-1.2564677352526008,-1.3041930044161762,-1.3537787857934087,-1.4075317680245685,-1.4663314907391716,-1.5305203198045458,-1.6018254819567816,-1.6828625587429669,-1.7742522099756264,-1.8843481308925767,-2.0248861539532945,-2.220809043811713,-2.572899026885305,,,,,,,,,,,,,,,,,,,,,,,,,,,,,,,,,,,,,,,,,,,,,,,,,,,,,,,,,,,,,,,,,,,,,,,,,,,,,,,,,,,,,,,,,,,,,,,,,,,,,,,,,,,,,,,,,,,,,,,,,,,,,,,,,,
121,2.584417584406733,2.230625401560795,2.034124669252974,1.8943704602402451,1.783982412728005,1.6913978272137442,1.6113966062713236,1.5395038672360712,1.4761572252662691,1.416771667287143,1.3624395500461517,1.3124734997516652,1.2656237630834517,1.2210071154482771,1.1789249518382348,1.13827136839337,1.09890018172122,1.0624145800851736,1.0258194662287234,0.99145892391099,0.9576771431597804,0.9253633408214292,0.8941984766553167,0.8636341691085508,0.8341161146681408,0.805711994122951,0.7775263049215517,0.7493812027076958,0.7223068272783669,0.6956011622159874,0.6688135581043425,0.6434186980530019,0.6182252745170289,0.5927770009825599,0.5685204386849512,0.5443183470144449,0.5206708919419956,0.4967756624729736,0.4734903819068981,0.4501826100915315,0.4271642684795467,0.4044922716711674,0.3819706400877163,0.3596774082977648,0.3378382663620901,0.3157862352343104,0.2938748988897645,0.272367875817559,0.2508678361657614,0.2295544984839196,0.2084904319279348,0.1872853029232042,0.1664323860568907,0.1456766903859799,0.1246360982396147,0.1041608678224209,0.0831696057480394,0.0622960520547639,0.0416583512088003,0.0205749333203909,0.0,-0.0209932145831681,-0.0417187614967975,-0.0624865870309543,-0.0833970450987199,-0.104448822171961,-0.1252539472218723,-0.1462167851618884,-0.167222194101553,-0.1882760219037321,-0.2090659087961377,-0.2304270816066321,-0.2516400514883699,-0.2730125566023268,-0.2945446930086441,-0.3163303590269084,-0.3379356301808615,-0.3602256288295319,-0.3823227850843446,-0.4050974990282855,-0.4278221330530388,-0.4504404737489423,-0.4734922841133863,-0.4965252994919925,-0.5196217124276316,-0.5436957054026877,-0.5677420473321636,-0.5920116401395359,-0.6167411859813916,-0.6420815736525646,-0.6677142329037371,-0.6937963966386261,-0.7202582791325353,-0.7472208519040355,-0.7749487649829129,-0.8030405740485442,-0.8321658452468633,-0.8619942610305068,-0.8925983549709458,-0.9237034248244111,-0.9551176782808076,-0.9874322512103544,-1.0219813753327027,-1.0578846200086556,-1.094798080394607,-1.1335638128826202,-1.1739866781713837,-1.2168492940218394,-1.2612982261886634,-1.308900037428191,-1.3583123573624545,-1.4120323797798289,-1.4706928445259608,-1.534690777656118,-1.60588758204921,-1.6867453231361929,-1.7777090872897456,-1.8877886271551256,-2.027724284252454,-2.2238669237351125,-2.575920522143096,,,,,,,,,,,,,,,,,,,,,,,,,,,,,,,,,,,,,,,,,,,,,,,,,,,,,,,,,,,,,,,,,,,,,,,,,,,,,,,,,,,,,,,,,,,,,,,,,,,,,,,,,,,,,,,,,,,,,,,,,,,,,,,,,
122,2.587379195326423,2.2343002836667267,2.0379952256804508,1.8981042600777676,1.7881897949705392,1.6954647996884395,1.615775406090373,1.5435116212886215,1.480486495188266,1.4214952505067917,1.3672609877561055,1.3172575948351322,1.2704977169748406,1.2260913696745797,1.1839698750825842,1.143708048828152,1.1043410869396002,1.0677184428950703,1.031403712262222,0.997111574562998,0.9634014910486616,0.9310439381191594,0.9000976366546183,0.8693662622742325,0.8400434118419802,0.811736793879166,0.7836329327106861,0.7556792074008033,0.7286820802638002,0.7021444650183415,0.675506866220008,0.6500633064654865,0.6248408140893067,0.5996958188581697,0.5753318746925241,0.5512815604796513,0.5279412199074,0.5039564145445928,0.4808319433759183,0.4579029694129149,0.4347760892558633,0.4124849138088399,0.3897664380984663,0.3676055240293517,0.3458856661998982,0.324030632717953,0.3021153190190956,0.2807198878300668,0.2595705133957676,0.2383731455049379,0.217374088259109,0.1964330331645771,0.1752110685683825,0.1548197993808052,0.1342072758084896,0.1135403847339626,0.0929747899398336,0.0722971924970147,0.0516146819878554,0.0310865642507727,0.0100701078648193,-0.0103826424686252,-0.0309846486306358,-0.0515819036083685,-0.0722663997732284,-0.0930104582929872,-0.1138517389338415,-0.1344822596781258,-0.1554523300401977,-0.1761580524548526,-0.1969503763564802,-0.2178754549407937,-0.2389203561766027,-0.2598799150118931,-0.2812784101422974,-0.302783292610883,-0.3243454419423449,-0.3460348964000297,-0.3679117187551649,-0.3902157735863764,-0.4125229329593172,-0.4352446812823903,-0.4576449995752576,-0.4806399848100978,-0.5036409505955882,-0.5267830249612211,-0.5505336350081401,-0.574524399483802,-0.5986793084116813,-0.6233506936255595,-0.6485216603649445,-0.6741657223442088,-0.6998844583899257,-0.7264011868391533,-0.7534138124831283,-0.7808927411561482,-0.8089248826192381,-0.838032562826144,-0.8679336039889537,-0.8980703534742135,-0.9292163583749604,-0.9604055050566572,-0.9926889872076808,-1.0272433084747188,-1.063015634289468,-1.0996993803878012,-1.138218716767072,-1.178869507034226,-1.2211575502057317,-1.2656992172753765,-1.3130384597968816,-1.3625368557083937,-1.4159598737557375,-1.474479918991925,-1.5382134660135651,-1.6096764845482678,-1.6901803699450697,-1.7808069571943823,-1.89138249592274,-2.0314440833974765,-2.2269955343906584,-2.578564312251823,,,,,,,,,,,,,,,,,,,,,,,,,,,,,,,,,,,,,,,,,,,,,,,,,,,,,,,,,,,,,,,,,,,,,,,,,,,,,,,,,,,,,,,,,,,,,,,,,,,,,,,,,,,,,,,,,,,,,,,,,,,,,,,,
123,2.5899351318787693,2.237347716934036,2.040919132852721,1.901357931337876,1.7917330754293133,1.6994857618375177,1.6201083147995254,1.547795547393947,1.4848094785039343,1.4257536831274564,1.371409549181679,1.321720471089929,1.2749747106405136,1.230807452912155,1.1887206430787471,1.148655989034516,1.109683175993303,1.0730136344410963,1.0367216453285484,1.0026111646939186,0.9689169541132072,0.9367439130702758,0.9057654470615648,0.8751034014008361,0.8458134451015988,0.8177649639270217,0.7898822178631298,0.7618521186599609,0.7348267423082331,0.7085470488881594,0.6820578117118481,0.656474588047612,0.6314986842010412,0.6065448900081385,0.5820293443534299,0.5581317870471026,0.5348629719932367,0.5112532378700851,0.4881838619885114,0.4652316327561551,0.4423765321654228,0.4200706364057936,0.3975665617545997,0.3753363740149977,0.3536529022298543,0.3319805588782472,0.3104948107366725,0.2890063682319905,0.2679421333846347,0.2470266442493717,0.2260434957395513,0.2052690701626829,0.1841233070457533,0.1636396833438647,0.1433507378391914,0.1227858694355218,0.1025660514735427,0.0821286970487276,0.0615206433813034,0.0410175420473372,0.0202654204319072,0.0,-0.0205646431040001,-0.0409420743092681,-0.0614668188853784,-0.0819762960529599,-0.1026278419308203,-0.1230416329277616,-0.1436783413285742,-0.1643065835509894,-0.1849180134181047,-0.2057644847123287,-0.2263725256124215,-0.247105542848768,-0.2681742338754836,-0.2893664332315153,-0.3108101860416976,-0.3321526823810585,-0.3539204732747368,-0.3756622209977975,-0.3978152903960751,-0.420092418328522,-0.4425750510320504,-0.4651180571519985,-0.4876963507275231,-0.5105661544009359,-0.5337861191285823,-0.5572189820253133,-0.5812437347336068,-0.6051866929803787,-0.6298049212654063,-0.6549865167715802,-0.6804893496031565,-0.7060629452813606,-0.7323955435178418,-0.7593392242371494,-0.7866747909388875,-0.814681468689291,-0.8440510903478744,-0.8737781063394983,-0.9036391713425832,-0.93466056377867,-0.9656159703286517,-0.998118762147115,-1.0326123223155834,-1.068069213394501,-1.1046750474220155,-1.143116321645486,-1.1836833211875029,-1.2259287740623577,-1.2703210159005034,-1.3173842578384425,-1.3669688243837046,-1.4203097476710465,-1.478397181903398,-1.5424627385961145,-1.613674813246158,-1.6940278297493296,-1.784356992230521,-1.89480188417331,-2.034618324525101,-2.2297086877424857,-2.5818111969401625,,,,,,,,,,,,,,,,,,,,,,,,,,,,,,,,,,,,,,,,,,,,,,,,,,,,,,,,,,,,,,,,,,,,,,,,,,,,,,,,,,,,,,,,,,,,,,,,,,,,,,,,,,,,,,,,,,,,,,,,,,,,,,,
124,2.5927270015846973,2.240103454521115,2.0435409302734957,1.9047247840345884,1.795215331597502,1.7031553892944271,1.6238085570538974,1.5514864356566809,1.489120300884717,1.4298960001312366,1.3754857098820386,1.32593883750625,1.2791971079474116,1.2350172387751406,1.1932578053633722,1.1534758178590006,1.1146064590695317,1.078074040490284,1.0417588258713322,1.00793134329865,0.9743542710527427,0.9422197219584116,0.9111351982548614,0.8808791761186331,0.8515202382133958,0.8233367251868927,0.795750764379869,0.767801956193747,0.7409148270459051,0.7148349447579635,0.6884950150885201,0.6629988642138106,0.6378571683543837,0.6133646248649408,0.5889857773198756,0.5649571466323885,0.5416703650311834,0.5184756496118172,0.4953467605067004,0.4725472106800674,0.4497546030778203,0.4274403346169302,0.40511383890789,0.3831042601959427,0.3614074772104544,0.3400802133970866,0.3187571007721168,0.2971008297550781,0.2761202265483465,0.2552527925116656,0.23475825780468,0.21410112567775,0.1932285491372032,0.1724837127157477,0.1522233430098299,0.1319991339888694,0.1118958686981601,0.0916011563786525,0.0711571906477833,0.0510098089408937,0.0307379877936753,0.0100814494981874,-0.0100576746642326,-0.0303269784329816,-0.0507114660154331,-0.0710308433630673,-0.0914530506641203,-0.1119262815484838,-0.1321518499858872,-0.1525496524905088,-0.1730770851670489,-0.1937794524121193,-0.2141526492729902,-0.2346723110752995,-0.2556005111565322,-0.276459783104291,-0.2974948038584036,-0.3185675111923723,-0.340159529198143,-0.361701490961827,-0.3834712399133585,-0.4051856326461736,-0.4274007802671937,-0.4497508008390454,-0.4721955913645945,-0.4946921589766416,-0.5175694418588567,-0.5404869257849152,-0.5639947395155189,-0.5877071747717155,-0.6116728171381629,-0.6363015250355538,-0.6613571094832235,-0.6867772958800421,-0.7122780217005311,-0.7385403420542316,-0.7653510790977422,-0.7924897483618444,-0.8205493045564043,-0.8501489564883764,-0.8793242494491853,-0.9093753783459736,-0.9400137337249578,-0.9711523840638652,-1.003546188915088,-1.0380210857528918,-1.0733493437931612,-1.109769012059452,-1.1480551316374754,-1.1884945492732806,-1.2307741340923526,-1.274855335984152,-1.3216148952932465,-1.3710861790586666,-1.4244844488143906,-1.4825964865053032,-1.5465547143797176,-1.617697953669752,-1.6979767556685508,-1.7880989112401366,-1.898516707849284,-2.037882204716448,-2.232567626562359,-2.58431598597826,,,,,,,,,,,,,,,,,,,,,,,,,,,,,,,,,,,,,,,,,,,,,,,,,,,,,,,,,,,,,,,,,,,,,,,,,,,,,,,,,,,,,,,,,,,,,,,,,,,,,,,,,,,,,,,,,,,,,,,,,,,,,,
125,2.5954250595408457,2.243002097617897,2.0469322945539634,1.9081070449403323,1.7984657858655169,1.706952939628757,1.6273877369804406,1.5556161625114258,1.4929214274838116,1.4336996159027429,1.379520769319075,1.3302531134721285,1.2835077610181087,1.239458859059731,1.1977925056589844,1.1579387424180465,1.1194021559911755,1.082932166047614,1.0470887391003958,1.012968973412396,0.9798112067107384,0.9476836954921598,0.9164762690762572,0.8864710870774319,0.8571242244953889,0.829000738765996,0.80165449646033,0.7739120936768985,0.7469479643302509,0.7209297110299264,0.6948132478399494,0.6695676680061954,0.644551211257149,0.6198894509086708,0.5956425168083029,0.5716402044497995,0.5486492837032211,0.5254469190995332,0.5025686251179908,0.4799007767062638,0.4569664837886694,0.4344924265547019,0.4127027153295087,0.3908395068300165,0.3692039660110592,0.3478728021253017,0.3266887346662159,0.3052237518577045,0.2841596160218965,0.2634212022198257,0.2429885989216769,0.2223459143103458,0.2020134222689959,0.1814336339813387,0.1611034555324562,0.1409517852916904,0.1209176137525866,0.1010004121663481,0.0808346058479313,0.0607168943501307,0.0405237059468442,0.0201881765135697,0.0,-0.0200822844971157,-0.0403552714267595,-0.0603524726353716,-0.0806704367736551,-0.1009320520213551,-0.12112994742943,-0.1412426590353371,-0.1615117376362197,-0.182035010331918,-0.2023744231200873,-0.2227391410321373,-0.2432741723640233,-0.2639118794722078,-0.2846945067890351,-0.3056483689138651,-0.3267279746147332,-0.3481638095260738,-0.3693883950831897,-0.3910886882652142,-0.412854886573377,-0.4349213482615956,-0.4569680896909287,-0.4792326131311333,-0.5017647836921766,-0.5244217392736927,-0.5472178048632768,-0.5706957652713445,-0.5939055022483031,-0.618236034752176,-0.6426225620492465,-0.6677458507786918,-0.6928164523068526,-0.7185408613297083,-0.7447399424144588,-0.7712539463302969,-0.7986405830938981,-0.826375470547461,-0.8558011496088673,-0.8849642302625883,-0.9149470871261816,-0.9453479963051296,-0.9766917315145448,-1.008816987550022,-1.0431860922971827,-1.0785612743673103,-1.1148326725717344,-1.1529125996988336,-1.1934639913644651,-1.2357082883806598,-1.27942762943337,-1.3260533178601168,-1.3754030580964338,-1.4287565413231231,-1.48694351267682,-1.5506383097382077,-1.6218866528969695,-1.7018347855253912,-1.791995655271435,-1.9019938921815955,-2.041622825860981,-2.235929794124303,-2.5865857617749257,,,,,,,,,,,,,,,,,,,,,,,,,,,,,,,,,,,,,,,,,,,,,,,,,,,,,,,,,,,,,,,,,,,,,,,,,,,,,,,,,,,,,,,,,,,,,,,,,,,,,,,,,,,,,,,,,,,,,,,,,,,,,
126,2.5979478661637425,2.245879221099976,2.050289176034501,1.911316647953138,1.8018907927694343,1.7104786556894156,1.631118800299077,1.559549762269353,1.4969884547348646,1.4383129956156493,1.3841814954072598,1.3347848705256602,1.2882510558294906,1.244028779347568,1.202706996750421,1.1628154061092035,1.1246135238693398,1.0877745104370973,1.0522313191599857,1.0181872264801572,0.984940924536907,0.9532283932021656,0.9219578403883196,0.8920923561581497,0.862664366542338,0.8345242155696294,0.8072737434062239,0.779851508154805,0.7531167560742553,0.7268995687366824,0.7009608639506982,0.6758212263880756,0.6510186959549775,0.626432644628822,0.6020752872855548,0.5784778776459572,0.5551529609586136,0.5323108947335837,0.5096425267098142,0.4868302824627893,0.4642044329865682,0.4417726316200837,0.4201856323362299,0.3983057111191861,0.3769911487510042,0.3554577452879733,0.3344910310328502,0.3132800759918934,0.2921130166758333,0.2714111014766395,0.2511657653179267,0.2307374356147877,0.2102443624648568,0.1900600917334965,0.1697804529798373,0.1496767413618378,0.1300576480680527,0.1098744024009249,0.090136085560916,0.0700965322187227,0.0504085838812236,0.0298468669574282,0.0099264628800796,-0.0101465195077852,-0.0301038082169443,-0.0501276603508181,-0.0700178304048283,-0.0902639457839806,-0.1101725482122735,-0.1302919829747147,-0.1504293540439774,-0.1705727393210388,-0.1906593687360644,-0.2111011897084645,-0.2312437617250154,-0.2515894302417144,-0.2721869779828165,-0.2926628156485651,-0.3137700263383189,-0.3345887687194632,-0.3559914940068814,-0.3771445512851098,-0.398671427980478,-0.420303274169121,-0.4420054692896423,-0.4639212193015772,-0.48631108372865,-0.5087710963389062,-0.5312100103204342,-0.5539050523220939,-0.5773094013676473,-0.6004994447594779,-0.624543724296072,-0.6489567382860704,-0.6738462656482269,-0.6991855741952635,-0.7246034495570568,-0.7507984462682976,-0.7775310754972358,-0.8042721157255492,-0.832235572522287,-0.8615633864571534,-0.8907801089223778,-0.9204422031149404,-0.9508201173123668,-0.9818566307711182,-1.0140023452237457,-1.0484958602129848,-1.0836700289991013,-1.1196512977993307,-1.1575588945537754,-1.198305445276901,-1.2400797891020892,-1.2839958072502264,-1.330675312474565,-1.379774787301812,-1.432981603303458,-1.4913849042731868,-1.555019962788049,-1.6259014084901466,-1.7055961966300657,-1.795768247311862,-1.9056958252440548,-2.04527311905022,-2.239362860176516,-2.590098052356768,,,,,,,,,,,,,,,,,,,,,,,,,,,,,,,,,,,,,,,,,,,,,,,,,,,,,,,,,,,,,,,,,,,,,,,,,,,,,,,,,,,,,,,,,,,,,,,,,,,,,,,,,,,,,,,,,,,,,,,,,,,,
127,2.600024275183823,2.2495507614072765,2.054106856483517,1.9151338976618155,1.805501959703912,1.7143160019939954,1.6354398042021057,1.5637410737596946,1.501236994001292,1.4425321608503334,1.3886722101323647,1.3391996771399794,1.2930040518278587,1.2487679791387738,1.2075193952773975,1.1678502311965586,1.1296319589582673,1.0929466170773774,1.0572141589070738,1.0233795236551753,0.990390911182965,0.9585463487947218,0.9277602773095648,0.8977049374011274,0.8684472363109313,0.8402226329120025,0.8130238017775988,0.7857843191841711,0.7592360857589434,0.7330323990336407,0.7072679904754258,0.682265234166731,0.6574031337497624,0.6329523554553511,0.6087793953183743,0.5851723631783512,0.561947075757363,0.5390430106937075,0.516534992524018,0.4940181758154944,0.4716535929899024,0.4492247804032143,0.4275821891806378,0.4058393532406901,0.384392522006694,0.3634616263460876,0.3422843868565567,0.321252338531338,0.3003629790042483,0.2795668122657,0.2593752845009103,0.2390967632931837,0.2186454474326545,0.198610063681842,0.1785481223612355,0.1585047780166067,0.1389924407754956,0.119038218293645,0.0990848841453869,0.0795243282762543,0.059785149526161,0.03994376717276,0.0197018949146089,0.0,-0.0199082100413359,-0.0396595008134337,-0.0595925586820429,-0.0793679993599349,-0.0993281471321943,-0.119256258282087,-0.13921038102427,-0.1592895652410434,-0.1792059535208398,-0.1992952506376195,-0.2194635014290991,-0.2393199031089773,-0.2600209289650749,-0.2798976337757224,-0.3004946808153165,-0.3215624235613717,-0.3423785839032683,-0.3633604336947186,-0.3846139556225494,-0.4059858705680438,-0.4274654471086511,-0.4489802203629233,-0.4711016523844301,-0.4931497749769846,-0.5156166717610555,-0.5378401278693664,-0.5607219009242448,-0.5837491007864153,-0.6071082679397165,-0.6308274236455017,-0.6551775688093002,-0.6798947627096281,-0.7053147664169483,-0.730639816891532,-0.7568463240801824,-0.783229236484426,-0.8101453471384293,-0.8381606745911829,-0.867119805595164,-0.8964241318535882,-0.9257335796540624,-0.9560495322939552,-0.9870057983555048,-1.0189683568095556,-1.053335189682406,-1.0883623358491197,-1.1244387608701687,-1.1623627252959856,-1.20281951413847,-1.2444316925492571,-1.2883479602703924,-1.3348742858356064,-1.383953400867394,-1.4370194376471612,-1.4954277638071432,-1.5592756811844162,-1.62948387059613,-1.709542363163698,-1.7989002235249336,-1.9088483846917623,-2.0483973111674505,-2.2423458220868677,-2.593425567603896,,,,,,,,,,,,,,,,,,,,,,,,,,,,,,,,,,,,,,,,,,,,,,,,,,,,,,,,,,,,,,,,,,,,,,,,,,,,,,,,,,,,,,,,,,,,,,,,,,,,,,,,,,,,,,,,,,,,,,,,,,,
128,2.603084578327906,2.253340963160556,2.057222815577037,1.9186389681993663,1.808828203490255,1.718187726102227,1.639370531899513,1.5679254953801955,1.5051919622174372,1.446722319673051,1.3931604421685009,1.34348203462404,1.2971298371627216,1.2532262456126988,1.212038172310652,1.1724881230659074,1.1344236606890448,1.0977694571123444,1.0622038442521424,1.028312982082505,0.9955146167091334,0.9635539983450704,0.9331666881387036,0.9031507246512066,0.8741066618876421,0.8456847348376898,0.8185568580128467,0.7914931179028395,0.7650270703587033,0.739063075591366,0.7133402407034876,0.6883088068921397,0.6636696384708622,0.6393453387914496,0.6152601570495587,0.5915676387909077,0.5685481061482712,0.545799632243219,0.5231533841919791,0.5009539108984149,0.4785547362612224,0.4564349689609216,0.4347298022055543,0.4133739569637959,0.3914634841490443,0.3707847274465208,0.3499395686634255,0.3290288181064341,0.3082055845793136,0.2876664676791786,0.2674790023436046,0.2473579848456645,0.2270240509303606,0.2068418697554501,0.1870142604351805,0.1672053608560967,0.1474008033206518,0.1280270360339951,0.1080293725637639,0.0886805329258923,0.0690803726240253,0.0496319422813913,0.0293302090259326,0.0096612939309388,-0.0096382951605854,-0.0295528895046822,-0.0493146316858914,-0.0690162167701568,-0.0889277647589622,-0.1084298543373284,-0.1283655418658169,-0.1481954647128364,-0.1679278747682062,-0.1878666336472809,-0.2076710124355088,-0.2276724277783963,-0.2477435620499983,-0.2679477108707547,-0.2879383492310919,-0.308454856295748,-0.3293259756052699,-0.3500300409126132,-0.3708551949917861,-0.3920578563572725,-0.4133390148084445,-0.4347735517112605,-0.4561056142058803,-0.4780958600057638,-0.5001249815511672,-0.5222134593488011,-0.5444565110808036,-0.5674111896192928,-0.590274573551593,-0.6135528376420647,-0.6372408887868635,-0.6615502553184934,-0.6860869532198556,-0.7115076627533453,-0.7364541362345719,-0.7625762755047786,-0.7891040495341743,-0.815904554133312,-0.8440023621803435,-0.8724673049384662,-0.9018512647726692,-0.9312108993822524,-0.9613647293656165,-0.9922411333009888,-1.0241312480725742,-1.0582533851906528,-1.0931342324237456,-1.1294545998300185,-1.1674221208121147,-1.2074638068267824,-1.249101858799112,-1.293007330852701,-1.3392390714065805,-1.3884515552007195,-1.441071869499257,-1.4995980096318475,-1.5631025251937132,-1.6337859998439874,-1.7135396422642348,-1.8028080896949985,-1.91262806294548,-2.051647403949003,-2.245709274300753,-2.5970319572253167,,,,,,,,,,,,,,,,,,,,,,,,,,,,,,,,,,,,,,,,,,,,,,,,,,,,,,,,,,,,,,,,,,,,,,,,,,,,,,,,,,,,,,,,,,,,,,,,,,,,,,,,,,,,,,,,,,,,,,,,,,
129,2.6053880435887566,2.255991242115168,2.060258067561615,1.9217385510838023,1.8121343258406488,1.721747179573668,1.643120307490754,1.5717996656834228,1.5091725940163154,1.4506759223566628,1.3969066084816049,1.3475371442258477,1.301400050654506,1.2575771586554532,1.2164501501800424,1.177036568208117,1.138886660992862,1.1027810800712492,1.0669671010839843,1.0331870672083996,1.00057350414748,0.9688016300213264,0.93831709335414,0.90812249536076,0.8794929856291508,0.8511620620208052,0.824166780457336,0.7974945896256499,0.7710245834854648,0.7447220756507597,0.7194470825983756,0.6942786809573669,0.6699834118330542,0.6455075485732868,0.6216507628038398,0.5980619787646093,0.5751627230178051,0.5524761240177433,0.5300912829065824,0.5078029474239958,0.4857323848028229,0.4635045334825315,0.4419175069456965,0.4204893622648925,0.3992066665847691,0.3781425547951914,0.35755208063639,0.3366046683513581,0.3161545993062233,0.2954011264337497,0.2754323322343158,0.2554850899590262,0.2352038452034502,0.2151001352231039,0.1951228420981406,0.1755289387281972,0.1559945902914991,0.1367146906362368,0.1173207987236624,0.0977123249332635,0.0782316622028169,0.0589159433679089,0.0392888748500371,0.0193844857272945,0.0,-0.0194298238862874,-0.0393218075244359,-0.0587156870320897,-0.0783259359564044,-0.0978082971706923,-0.1174211278433366,-0.1371415874746429,-0.1567722032229511,-0.1764581834703164,-0.1962022700322126,-0.2159704636613824,-0.2357781248607027,-0.2557158306175399,-0.2757320790286938,-0.295797541861311,-0.3161660058781812,-0.3369403116240587,-0.3575152522375113,-0.3784755623609063,-0.3994199640664669,-0.4203217597751153,-0.44165388981269,-0.4630718435916071,-0.4849196891226007,-0.5068811739316248,-0.5286368147444623,-0.5508905489568778,-0.5736909070310566,-0.596585802759696,-0.619887895515864,-0.6434186226182934,-0.6676678051350634,-0.6920287777469676,-0.7173536829932761,-0.7421404478059281,-0.7682886273045955,-0.7945376629687606,-0.8216294433961219,-0.8493550408476355,-0.878131081908208,-0.9071105266340014,-0.9362945783838442,-0.96628984870697,-0.9969886916619364,-1.0286949345995795,-1.0629858735341629,-1.0979118365348102,-1.134123781062593,-1.1719883363217771,-1.2119533945086016,-1.2534448548037598,-1.297398669618188,-1.3434286041242929,-1.3925734981135625,-1.4450821418277702,-1.5035783528315148,-1.5670558624758617,-1.6375580589288747,-1.717215684137721,-1.8064566483588904,-1.9160989314810368,-2.0552491518580807,-2.2487887418396824,-2.599631150191813,,,,,,,,,,,,,,,,,,,,,,,,,,,,,,,,,,,,,,,,,,,,,,,,,,,,,,,,,,,,,,,,,,,,,,,,,,,,,,,,,,,,,,,,,,,,,,,,,,,,,,,,,,,,,,,,,,,,,,,,,
130,2.607637411313917,2.259214019958557,2.063113937735312,1.9250668464995635,1.815604771532878,1.725198048672184,1.6465411821776434,1.57538361655343,1.512801960580765,1.4546434932420271,1.4011200689722505,1.351383722571802,1.305508370324687,1.261610447980202,1.22070196692938,1.1813105684658485,1.143290131951347,1.1072065013874466,1.071692625430824,1.0379957252304586,1.005579526955815,0.9736053616971144,0.9433417249145958,0.9133288488506788,0.8844186247526341,0.8564831539509642,0.8292993096427239,0.8030182446177061,0.7765067688784285,0.7505171569234792,0.7250671753331039,0.7000168108432042,0.6758466899526134,0.6516211985778516,0.6278352895728205,0.6043788357290144,0.5814461852661735,0.5589024547027304,0.536282492678927,0.5144181686350842,0.4924918219371435,0.470604843273104,0.448756258562546,0.4274560732470027,0.4063189029495395,0.3852804620583169,0.3647077097428295,0.3440504349497569,0.3235227655737047,0.3030566781552536,0.2831448010194531,0.2632760179737096,0.243294238716045,0.223229287017502,0.2034667083035793,0.1838690378292305,0.1642405216598055,0.1450519195603475,0.1258867289611027,0.1065558759443202,0.0870947749692463,0.067944738248482,0.0486005282873584,0.0289310838886662,0.0096518357020187,-0.0098764729584371,-0.0292513101787221,-0.0486831797224298,-0.0681565730937897,-0.0873332012579097,-0.1068796613806628,-0.1262285963139748,-0.145756644189413,-0.1653405344527889,-0.1850231253353639,-0.2045795121412221,-0.2240440642433645,-0.2439332808224847,-0.2637613854936487,-0.2837066890193012,-0.3035744048282397,-0.3238714543878331,-0.3444738056252939,-0.3647996783997503,-0.3858428422212751,-0.406570630472071,-0.4275991021550633,-0.4487263035916083,-0.4701474437100137,-0.4916298682701445,-0.5135020184561582,-0.5351670539637333,-0.5576330581207405,-0.5800900604667888,-0.6030299446427662,-0.6261555548565417,-0.64971515190485,-0.6735729719214109,-0.6979606407110385,-0.7229875614438526,-0.7479777436189933,-0.774096675545902,-0.8001337821734875,-0.8270842824259084,-0.8547328454296125,-0.8833459720964849,-0.9121911800789094,-0.941419036746666,-0.9713929511001416,-1.0019352065449292,-1.0336685070399527,-1.0679320201703495,-1.102628058275346,-1.1388588042913383,-1.1767295943675908,-1.2164753994886008,-1.2579088552929925,-1.3017518268080064,-1.3474921124656414,-1.396491473892871,-1.4493825394636892,-1.5076139050363122,-1.5709422965065882,-1.6411936380110106,-1.7209371982073487,-1.8098924585909408,-1.919414508847969,-2.0586197771471784,-2.2520389386136648,-2.601751105716346,,,,,,,,,,,,,,,,,,,,,,,,,,,,,,,,,,,,,,,,,,,,,,,,,,,,,,,,,,,,,,,,,,,,,,,,,,,,,,,,,,,,,,,,,,,,,,,,,,,,,,,,,,,,,,,,,,,,,,,,
131,2.6099881172218558,2.261868281175104,2.066866968858445,1.9284635201380984,1.8192059630472923,1.7288599557443876,1.6502031731693867,1.5792175742566847,1.5166547537347417,1.4587690298777882,1.4051578896607395,1.355403349177107,1.3095332054560809,1.2657997223136237,1.2250290233971384,1.1858238174384188,1.1479122105677162,1.1114978450671509,1.0766546104912371,1.0428649803748349,1.0105289401275732,0.979018528690714,0.9483488550661112,0.918748921905888,0.8899609914523302,0.8619909826694536,0.8347444327778021,0.8086604013057488,0.7823454767328875,0.7566128659530297,0.7312316871299949,0.7060766120247908,0.6819273939412004,0.6578256457336822,0.6340018368369973,0.6107737492472922,0.5878410515201107,0.565398947469758,0.5429975665821987,0.5210320932813602,0.4991824019010273,0.4775888092641256,0.4558127655275368,0.4344364826596604,0.4134484007695913,0.3927410516042292,0.3723538336743393,0.3517837385748112,0.3311387741274119,0.3108802701647278,0.2911485347212274,0.2712280838336035,0.2514998324154232,0.2314605292928933,0.2119393868122788,0.1922848229867209,0.172863770262513,0.1536144043087911,0.1346284704216597,0.1155997064151646,0.0962580735371584,0.0770641125421181,0.0577284058239215,0.038737729137688,0.0193402821784132,0.0,-0.0192959792065511,-0.0384189149073301,-0.0579641062013852,-0.0768960180518061,-0.0961266847255172,-0.1155077096125918,-0.1348254815094706,-0.154039788877618,-0.1737513370935894,-0.1931058525726455,-0.2124244465669304,-0.2322797598307375,-0.251691511722001,-0.2714470698048957,-0.2911226618520393,-0.3111945817925066,-0.3313597319456246,-0.3517578950253229,-0.3721206690519579,-0.3929306747056161,-0.4133942462935586,-0.4345958986996541,-0.4555864065148231,-0.4766987255677538,-0.4982691307761724,-0.5198897611218856,-0.5415899216703037,-0.5637467776925214,-0.586327182148217,-0.6091947809015322,-0.6322910865506854,-0.6556490820308333,-0.6795338486025179,-0.7040128844299024,-0.7285193990194498,-0.7535509555814675,-0.7795383588630214,-0.8057817649861616,-0.8325916835630273,-0.8601165599767692,-0.8884763722448675,-0.9170106301925578,-0.9462344363527684,-0.9761147205223324,-1.006724521921918,-1.0386714742403649,-1.0726158053531678,-1.107046534998941,-1.143312169475564,-1.181188733270156,-1.2207609109543345,-1.262309704511949,-1.3060685684308937,-1.3514328803298137,-1.4004522546466434,-1.453354254743351,-1.51158236907942,-1.5749631727545823,-1.644811472329955,-1.7245189949673914,-1.8135180657919727,-1.9229527036004184,-2.061935761164362,-2.255241028649108,-2.6043798847178232,,,,,,,,,,,,,,,,,,,,,,,,,,,,,,,,,,,,,,,,,,,,,,,,,,,,,,,,,,,,,,,,,,,,,,,,,,,,,,,,,,,,,,,,,,,,,,,,,,,,,,,,,,,,,,,,,,,,,,,
132,2.6125468398272598,2.2641407635103827,2.0699638734646117,1.931355962930196,1.8224466943638615,1.732168488989758,1.6536256608624007,1.583127163469814,1.520350847988197,1.4628195787563107,1.4090372594996077,1.3595520706252535,1.3135903849524466,1.27010173630402,1.229232450513839,1.190220545166658,1.1526484137441355,1.116328485885707,1.0813157404739429,1.047847734135102,1.015613257562127,0.9840714488281656,0.9534521751382452,0.9240541857770684,0.8950085899010193,0.8672439210630443,0.840078651766662,0.8138487902984393,0.7878976759879617,0.7621558548793742,0.736922474144885,0.7118073969110835,0.6877950882687862,0.6637379728262057,0.6400792262833401,0.6168716770508278,0.5938869618619327,0.5716376156597999,0.5494193094332213,0.5275081541775161,0.5058231369784733,0.4842631858423488,0.4626367384910967,0.4415301638741324,0.4204191802368535,0.3997098476042863,0.3792984749765889,0.359290834674708,0.338691183160051,0.3183535220603194,0.2986177539801033,0.2790084047277584,0.2593132088328697,0.2397640792656325,0.2199882884361354,0.2005100306199491,0.1811284183879534,0.1619752348038381,0.1430074266393367,0.1242864440869954,0.1051342813431226,0.0858348012843474,0.0668524215979848,0.0477684945302763,0.0286879651393346,0.0096052903833722,-0.0094116478093058,-0.0287617014393786,-0.0476867555735587,-0.0669664542697619,-0.0857987375707208,-0.1048006694887389,-0.1243652381429111,-0.1433556843457039,-0.162595823910111,-0.1819947361602169,-0.2012335573917114,-0.2206856657142916,-0.2402895735352365,-0.2594056807540676,-0.2790981789970084,-0.2987155995502217,-0.3186721481057594,-0.3387102658498577,-0.3590560446876242,-0.3794514879094933,-0.3997691268930144,-0.4203480696612493,-0.4415397342274386,-0.4622710824081797,-0.4833535054830356,-0.5046765260715304,-0.5261886093965583,-0.5478331244462974,-0.5701407493264593,-0.5925019894032414,-0.6151665836024103,-0.6381344292670067,-0.6615589823569704,-0.6854693180122308,-0.7096579423429754,-0.7342037617132806,-0.7592062543000923,-0.7851543530448493,-0.8112292438022085,-0.8378604188726091,-0.865353569969998,-0.8935972277466683,-0.9222131292406324,-0.951123861329188,-0.9810045818814056,-1.011392536632985,-1.0435531775316556,-1.0775153333780294,-1.111951682390467,-1.1480927357205055,-1.185725023742041,-1.225156515354198,-1.266773903657355,-1.310585246916076,-1.3556970541455533,-1.4044024118203848,-1.4572062815782711,-1.515401007628164,-1.578986232190373,-1.6487363711239538,-1.7280336914824037,-1.8170674256512316,-1.926080302412416,-2.0650307892080693,-2.258507446700696,-2.606785026013836,,,,,,,,,,,,,,,,,,,,,,,,,,,,,,,,,,,,,,,,,,,,,,,,,,,,,,,,,,,,,,,,,,,,,,,,,,,,,,,,,,,,,,,,,,,,,,,,,,,,,,,,,,,,,,,,,,,,,,
133,2.6150170913434034,2.2669559684685754,2.0727722726528346,1.9345825313922265,1.8260983946339495,1.735753561886454,1.6571957498046748,1.5869345122959229,1.52430757329033,1.4666714537589451,1.413246505232422,1.3636668318257743,1.31793367929876,1.274833761392818,1.233506713532138,1.1946112136114602,1.1571139925463263,1.1208993133518357,1.085940409044451,1.0529061367530477,1.0202693073762623,0.9891374347002336,0.958668152300084,0.929235617541224,0.9001929870388854,0.8724536911067835,0.845370314828651,0.8191965619034818,0.7933736765414314,0.7678146230226441,0.7426041692196205,0.7175665833288218,0.6933542013953967,0.6696347351462134,0.6459292094754737,0.6231646996671165,0.6001220650257375,0.5777467432427117,0.5557555083730913,0.533857563778941,0.5124247095029651,0.4908538846519736,0.4694590176838192,0.4483742486270359,0.4275675953620523,0.4065568967133198,0.386252498150758,0.3663970641051453,0.3461224603325446,0.3258616040577213,0.3060105566729842,0.2864458228141523,0.2669597936475522,0.2476412083305266,0.228149950504016,0.2085701185482398,0.189302817595435,0.1701652800459226,0.1511476768597331,0.1325413962263558,0.1138311581726196,0.0945982865397141,0.0755255026037235,0.0569076617673883,0.0379220871904024,0.0187626575643951,0.0,-0.0189694774423766,-0.0380329549523961,-0.0572020918744348,-0.0758456265498804,-0.0945795407007948,-0.1137918155145847,-0.1328474449619347,-0.1518584018597353,-0.1710331979535286,-0.1901398814564889,-0.2093311890570632,-0.228717974473778,-0.247870780493415,-0.2671751274700367,-0.2867542383153467,-0.3064986443685087,-0.3261883523947907,-0.3462986653720882,-0.3661846343532778,-0.3862959368431325,-0.4069217953254953,-0.4272813496299259,-0.448387413380893,-0.4689754694381641,-0.4899036082713992,-0.5111422949351798,-0.532839853278098,-0.5543229273462112,-0.5764394404383731,-0.5986902614584706,-0.6213494505796807,-0.6441464424155889,-0.6676808182108722,-0.6912830472359432,-0.7153863685078422,-0.739752415976516,-0.7650065413835413,-0.7906424028882539,-0.8166936589632904,-0.8431605255930256,-0.8705785893409177,-0.8988803648873452,-0.9274085708019184,-0.9562533039278368,-0.98569711306805,-1.0162498196367422,-1.048452342929886,-1.0823540996737313,-1.1165238659719594,-1.1528666274389952,-1.19030030047862,-1.2296585815606949,-1.2711436221220622,-1.3147370015134423,-1.3599233991036823,-1.4085557162778193,-1.4611093721830464,-1.5192970204771634,-1.5825501672213962,-1.6523192149833608,-1.731276286026426,-1.820463484366448,-1.9292553811716309,-2.068513123906579,-2.2608102508572943,-2.609802063506377,,,,,,,,,,,,,,,,,,,,,,,,,,,,,,,,,,,,,,,,,,,,,,,,,,,,,,,,,,,,,,,,,,,,,,,,,,,,,,,,,,,,,,,,,,,,,,,,,,,,,,,,,,,,,,,,,,,,,
134,2.617747775361888,2.2696236389568147,2.076018590963566,1.9379626318322876,1.8295209190602235,1.7392707962806104,1.660999434647994,1.5907716608334097,1.5282084734690955,1.4707544692963508,1.417428010764178,1.3679371252014023,1.3220160743761742,1.2791305713826242,1.2380413847758882,1.199012870274094,1.1617168514122365,1.1256651411752554,1.091020107909274,1.057904161553674,1.0255446101278214,0.9945232790983976,0.9640480988478204,0.9347630880524302,0.9059012244716022,0.8780333780485291,0.8508329431471918,0.8247221673540138,0.7987572319576574,0.7733490355537302,0.7484449398055811,0.7235454718817409,0.6992424269606778,0.6756614677683478,0.6521928514857802,0.6293794333892111,0.6066595984073214,0.5842274316656417,0.5623664114663749,0.5406087659990882,0.5191119414439672,0.497503311156911,0.4765269356756026,0.4553777300449448,0.4346815160733969,0.4137314772552065,0.3935714386448737,0.3734982012669016,0.3535896688761307,0.3333520346541385,0.3138617557534775,0.2939002743298216,0.2745991175396714,0.2555496635134314,0.2362694462046493,0.2167410779871721,0.197542100948055,0.1783967432768244,0.1596090609342215,0.1407403440272799,0.1224993886505716,0.1035423653109473,0.0846062893597037,0.0658827446439827,0.0472000052488353,0.0282489024476025,0.0093292367229403,-0.0094678656598006,-0.0282043339000642,-0.0472130847868209,-0.0659842661549154,-0.0845188379266863,-0.1034123613499743,-0.1223806183878097,-0.1410477401275283,-0.1601408679122751,-0.1793849379593112,-0.1980804749720777,-0.2171614102280567,-0.2364224133032164,-0.2553908199464152,-0.274571188831912,-0.2940734791953393,-0.3137878587960175,-0.3335282466101935,-0.3531648800289744,-0.3731132511912805,-0.3934192599438281,-0.4136523433637756,-0.4340846274121855,-0.4550466862658123,-0.4756575304123387,-0.4962600793977295,-0.5176708787144154,-0.5390055833664029,-0.5606588976701976,-0.5826476287719405,-0.6047764850461769,-0.6273611183388123,-0.6503980399910483,-0.6736961659150624,-0.6972407994155204,-0.7212573043794305,-0.7456979527472144,-0.7709413789627114,-0.7961283725044334,-0.8220805268577904,-0.8484215494218537,-0.8759519315532133,-0.9041915929401037,-0.9325819231914648,-0.9613109990916638,-0.990505998083676,-1.0210939884726626,-1.053304692884999,-1.0868291894057736,-1.1211873123877456,-1.157349196002385,-1.1946746970369957,-1.2338691204434562,-1.2754171247972106,-1.318859419197623,-1.364181943411304,-1.412582796148495,-1.465032183326491,-1.5231914386877698,-1.586180388429702,-1.6557426849253118,-1.7345701950889627,-1.8238749093434483,-1.9327508990488316,-2.071914337913676,-2.2634054707760884,-2.612853836858464,,,,,,,,,,,,,,,,,,,,,,,,,,,,,,,,,,,,,,,,,,,,,,,,,,,,,,,,,,,,,,,,,,,,,,,,,,,,,,,,,,,,,,,,,,,,,,,,,,,,,,,,,,,,,,,,,,,,
135,2.619585040593396,2.2717836890096863,2.0785821725219265,1.940900406481517,1.83246075116916,1.7421689990830274,1.664479150835262,1.5941201372849725,1.53178363559153,1.4744911659202553,1.4208514429468848,1.3714525389412917,1.3257148191605912,1.2831634432180596,1.2424267262909547,1.2032077630991742,1.1660475247431643,1.129899578862722,1.0953475322525623,1.0625367167988449,1.0301798576732917,0.999155645536978,0.9688746706071892,0.9395684641914952,0.9106035697969485,0.8830686940121992,0.8557904545399557,0.8298536881255725,0.8038647500082371,0.7787552369089666,0.7538184544776464,0.729191701743533,0.7048429580408457,0.6814575641339622,0.6579438321283053,0.6351173689531697,0.6126905954965703,0.5903516998025401,0.5684098960100552,0.5468303707510319,0.5253346916401848,0.5039317447281944,0.4829913016212387,0.4620233859491821,0.4414232906378281,0.4205845709509876,0.4004392179990807,0.3804440570665652,0.3606898649453491,0.3405222306921684,0.3209385196350611,0.3010750510851227,0.2819269809941594,0.2628133934455749,0.2439250281244633,0.2245744813240259,0.2054651921932949,0.186505652713958,0.1676171161400915,0.1488952156138055,0.1306187887794195,0.1119748259174628,0.0930925395710744,0.0743451080597122,0.0558837803774009,0.0372919013761323,0.0184360909616132,0.0,-0.0189326663489308,-0.0375225439362008,-0.0564003962346137,-0.0749200052174492,-0.0934596494619865,-0.1123079729954502,-0.1309822083607647,-0.1496815758514649,-0.1685479718725153,-0.1874405083345053,-0.2061200191986749,-0.2252158062934863,-0.2441719851051587,-0.263168731245856,-0.2822420187784472,-0.3017807781657353,-0.3213005964125215,-0.341049988702654,-0.3604765236974814,-0.3803878221653758,-0.4004844508020211,-0.4206879076852811,-0.4411307430977196,-0.4617942595230725,-0.4821478870874838,-0.503037074956973,-0.5241481726906544,-0.54507158681154,-0.5670780233540206,-0.5887810549601292,-0.6110090151395426,-0.6333923639499857,-0.6562290467931509,-0.6797533502869696,-0.7029562772986545,-0.7270408864544252,-0.7512863787845164,-0.7764344244954068,-0.8018236266266975,-0.8275281485378931,-0.854002541555393,-0.8811582268860835,-0.909350068274984,-0.9375104418138936,-0.9661706171719374,-0.9952348584354712,-1.0260821544064735,-1.0578643587796015,-1.0913459570098032,-1.1260599536342653,-1.1616818487158256,-1.1992160496119089,-1.2384580421763711,-1.2795241558245667,-1.3232785596585177,-1.3682461816740232,-1.4165126804596186,-1.4693633489574285,-1.5270434168147649,-1.5898480761454852,-1.659389026620073,-1.738112870783613,-1.827174575034533,-1.9361752979844336,-2.0750596571633384,-2.26650966546442,-2.6151721013409266,,,,,,,,,,,,,,,,,,,,,,,,,,,,,,,,,,,,,,,,,,,,,,,,,,,,,,,,,,,,,,,,,,,,,,,,,,,,,,,,,,,,,,,,,,,,,,,,,,,,,,,,,,,,,,,,,,,
136,2.62276802608994,2.274480434966806,2.082225619426058,1.9440487260637864,1.8358557534254607,1.745560532878191,1.6681359425198654,1.5979432404188436,1.535654938479746,1.4787219980792194,1.4250978836576655,1.375684008941077,1.3301088038741071,1.287557936029742,1.2467441238328976,1.2079294299339816,1.1706826984297296,1.1347525108630805,1.1000969287139424,1.0672387371947605,1.035328365844801,1.0043528757790157,0.974095574979808,0.9445714395340536,0.9159397111457144,0.8883904649833707,0.8613379167956405,0.8352367900566318,0.8092778515810382,0.7845555575588212,0.7595523123058734,0.7347018789151464,0.710680552126384,0.6871539476533851,0.6639313614743039,0.641285355032211,0.6186143092925283,0.5965921262511209,0.5744790059790387,0.5530214090868298,0.5315737602664194,0.5104316708400498,0.4895711999841705,0.4687307728190744,0.4482931032718101,0.4276436348217028,0.4072657943949265,0.3875013897546081,0.3676344395683463,0.3478596251335124,0.328377640100821,0.308702787230765,0.289522066563065,0.2704671293615444,0.2515377859078583,0.2324598781480115,0.2134512908395712,0.1946776846224518,0.1757284739377934,0.1573597453729422,0.1388389274011733,0.1207447704113154,0.1019531415921912,0.0831082413135997,0.0648568052996815,0.046408581997093,0.0277934883073624,0.0091912404210017,-0.009283936495668,-0.0279213571425424,-0.0462610418782957,-0.0649907722179533,-0.0833679259604469,-0.101961059386564,-0.1205411095035259,-0.1390759788665378,-0.1579185973899533,-0.176694419153862,-0.195268729039916,-0.2139436192015802,-0.2327731838409232,-0.2517367527299494,-0.2705525219747265,-0.2895262417983808,-0.309034541545832,-0.3284238522776789,-0.3480024423167776,-0.3675983475706623,-0.3873702967853806,-0.4075100639793036,-0.4275546683217488,-0.4476633707925388,-0.4681383108571703,-0.4886841175920308,-0.5095865911950616,-0.5302926316005588,-0.5514306444662168,-0.5732917250159674,-0.5949052822691039,-0.6167744141321442,-0.6390357085703059,-0.6619985883004842,-0.6853343647095514,-0.7086582847628993,-0.7326251497511052,-0.7567807795038164,-0.7816931355925383,-0.8070532819776843,-0.8328754204774519,-0.8592629075072882,-0.8861848225219823,-0.9141413489449584,-0.9422554611114397,-0.9707902278427236,-1.0000089226014963,-1.030650249117221,-1.062483092864301,-1.0961261906347115,-1.13045423453754,-1.1660152887431272,-1.2033926752612112,-1.2425326049369405,-1.283701139767835,-1.3270995332468625,-1.3722589078212568,-1.4202878995619512,-1.473339831601142,-1.531014231463854,-1.5934793640676503,-1.6628405312013104,-1.741500189110481,-1.830575991363876,-1.939136727006375,-2.0777832670211067,-2.2690760934776826,-2.617352181026273,,,,,,,,,,,,,,,,,,,,,,,,,,,,,,,,,,,,,,,,,,,,,,,,,,,,,,,,,,,,,,,,,,,,,,,,,,,,,,,,,,,,,,,,,,,,,,,,,,,,,,,,,,,,,,,,,,
137,2.624951550775517,2.27694697844818,2.0844730263773577,1.946902191384012,1.8391391023601384,1.74876479297219,1.671413149809331,1.6015365406694828,1.5394161880299264,1.4826627960220329,1.429406515521194,1.37984829915421,1.3341723148766145,1.2917512562516915,1.251019220041785,1.212219775142007,1.1751560189949382,1.139192569260524,1.104732951693745,1.0720207647559532,1.0403846935615408,1.0091097150017738,0.9790555913497764,0.9496553228100544,0.9209048511888214,0.8935141687773301,0.8665992107150116,0.8404731530710781,0.8148647841567224,0.7899815497842708,0.765173680937149,0.7402756405156365,0.7163286293490457,0.6928983137810969,0.6697886431805125,0.6472450654834735,0.6249143898151815,0.6026521527381424,0.5807881097325185,0.5594599899421155,0.5377758491869932,0.517044026560375,0.4961666530300606,0.4753337869294178,0.4549472257679233,0.43455989156066,0.414322821657389,0.3942801106828706,0.3747911933102034,0.3550887857725646,0.3355809157180228,0.3160652546002443,0.2970811426205185,0.2780113008433258,0.2592204171252377,0.2402659185201765,0.2211991299589778,0.2026472324441942,0.1838137412652861,0.1654090477125026,0.1470434779850052,0.1288398668002566,0.1107684684433676,0.0917259679972423,0.0734724316897821,0.0550805816383409,0.0367755114374485,0.0183417034113529,0.0,-0.0186757742307045,-0.0368146754157792,-0.0554041696738951,-0.0736984362950114,-0.091969465442919,-0.1106478215956066,-0.1289423818494921,-0.1474542892408536,-0.1662557061079546,-0.1848523526115348,-0.2031644099364705,-0.2219212156751158,-0.2405501217239713,-0.259252597132894,-0.2780921861981762,-0.297285814645381,-0.3164945624599923,-0.3358716610530194,-0.3551777249204715,-0.3746131137879723,-0.3943863927925994,-0.4143564584409464,-0.4344836211067164,-0.4545279611091811,-0.4746823318747509,-0.4952094292455675,-0.5158897692119158,-0.5367479030809907,-0.5579551952945123,-0.5794625501571069,-0.6008323285128219,-0.6228053318374841,-0.6452498796638904,-0.6679033048426303,-0.691172620181432,-0.7144761788700634,-0.7382289647052871,-0.7623715542772729,-0.7873589404641321,-0.8125527197614875,-0.8381498621140941,-0.8644554510839706,-0.891428375401877,-0.9192670208082452,-0.9472031818418838,-0.9755285926401644,-1.0046610282576347,-1.0352443598875158,-1.067155402623997,-1.1006363848714813,-1.1351272551461091,-1.1704811333352263,-1.2074745067055197,-1.2467014546208697,-1.2879308021059872,-1.33125062765288,-1.3761377805310544,-1.4243349172148276,-1.4770425575891954,-1.534725021036611,-1.596965732628734,-1.6663336706327956,-1.7448782925671356,-1.833780830274114,-1.9423009159970452,-2.080693150334036,-2.271384969168936,-2.6197051315612434,,,,,,,,,,,,,,,,,,,,,,,,,,,,,,,,,,,,,,,,,,,,,,,,,,,,,,,,,,,,,,,,,,,,,,,,,,,,,,,,,,,,,,,,,,,,,,,,,,,,,,,,,,,,,,,,,
138,2.62786640669982,2.279831676463725,2.087401223486485,1.9502796112701548,1.842789835496083,1.7524901084214966,1.675392162680179,1.605527412296231,1.5432700875238832,1.48652231549456,1.4339603474168514,1.3840821081836312,1.3383562068494352,1.2958304103496183,1.2555389486129818,1.21659847738328,1.1796624250960277,1.1438801865240678,1.1095295531402092,1.0767049767037995,1.045099078930061,1.0139352243627855,0.9840325641874484,0.9547055674323224,0.9260104284796644,0.8985694407388897,0.8718912388233401,0.8458468934545342,0.8203444629026437,0.7954686431747174,0.7708862847130724,0.7462481757490498,0.7222248340467211,0.6985953174113171,0.6756643645318389,0.6532230041882853,0.6309517221151622,0.6087820891650028,0.587110163168262,0.5656155311676108,0.5444092207772745,0.5234308994395421,0.5027599609153043,0.4820817073339786,0.4617464187487507,0.4414528292980502,0.4213529431013875,0.4014069310981137,0.3815757196990771,0.3624326217444218,0.3427877531281584,0.3234961398863566,0.3044848160304271,0.2855206468099772,0.2669351677292128,0.2480135089909697,0.229483046637,0.2105933044529813,0.192094916307134,0.1735955938728206,0.1553094861122588,0.1371964962715634,0.1191460017306776,0.1005472588609927,0.0822264953684295,0.0640500325447804,0.0458631597965585,0.0276484135222985,0.0094654913236404,-0.0091142133176236,-0.0274312339544786,-0.0457245814648364,-0.063947334586055,-0.0821109086532777,-0.1005541512659392,-0.1187780270198381,-0.1370499669386215,-0.1555332263178807,-0.174076801330404,-0.1924973076808127,-0.2109317570068965,-0.2293293463514115,-0.2478402193577292,-0.2667231811031479,-0.2854009424941041,-0.3046929624708894,-0.3237001672464313,-0.3426913235519885,-0.3620682425442747,-0.3813830798003295,-0.4011994214955871,-0.4211695267428113,-0.4410515569762451,-0.4608365661978394,-0.4810288896772424,-0.5012929311917407,-0.522182002270386,-0.5429953783531355,-0.5639254348867786,-0.5851753806044185,-0.6066345707443594,-0.6288189275938566,-0.6508524780778387,-0.6735776944457326,-0.6968886251846632,-0.7202204066817137,-0.7435857798529806,-0.7678409481077829,-0.7927089867062279,-0.8177635353336462,-0.8433930321795676,-0.8696541126610379,-0.8961950490879033,-0.924048323005646,-0.9517919245064068,-0.9800217912335736,-1.009221239039111,-1.039824799748459,-1.071767479273408,-1.1052134563659597,-1.1394563017189132,-1.1747309648256516,-1.211887418604585,-1.2511754044401715,-1.291974817166763,-1.3350994838180217,-1.3800578054408394,-1.4281357787191755,-1.4809650859742052,-1.538276495150114,-1.6004112646387674,-1.669217414514756,-1.748025891684158,-1.8368449913218892,-1.945278469097316,-2.083848210786874,-2.274138144284106,-2.6223548913565056,,,,,,,,,,,,,,,,,,,,,,,,,,,,,,,,,,,,,,,,,,,,,,,,,,,,,,,,,,,,,,,,,,,,,,,,,,,,,,,,,,,,,,,,,,,,,,,,,,,,,,,,,,,,,,,,
139,2.6301578873886515,2.28217979142194,2.090416870861423,1.9536209716793929,1.8460410336828617,1.7558476692058866,1.6786739863758842,1.6091402158377326,1.5468764389355252,1.4902881113530322,1.4378822451566404,1.388365114162261,1.3425140776533149,1.3000035659241274,1.2596713745439168,1.2208707449996663,1.1839268776529008,1.1483155968706995,1.1140337554393152,1.0811519370574056,1.049925183828525,1.0187851112347068,0.9889567037762969,0.9596672482636506,0.9309541355534604,0.903524719047064,0.8769840949722606,0.8510132248563714,0.8256002328658019,0.8006227340326318,0.776232225602186,0.7516754701964895,0.7275555808971621,0.7042967473464778,0.681217926851779,0.658867923680255,0.6365984858567632,0.6149081258746008,0.5931154701106179,0.571681429338983,0.5503936652515273,0.5295682721479816,0.5090059525174278,0.4883846397774252,0.4684294396457488,0.4481052406391355,0.4279024823183456,0.4082206461569642,0.3885691034962818,0.3692124290450935,0.3498585172964453,0.3306584202592724,0.3117597829764852,0.2927891857897823,0.27425341362971,0.2555401040497596,0.2371148473811625,0.2184503598952162,0.2000674658734382,0.1816397668316056,0.1631144767394064,0.1451657398217847,0.1273254438730819,0.1090045718519804,0.0907354103876781,0.072693186858224,0.0544617072075496,0.0363952789938279,0.0184762283400785,0.0,-0.0182738494719691,-0.0363727818276256,-0.0545270236007364,-0.0724996074484872,-0.0906890008998252,-0.1088918275255761,-0.1268719354328623,-0.1452979494709591,-0.1636657119866763,-0.1819306585632683,-0.2003653214372568,-0.2186677551809581,-0.2368343775166111,-0.2555437305760306,-0.2741581955363715,-0.292653647159493,-0.3118352258038571,-0.3307188328075032,-0.349545233251358,-0.3688608308224638,-0.3882267862186903,-0.4078503222558816,-0.4277635067643283,-0.4475726686801294,-0.4674672516695955,-0.4874445268253568,-0.5076719058289956,-0.528534920104836,-0.5491533002425671,-0.5699771805893924,-0.5910921198614132,-0.6126660975610446,-0.634550550022737,-0.6568053344559669,-0.6794027551946376,-0.7026196065094191,-0.7259222684048156,-0.7493540304124346,-0.7736083518914613,-0.7981668865536391,-0.8229551056541168,-0.8488363801972005,-0.8746662291579845,-0.901271492008634,-0.928877915005259,-0.9568274275049098,-0.9847519267396904,-1.0140071967677264,-1.0445544035340653,-1.0765977818947057,-1.1098720234680624,-1.144012328944968,-1.1792995302249247,-1.2162404613006168,-1.255524860459429,-1.2962639689060027,-1.3391925392811823,-1.3839739235348627,-1.432228496033984,-1.4847966502976235,-1.542138239799279,-1.603886035436115,-1.6727679602197747,-1.7513618721529616,-1.8403164730275308,-1.9483331395904784,-2.0870149313766846,-2.2773440886095098,-2.62510967514889,,,,,,,,,,,,,,,,,,,,,,,,,,,,,,,,,,,,,,,,,,,,,,,,,,,,,,,,,,,,,,,,,,,,,,,,,,,,,,,,,,,,,,,,,,,,,,,,,,,,,,,,,,,,,,,
140,2.6323763302938663,2.285252973382724,2.09312179634133,1.9564986175079009,1.8491827821667663,1.7592751544320109,1.6824145677333315,1.6128132960371606,1.5504639653205392,1.4940360082832895,1.441520937767259,1.3922882256809392,1.3465424348453252,1.3040350275260928,1.2636557588789257,1.2252266986774547,1.1883716656751155,1.152811844832756,1.1186608020722189,1.085527316947367,1.0544572757280242,1.0236353579344466,0.9936038454051164,0.9644990148808902,0.9358524464420938,0.9082261018514672,0.8818837698081101,0.8559420626894496,0.8304625813069051,0.8059994473457233,0.7813885900171103,0.7570247119421949,0.7332450524415163,0.7097056356323739,0.6869363786211403,0.6643611347902078,0.6423895622217805,0.6206230390090403,0.5989703785550147,0.5775628784621536,0.556603906388539,0.5357823602756551,0.515185112640849,0.4945481332492122,0.4746711671045043,0.4545485054565987,0.4344886955549678,0.4147621682391131,0.3953106948505801,0.3759255983225902,0.3569067505914234,0.337753392288073,0.3188977303683767,0.3001254111448898,0.2813819982076813,0.262761392111653,0.2443156739783705,0.2260431560230991,0.2076384725921816,0.1894222612459658,0.1712691468615321,0.1529282948912471,0.1352744115914122,0.1172214659993078,0.0991863026722905,0.0811449746359792,0.0630003598038754,0.0451127891427985,0.0272178229031975,0.0092819881853703,-0.0092382595546289,-0.027270193269519,-0.0452623426941228,-0.0630460995958418,-0.0809094106723496,-0.0990974035651689,-0.1170348228381878,-0.135058478266719,-0.1533558481948103,-0.1716127185684788,-0.1897825666366645,-0.2080951959570424,-0.2260869361745336,-0.2443271820155204,-0.2628132714526228,-0.2814381919656344,-0.299916434974697,-0.3190258301760667,-0.3376322778148322,-0.3564982659335461,-0.3756881316765771,-0.3949223065892244,-0.414709721686687,-0.4343643814802821,-0.4540686573254123,-0.4738974909472531,-0.493750348966212,-0.5139693699433061,-0.5348347310530606,-0.5552922712338617,-0.5758176500073295,-0.5969854172830156,-0.6183516912561267,-0.6403422501099414,-0.6624375426474832,-0.6851172360219722,-0.7080903106858429,-0.7314628107727377,-0.7548443311614137,-0.779036267052479,-0.803265313167529,-0.8282918515824895,-0.8537485756248987,-0.8795794967173409,-0.9060685011343168,-0.933751043842908,-0.9613180023107212,-0.9894164111988036,-1.0188124340925822,-1.049243861989477,-1.0813600982175229,-1.1142892730649885,-1.1483993422244236,-1.1834290224296422,-1.2205086510028038,-1.2599410506582194,-1.30015632116177,-1.343405567883407,-1.388210386579419,-1.4360807551502128,-1.4886692155415375,-1.5455826408832127,-1.607529827955008,-1.6766052140324397,-1.7551317142522158,-1.8435063727040069,-1.951699615895722,-2.089814723998025,-2.2801705178923584,-2.6273732281925657,,,,,,,,,,,,,,,,,,,,,,,,,,,,,,,,,,,,,,,,,,,,,,,,,,,,,,,,,,,,,,,,,,,,,,,,,,,,,,,,,,,,,,,,,,,,,,,,,,,,,,,,,,,,,,
141,2.634689878642794,2.287908582779046,2.09528466093526,1.9590852567952863,1.8520760537372816,1.7623264838435466,1.6857118961670765,1.6161223373528446,1.5537672348613845,1.4975929583196748,1.4451358533086411,1.3960056037931707,1.350142579125143,1.307871148164188,1.2674081362014444,1.2290521992598702,1.1922191936069453,1.156953733211343,1.1228669596473302,1.0895943212398584,1.0586778264482235,1.0278824515921936,0.9980656183757716,0.9691687466670934,0.9404229983189942,0.912903554716332,0.8865459960837229,0.8606772387900273,0.8354764103205776,0.8107925337657207,0.7864561060687202,0.7621685719592312,0.7385199310032651,0.7151819487027822,0.6923427734965197,0.6699889294727185,0.6479115195444882,0.6262690123433274,0.6047086396979947,0.5833087562815161,0.5622589742952209,0.5419392104194217,0.5211866637281816,0.5007708298304109,0.4809167373483707,0.4609607931076904,0.4410711999828323,0.4214150879633294,0.4019461561744336,0.3824570980754162,0.3636284177696995,0.3445673967841205,0.3258041939556791,0.3071491660114169,0.2885577192843712,0.2697670342243575,0.2514018481074921,0.2332195056120664,0.2151983404476453,0.1968496141792883,0.1789299759419305,0.1607970463446318,0.1429867401060396,0.125303444010636,0.1072146893670877,0.0894547863300953,0.0713515277589398,0.0535238040214469,0.0356503916364142,0.0180488594378102,0.0,-0.0181810102284531,-0.0360874122634182,-0.0539582650035725,-0.0718833565362129,-0.0894153889207077,-0.1075579179992683,-0.125106681087995,-0.1435043142858778,-0.1615435035435017,-0.1795209117039034,-0.1976536365216139,-0.2158980740244768,-0.2336200485785262,-0.2518965828942263,-0.2705155301018858,-0.2887127558052334,-0.3072458469054819,-0.3260195804741269,-0.344497402895234,-0.3634299470073703,-0.3825520292504678,-0.4018862178495936,-0.4213928510189752,-0.4408470888730756,-0.4605473574479573,-0.4802321168860904,-0.5000607355860446,-0.5205077824347633,-0.5408495375630585,-0.5612908960002932,-0.58205588937949,-0.6029374302238554,-0.6243447365986836,-0.6463361989385161,-0.6681523370279473,-0.6908239709072082,-0.7138126915667673,-0.7372120026112063,-0.7603750419565537,-0.784367495963897,-0.8086141031790692,-0.8336166551894828,-0.85886144839212,-0.8847273512685413,-0.9111023716184684,-0.9385654318657928,-0.9660758491533789,-0.9940297380959536,-1.0236018568949448,-1.053894847402199,-1.0859401812053668,-1.1186457803808876,-1.15283520733971,-1.1878556435929275,-1.2246356945018602,-1.26433879445155,-1.3042386778028954,-1.347675193552896,-1.3922277258757272,-1.4400552449598647,-1.4925686179855335,-1.549486887319106,-1.611165172028845,-1.6805857847241343,-1.7589020393838404,-1.8467919736703169,-1.9548306817960397,-2.09297011711671,-2.2829851143321456,-2.630159650807643,,,,,,,,,,,,,,,,,,,,,,,,,,,,,,,,,,,,,,,,,,,,,,,,,,,,,,,,,,,,,,,,,,,,,,,,,,,,,,,,,,,,,,,,,,,,,,,,,,,,,,,,,,,,,
142,2.6370288770206565,2.2900708851206555,2.097834763593061,1.962126002969198,1.8551645946353212,1.7654204581472372,1.6892308412911792,1.6193812898882909,1.5572041140460395,1.5012085561822868,1.4487484732144995,1.400054953820093,1.3539204736134616,1.3117126547510067,1.271457273890389,1.2331526873633658,1.196418139271042,1.161338921333715,1.1271881547288365,1.093945257195467,1.0629389687540336,1.0323204709775935,1.002768549854802,0.973765269932962,0.945266921263438,0.9178843175198032,0.8914346976151636,0.8656820605518065,0.8405543798067141,0.8158109580101078,0.7916312087761594,0.767298380562968,0.7437029728231923,0.7205619979318226,0.6978252732981626,0.6755436305137826,0.6535055772419847,0.6318473648987438,0.6104535077644463,0.589250338286365,0.5678971710246287,0.5478190424802749,0.5274161542098412,0.5070841106600403,0.4870585678084193,0.4671985260895357,0.4475638917587686,0.4277860890715802,0.4084118012385799,0.3892420293434375,0.3702285147934037,0.3513837060447008,0.3326655525383138,0.3139449360865985,0.2955199505878217,0.2768471440881264,0.2587510052029753,0.2406399727138208,0.2225529004486946,0.2043868271720275,0.1864781830404849,0.1685975257062702,0.150731514044231,0.1329451378133538,0.1152304971044141,0.0975716483068114,0.0796405658816268,0.0618345124726968,0.0441569489603489,0.0266751970348263,0.0088810293101664,-0.0091463039634235,-0.0270119775292054,-0.0448584833531611,-0.0625970944613445,-0.0800269053190139,-0.0978830258125928,-0.1156344085007815,-0.1333256788205154,-0.1514970888840729,-0.1693365047528723,-0.1873063786081905,-0.2053506494700546,-0.2234396444543155,-0.2410802031059664,-0.2593618937462181,-0.2774417474656557,-0.2958030834691917,-0.3143066480654339,-0.3328357032451551,-0.3513637552810575,-0.3701121506350019,-0.3894246379219715,-0.4084382804570603,-0.4277753671465333,-0.4473324797140695,-0.4668811664655973,-0.4863873221945303,-0.5065122103788707,-0.5265724293278108,-0.5468813707036133,-0.567262440573155,-0.5879778270841458,-0.60888954694081,-0.6301066007243191,-0.6521894388263634,-0.673890380801425,-0.6963512238150421,-0.7193134157812936,-0.7425659568486926,-0.7657031848023051,-0.7897731896078718,-0.8137842746569965,-0.8387568471405873,-0.8639640921306946,-0.8898042630406102,-0.916247893917468,-0.9434973914206768,-0.970676159123642,-0.99869902709068,-1.0281418665955246,-1.0584994951626383,-1.090251646539338,-1.1230644005239974,-1.1572919140950488,-1.192173999295371,-1.22910938255613,-1.2686926902113598,-1.3083936294625058,-1.3515714418619849,-1.3959490336006106,-1.4440697450631583,-1.4963307998035489,-1.553339246582765,-1.614840917643941,-1.6843732759196557,-1.762445213285627,-1.8505755620838764,-1.9579685941332088,-2.096153962873335,-2.2859076455668843,-2.632799322194552,,,,,,,,,,,,,,,,,,,,,,,,,,,,,,,,,,,,,,,,,,,,,,,,,,,,,,,,,,,,,,,,,,,,,,,,,,,,,,,,,,,,,,,,,,,,,,,,,,,,,,,,,,,,
143,2.639412005950851,2.2929713498924267,2.100654558264569,1.9656839390617025,1.858323024730352,1.7684784598282728,1.6929643041481155,1.6227227180367418,1.5608298767085564,1.504785580803997,1.4527519010269343,1.40385607154407,1.357732819194833,1.3157724024554045,1.2754430254638276,1.2373749292411846,1.2006984771462357,1.1657498835327469,1.1316997723915267,1.0984490582145665,1.0674697359644132,1.0369944187182,1.0075578193909829,0.9784415219395348,0.9502263473408272,0.9227068807479818,0.896118569003843,0.870613243399277,0.8455213934250453,0.8209859570807341,0.7967079391098996,0.7726571166580958,0.74910563966375,0.7259208094025345,0.7033146377624434,0.681201835970398,0.6591137978795665,0.6373666764332866,0.6162784056767592,0.5952189674730329,0.5737724992058084,0.5536758569725911,0.5334435815536285,0.5133125370935143,0.4934448080319503,0.4736572936070238,0.4538719513212932,0.4343064617963358,0.4148363173538813,0.3956922411505777,0.3768115513451826,0.3582071748824375,0.3396114448136274,0.3210388473325339,0.3025214392346019,0.2839446840312454,0.2657857661435081,0.2479476939976852,0.2300120194165072,0.2119452345161913,0.1941419308787547,0.1762778424906269,0.1585521550500547,0.1409028115464585,0.1230680259064618,0.1056563375688274,0.0879704974619983,0.0702851000509345,0.0525027320068703,0.0352896451674338,0.0175970945898063,0.0,-0.017991777610495,-0.0357279256343702,-0.0535046777353859,-0.0709720690682351,-0.0884445133109545,-0.1061390733488199,-0.1235648480569375,-0.1414237239392815,-0.1592688405215413,-0.1769231478205738,-0.1949479854126619,-0.2129111395549333,-0.2306632485930543,-0.248448897414638,-0.2666080658294458,-0.2844014512668286,-0.3028905535412487,-0.3212761671005206,-0.3396751408441503,-0.3581834151673876,-0.3770605342705275,-0.3961401139585769,-0.4148979246523721,-0.4343498494120025,-0.4538777749307927,-0.4730331261686337,-0.4928344345981466,-0.5124595560227212,-0.5327510851328341,-0.5529678496640771,-0.5728813079540563,-0.59381891828639,-0.6147515808408303,-0.6357310289985011,-0.6577509567285478,-0.6795387785413425,-0.7019086085439066,-0.7247634608956726,-0.7478073903489585,-0.7709706409657325,-0.7948566339469303,-0.8188797561933926,-0.8435318076852569,-0.868881293614622,-0.8948160369275061,-0.9210542910612768,-0.9480276755443284,-0.9754316083904724,-1.00332235103233,-1.0325710049374786,-1.063064338873151,-1.0944432632003422,-1.1274838605936863,-1.1614692399594366,-1.196168717452792,-1.2331517663734926,-1.2723799882238007,-1.3124713949814653,-1.3552352393785403,-1.399729945674431,-1.447724127768139,-1.499837178820685,-1.556676189947655,-1.6181229227768352,-1.6877999807416686,-1.765214231772114,-1.8533939142667573,-1.9609855721865423,-2.098875509513644,-2.2882743620190777,-2.635250684220455,,,,,,,,,,,,,,,,,,,,,,,,,,,,,,,,,,,,,,,,,,,,,,,,,,,,,,,,,,,,,,,,,,,,,,,,,,,,,,,,,,,,,,,,,,,,,,,,,,,,,,,,,,,
144,2.6419736016131368,2.295444053383741,2.1036307007787736,1.968560363771568,1.8613458477719167,1.771761480382623,1.6962214629279793,1.6262854343545248,1.5643474405633648,1.5085890791123744,1.4565166254475832,1.4077705634713622,1.3618274421430567,1.3197032509629043,1.2795260080406292,1.2413478605446042,1.2048077854286003,1.1698692109811597,1.136150934766763,1.103074498605444,1.0718670104853472,1.041639751737281,1.0120284046329795,0.983022898096366,0.9550649502330704,0.927569697859655,0.9008172706318354,0.8754892352002016,0.8504517365696076,0.8261487408286632,0.8019721071885278,0.7779762086301738,0.7546550414591852,0.7312763108791142,0.7087503098660649,0.6867357757611673,0.6647385878502736,0.6430512297864082,0.6219948080122004,0.6010705608992721,0.5799320374831121,0.5596061201279365,0.53944258418602,0.5195174357831572,0.4997691906491674,0.4801200266684081,0.4603115167657286,0.440833308073577,0.4214070960949441,0.4022989201830597,0.383426365577519,0.3648839920167011,0.3463409967898708,0.3277660747416415,0.3095318627924284,0.291039107313344,0.2730152499465578,0.2549871573825837,0.2374767443757341,0.2195573446533811,0.2015767405117033,0.1839116731766244,0.1663105312244181,0.1487725315424099,0.131160179948682,0.1135920334792203,0.0962318822001615,0.07866896429663,0.060981975079046,0.0436480342536714,0.0262049204286004,0.0087680118071391,-0.0091275735842624,-0.0265653494909065,-0.0443648512298885,-0.0618943019076648,-0.079368960565232,-0.096692253553717,-0.114106714546157,-0.1316229757021025,-0.1491738153298548,-0.1670525914590584,-0.184649991742401,-0.202388700875312,-0.2202545501500456,-0.237907483894152,-0.25566092415502,-0.2736324557476348,-0.2916243432176878,-0.3098186466672856,-0.3280756520474544,-0.3463662243603194,-0.3648197540165514,-0.3837167200520447,-0.4025926731749987,-0.4214850249559205,-0.4406430666144383,-0.4600105145397006,-0.479250429696247,-0.4988636493895373,-0.5185214468975037,-0.5384956099477648,-0.5584789880297244,-0.5784273895188935,-0.5995153889310085,-0.6201559319398356,-0.641373290434032,-0.6631367369145732,-0.6850330257780984,-0.7071583041818507,-0.7300172216689356,-0.752973578501118,-0.7762794760628996,-0.7998225536272513,-0.8237738718807072,-0.8486457732553716,-0.8738348430481596,-0.8995744396571141,-0.9257517978114934,-0.9525520875395944,-0.9799071547155191,-1.007860240360336,-1.0370359928500652,-1.0675983803327351,-1.0987916673658085,-1.1317688487592756,-1.1655475445344372,-1.2003148525840932,-1.237054207796329,-1.276009792288905,-1.316229388517753,-1.358873670266011,-1.403481566670566,-1.45129310342262,-1.5035805374180065,-1.5601100954477185,-1.6216277581255916,-1.690998961509945,-1.7684979250287702,-1.856337922362701,-1.963931497605028,-2.102001752897959,-2.291076441510739,-2.6379386747678333,,,,,,,,,,,,,,,,,,,,,,,,,,,,,,,,,,,,,,,,,,,,,,,,,,,,,,,,,,,,,,,,,,,,,,,,,,,,,,,,,,,,,,,,,,,,,,,,,,,,,,,,,,
145,2.6439335522823644,2.2980678009564497,2.1060581932615685,1.971427514771083,1.8648686206164995,1.7752464221245392,1.6996045768587873,1.6298046656213925,1.5680982248582689,1.5120372099885788,1.4600055387795283,1.4114846908056655,1.3656861604158013,1.3236486132729028,1.283369395725122,1.245510425145766,1.208829444938321,1.1741302105433655,1.1405928232145774,1.1072132183052497,1.0762278349576275,1.0459249278939295,1.016530618601709,0.987792277495017,0.9596710990346604,0.9322797698062651,0.9055475877184856,0.880223356439328,0.8552609807201695,0.8309995113192096,0.8070222516340979,0.7831647244288373,0.7598224815276817,0.7366846774260576,0.7141292334233202,0.6920470581055514,0.6702764926294333,0.6485934689453643,0.6276417749474301,0.6065782042957697,0.5857945180113334,0.5652367734472187,0.5454181003026332,0.5255952186157857,0.50579381510228,0.4863409684184849,0.46688087692121,0.4472180915652443,0.4277716067625742,0.4087468268146716,0.3901126410058926,0.3714705915054134,0.3531203160397825,0.3345709870742931,0.3161626188317804,0.2981270163631439,0.2799598560658028,0.2621777320413513,0.2445579679685577,0.2269533274253103,0.2090745062484996,0.1915150281338238,0.1739532590311716,0.1565762164918228,0.1390136221665723,0.1214988388761708,0.1041454788688587,0.0867848387297767,0.0693294845649082,0.0519929624998971,0.0346573682113483,0.01724308935132,0.0,-0.0178969683377154,-0.0352050166782378,-0.0528070082070974,-0.0703370131568146,-0.0874903208719234,-0.1046768499317725,-0.1220296201584339,-0.1394278806700968,-0.1570707428108903,-0.1746355531156798,-0.1922645434054922,-0.2098256880660073,-0.2275169877612481,-0.2452059715621383,-0.262669210739369,-0.2805879019020409,-0.2983877686125688,-0.3166924528506477,-0.3348096072507667,-0.3530259705812652,-0.3713572272195968,-0.390201636669619,-0.4090218993505504,-0.4278754304699427,-0.4469618992001664,-0.4659702432371758,-0.4852942541543278,-0.5047035007218572,-0.5244514594043814,-0.5443831596590495,-0.5641136157007253,-0.5843264899435207,-0.6051427274318015,-0.6256817183391037,-0.6470501829837222,-0.668671914175616,-0.6904309923539873,-0.7127702775770592,-0.7353135307002611,-0.7581312162238257,-0.7813615973210175,-0.8048607737360898,-0.8287869995156308,-0.8537331916155314,-0.8786132227294776,-0.90426264870631,-0.9305050119916884,-0.9571786581631,-0.9844065496104442,-1.0122763610979884,-1.041538437287739,-1.0717489712256274,-1.103334888620937,-1.1360722807508947,-1.1696654237550648,-1.2045549236764026,-1.2411400529814902,-1.2798633016386698,-1.3201261702578202,-1.362768301375893,-1.4072329749035084,-1.4549639188247028,-1.5070829965468124,-1.5635171538221573,-1.625157041495371,-1.694295282446205,-1.7717682777801769,-1.859411163396349,-1.9669946568289036,-2.1047653701893365,-2.2937667228004246,-2.64055323314637,,,,,,,,,,,,,,,,,,,,,,,,,,,,,,,,,,,,,,,,,,,,,,,,,,,,,,,,,,,,,,,,,,,,,,,,,,,,,,,,,,,,,,,,,,,,,,,,,,,,,,,,,
146,2.645630848549984,2.30050747325028,2.108829883250853,1.9746128642611005,1.8680667418310688,1.778426368657293,1.7025736576355848,1.6330360236299355,1.571316262456221,1.5159039830471084,1.4635548911156453,1.4151565585940715,1.369597564603523,1.327427218367643,1.2871938983173845,1.2493848375189736,1.2131222218702442,1.1781313271633986,1.1448661346388438,1.1117638262267604,1.080690987275562,1.0504338264375257,1.021177020790063,0.9925339385484092,0.9642986451228652,0.9369284136005994,0.9103926371279158,0.8848587298458209,0.8600725976201459,0.8359687976281847,0.812060363259342,0.7885236312320886,0.7650810062934359,0.7420455565636904,0.7194911202880118,0.6975874024512267,0.6756561269306464,0.6541715341772424,0.6332454429857342,0.6123647228560898,0.591630815546715,0.5710631572925068,0.5510957705169425,0.5315178930682835,0.5119272821979017,0.4925969964320879,0.4729033499100791,0.453723808535739,0.4342055285357593,0.4152026644157674,0.3965731976884148,0.3780130488195419,0.3598353752600834,0.3413296767249819,0.323074394694177,0.3050899799545403,0.287032543429953,0.2692219492052494,0.2515040976639029,0.2343404291490039,0.2164865996627676,0.1988515650847626,0.1814339600742899,0.1640616985206406,0.1468043861393644,0.1293873794177834,0.112163210247567,0.0947879301990529,0.0774717861485407,0.0603228027781853,0.0429522045721684,0.0255531909376436,0.0084172287631658,-0.0090667803090988,-0.0264082330385858,-0.0438557469325396,-0.061155162221404,-0.0784496262945261,-0.0954034832636384,-0.1125107928027624,-0.1295860419112448,-0.1471967345221483,-0.164771258633024,-0.1820487893581952,-0.1995765583543639,-0.2169576504124081,-0.2346442591799304,-0.2521575414370103,-0.2695494234401396,-0.287468028358829,-0.3053462928777912,-0.3234726732844658,-0.3415395111091808,-0.3595931380083208,-0.3778557521785162,-0.3965438020002122,-0.4153279638817365,-0.434191370990561,-0.4530480629331739,-0.4718931925790799,-0.4911968903879509,-0.5107512032663213,-0.5302341397269316,-0.549890274485568,-0.5697863646341073,-0.5899915380933404,-0.6105253417837342,-0.6311218098483118,-0.6522971088754362,-0.6738988135257443,-0.6956689380380959,-0.7179181858115243,-0.7402040631944962,-0.7631941054334703,-0.7864306520166446,-0.8096853916609617,-0.8335485769603409,-0.858368826064419,-0.8830899394958346,-0.9088477340633772,-0.9350801750323244,-0.9614170488037748,-0.9886948546268086,-1.0164793249711397,-1.0457476668679035,-1.0762055872412055,-1.1076836576154558,-1.1400303789814994,-1.1735782121649196,-1.208290866367609,-1.245055662041665,-1.283581575287041,-1.3238328032954705,-1.3662107443425136,-1.4109408697702448,-1.4584990103085975,-1.5103441116114118,-1.5668707976370198,-1.6283165455396738,-1.6974385943032186,-1.7747026895143287,-1.8621160775573924,-1.969972553393824,-2.107649620094424,-2.296193413029071,-2.642859468719064,,,,,,,,,,,,,,,,,,,,,,,,,,,,,,,,,,,,,,,,,,,,,,,,,,,,,,,,,,,,,,,,,,,,,,,,,,,,,,,,,,,,,,,,,,,,,,,,,,,,,,,,
147,2.647776702394693,2.303158656462608,2.1110997973174825,1.9777122237428773,1.871006813546748,1.781458891698415,1.7058804237124017,1.6363418307071038,1.5748374149579956,1.519250768481493,1.4671586216096133,1.418797806838563,1.3733382030109134,1.3313428175418909,1.2911485854480085,1.2532727441820577,1.2173384623002534,1.182380673012589,1.1491232194431371,1.1161712692067158,1.0850102422030603,1.055031105712276,1.0255932214771553,0.9970133409206926,0.968944308684945,0.9417137798359134,0.9152116555289868,0.8895129761406299,0.8646394370798791,0.840663155781089,0.816891299636169,0.7934636371153756,0.7700726649956097,0.7470933662805038,0.724492444221677,0.7027404522703744,0.6809566540719361,0.6596061545650601,0.6386609633690583,0.6178386560525494,0.5971426499101351,0.576627708031644,0.5567116855913268,0.5372430534133501,0.5176524528589879,0.4984730650126324,0.4789927796735875,0.4598549363103651,0.4405151197606562,0.4215619740358861,0.4029193135688869,0.3843708285988981,0.366137314632068,0.3480041994368728,0.3298888429020309,0.3119001281047099,0.2939930846781685,0.2761824458079589,0.2585039449025409,0.2412357770820632,0.2239158531971428,0.2062425658458692,0.1889144523092413,0.1715114930955223,0.1546574978383747,0.1372681354752459,0.1200504478143272,0.1028672430772034,0.0856746331801674,0.0686643103289611,0.0514326063115503,0.0342933183464739,0.016938389662891,0.0,-0.017591128607556,-0.0347721559705409,-0.0520590599768859,-0.069158720152337,-0.0863304175597247,-0.1032856850709035,-0.1202946219711728,-0.1374913514907493,-0.1549683539384211,-0.1722467381022836,-0.1894923509263355,-0.2067397940962762,-0.2240906384735394,-0.2419602503313652,-0.2591169551796831,-0.276468188988334,-0.2943658638029996,-0.3121882077929068,-0.3300782560613996,-0.3479556097070449,-0.3663193399121451,-0.3843445969278684,-0.4029909400399747,-0.4219419202748617,-0.4405111956349835,-0.4591967668631226,-0.477905345693226,-0.4973131494339521,-0.5166960290582894,-0.5360004973961965,-0.5557372025105756,-0.5755097604774438,-0.59564866599498,-0.6161678774724872,-0.636710540100457,-0.6578218066795416,-0.6793549646927224,-0.7010253494655473,-0.7230729620585293,-0.7451815929276517,-0.7683524934056011,-0.7915181615674417,-0.8146766093408039,-0.8384924775895004,-0.8633471279383681,-0.8878669282894504,-0.91354875070261,-0.9396160344883092,-0.966017365103608,-0.9930690497034744,-1.0210514705682905,-1.0502910198855373,-1.0807263375607854,-1.1121482311400082,-1.1443963770213827,-1.1777513073995185,-1.2125265022786529,-1.2491659210280863,-1.2875081442231742,-1.327863793985249,-1.370038137420449,-1.4148572351977184,-1.4621555584409824,-1.514040833783437,-1.5703898776734566,-1.6315252122073511,-1.7007758831901898,-1.777919999204003,-1.8651295224983808,-1.972823867758467,-2.1102425986369315,-2.298727286576212,-2.6454804796721905,,,,,,,,,,,,,,,,,,,,,,,,,,,,,,,,,,,,,,,,,,,,,,,,,,,,,,,,,,,,,,,,,,,,,,,,,,,,,,,,,,,,,,,,,,,,,,,,,,,,,,,
148,2.650401940371168,2.306090427604229,2.114448191755502,1.980858061344991,1.8741993533911647,1.7849054811761644,1.7094107328346295,1.6400990270504603,1.5782504296910864,1.5228784093109722,1.4707955507376684,1.4224193217130068,1.3773524976933855,1.3352918140118326,1.295073296890642,1.257188538523779,1.221541042795587,1.1865740010885075,1.153320502829981,1.120575165541981,1.0892765062662213,1.0595460271984511,1.0301975340499276,1.0015024883072263,0.9737401981243324,0.9464326188154646,0.9200722098547064,0.8944438819105383,0.8696208767236916,0.8454904505236236,0.8219181570372791,0.798628955132002,0.7753474395313483,0.7523589415684552,0.7298802871084571,0.7081004066282287,0.6862878226548542,0.6650831431909296,0.6440458745290296,0.6235141974879936,0.6028447044162982,0.5824629609201012,0.5624763132452265,0.5430226814160692,0.5234763995223359,0.5042805298324405,0.4850926760005535,0.4660072629830744,0.4468893673245097,0.4278189488733472,0.4093216628924221,0.3908454910653269,0.3726311259949966,0.3545138867968067,0.3364243314781553,0.3186072473373834,0.3008067990752829,0.28309811972177,0.2655194311355779,0.2483247374218148,0.2308944330216598,0.2135808814733677,0.1962929208271867,0.1788542995781047,0.1621493958076935,0.1450343453199701,0.1279665231314722,0.110584669714817,0.0935570566736878,0.0766182521277898,0.0598603570473846,0.0425560430985331,0.0256052156187282,0.0085595947118663,-0.0087059770431339,-0.0258644763597855,-0.0429475288931898,-0.0600923300225334,-0.0771936498805229,-0.0940212658259893,-0.1110126342800605,-0.1277712304924135,-0.1451593795888604,-0.1623190193177454,-0.1794272201257966,-0.1966107733383936,-0.213872587601498,-0.2312868224676309,-0.2487725238497799,-0.2657267707913358,-0.2834723402772247,-0.301071239914282,-0.318650953820851,-0.3365771303146218,-0.3544448844210429,-0.3725645435500643,-0.3906209977151155,-0.4092881617416961,-0.4281187730376368,-0.4465839045568126,-0.4651434811849676,-0.4836706348869437,-0.5032000968435912,-0.5224518437766971,-0.541691665726739,-0.561384122175816,-0.5811443629617348,-0.6011344321087687,-0.6215977144927634,-0.6420649211893469,-0.6630832524896034,-0.6846779738009254,-0.706314353579416,-0.7280189495216275,-0.7502230055907596,-0.7730846366517948,-0.7961684689132735,-0.8193957986067287,-0.8432743662763521,-0.8680762775710106,-0.8924780546195757,-0.918094191444921,-0.944040178240987,-0.9703766893194392,-0.9972208863422212,-1.0252313010038596,-1.054567166217609,-1.0847714230188918,-1.116094082351748,-1.1484351463644766,-1.181692773614297,-1.2164510967814015,-1.2529900238957348,-1.2912642946656103,-1.33150907470127,-1.3737827599575136,-1.41859030585223,-1.4657966352884595,-1.5174531853692752,-1.573762367045222,-1.634957880211739,-1.7039763859087496,-1.7809937103647662,-1.8684252502219865,-1.9758731389765252,-2.112830688096049,-2.3016379226061,-2.647954427309198,,,,,,,,,,,,,,,,,,,,,,,,,,,,,,,,,,,,,,,,,,,,,,,,,,,,,,,,,,,,,,,,,,,,,,,,,,,,,,,,,,,,,,,,,,,,,,,,,,,,,,
149,2.6529563184410114,2.3085016315733484,2.116990879640724,1.9838518218596568,1.877588820714517,1.7881962255078374,1.7128475730448358,1.6437899896135395,1.5817116177248052,1.5262523248326254,1.4744315100816352,1.4261531423021807,1.381244903401466,1.3389178053343702,1.298926293985001,1.2610334125370486,1.2254918289362495,1.1907608355776031,1.157465666907864,1.1249554608467698,1.093611412551058,1.063906246140215,1.0346458349194791,1.006050512267476,0.9784649718005168,0.950990818032214,0.9245708240909633,0.8988238240519815,0.8743782198013119,0.8501352758656383,0.826551019814185,0.8034948169436275,0.7803439079742801,0.7576447017174415,0.7348965646549374,0.71327576901283,0.691451021164875,0.6702345274489734,0.6493943740626714,0.6289331616377507,0.6084771229233346,0.5882216919978615,0.5682369596248886,0.5488264531356064,0.5294435292004313,0.5102130990903668,0.491258286434663,0.4721061128196507,0.4531917302949607,0.4341730772724873,0.4156678262102908,0.3972184948945616,0.3790636454601955,0.3610627397210436,0.3430447236541513,0.3254045429349861,0.3075514512117726,0.2900222699524933,0.2724452270468803,0.2553535666461745,0.2378182965094017,0.2206456746599145,0.2035068634070932,0.1862000916329956,0.1693407720149002,0.1526462261329081,0.1355994352710726,0.1186351508735007,0.101372825390931,0.0846784881249348,0.0678462433382946,0.050941757373956,0.033905507223789,0.0170818892987549,0.0,-0.0169618117578495,-0.0339294476205569,-0.0509921025138601,-0.0680900520328718,-0.0849798042181704,-0.1016376432976471,-0.1186269533708116,-0.1354509234782618,-0.1524974720966674,-0.1696081966708912,-0.1865374363218534,-0.2037829935235323,-0.2210089918300045,-0.2382888552989444,-0.2554492672658028,-0.2724866801518963,-0.2901087991539599,-0.3074484376643393,-0.3251210748921808,-0.3431247439121823,-0.3608933541558431,-0.3788398483940374,-0.396978877845008,-0.41562817184733,-0.434287983582219,-0.4527237367263326,-0.4709938831998024,-0.4895751181874104,-0.5089894375091262,-0.5282005214619128,-0.5472689942845625,-0.5670602665117234,-0.5867365802634674,-0.6066753553851392,-0.6269127616824217,-0.6474006204579499,-0.6685405237079616,-0.6900801444467931,-0.7114373932971084,-0.7330606868022999,-0.755206301730057,-0.7779418914831066,-0.8010619175809532,-0.8242659012884586,-0.8481899782457198,-0.8727654367917914,-0.8971958985140905,-0.9225828928297132,-0.94849266005855,-0.974828421705844,-1.0018270909806049,-1.0295383379937852,-1.058953297223124,-1.0890660933019851,-1.1201785561478974,-1.1523020807343547,-1.18553259988108,-1.220461813930039,-1.2567386737259103,-1.2948427556540285,-1.3352772590841886,-1.3773906007443384,-1.422085914555992,-1.469199173743963,-1.52071645070978,-1.5769607786613316,-1.6381273725287393,-1.7069110138866643,-1.7838217352321677,-1.871153340908988,-1.9788677161734027,-2.1155783837023243,-2.303969601031762,-2.650410522950555,,,,,,,,,,,,,,,,,,,,,,,,,,,,,,,,,,,,,,,,,,,,,,,,,,,,,,,,,,,,,,,,,,,,,,,,,,,,,,,,,,,,,,,,,,,,,,,,,,,,,
150,2.6545178962777447,2.31079925313387,2.119563860462957,1.986276840206244,1.880330034741564,1.7912885613269995,1.716013772626913,1.6470340597609072,1.5853049522960083,1.5296630325475813,1.4778286624692438,1.4296163658684793,1.384829879676589,1.3426734886793477,1.3026458624537034,1.2650348765763388,1.2295074444045604,1.194829303034915,1.1613866151572316,1.1291171222876208,1.0978325238232398,1.0680357200665884,1.038895998717814,1.0104749252118583,0.9828914582543924,0.9553648569558996,0.9291736088544768,0.9034078094965468,0.878801138770505,0.854787065237245,0.831094457307688,0.8084156006366668,0.7852078238438019,0.7623623773069305,0.7397116176919418,0.7182278693077487,0.6966397911713853,0.6758069290471558,0.6546079936765458,0.6343238249940423,0.6139394376647016,0.5937862317803458,0.5738238475730942,0.5544114691781356,0.5352172091697508,0.516009039440448,0.4970026828318311,0.4782153033978196,0.459178658784908,0.4404954933333165,0.4218892027982928,0.4036967025785682,0.3854013577806403,0.3675400575803204,0.3495774821352032,0.3319467275296504,0.3143982209502922,0.2967875154760632,0.2794353703961003,0.26215139985328,0.2450777893091046,0.2279273544043967,0.2107917002937333,0.1935047986150008,0.1767160040685304,0.1600746661165607,0.1430329226655005,0.126397332622216,0.1094362398330628,0.0924968758997521,0.075913201229531,0.0590606376770982,0.0423760389016929,0.0255553758550226,0.0085173384234751,-0.008197582823845,-0.0251440226710102,-0.0419400046930509,-0.0590389148543888,-0.0760000623603236,-0.0926759480917146,-0.109204016425308,-0.1259113854296631,-0.1429996966699438,-0.1600071637995045,-0.1767358099578442,-0.1939202073515365,-0.210757236506863,-0.2279672776830663,-0.2451439318983727,-0.2621166198842426,-0.2791492141552095,-0.2965006721186916,-0.3139291109457875,-0.3316069431927648,-0.3493420453793586,-0.3670104033959878,-0.3850271107270548,-0.4032158099967701,-0.4218222995621798,-0.4402774485152848,-0.4584309638853818,-0.4768915567602513,-0.4953993738259292,-0.5147405749373886,-0.5338794761720935,-0.5528046451279388,-0.5726662746230333,-0.5922018988499975,-0.6120853909123304,-0.6321761848442651,-0.652789602958865,-0.6737253216142306,-0.6951503532594236,-0.716374709221365,-0.738013318529386,-0.7602515650727706,-0.7827684616712626,-0.8057688384700697,-0.8289446012822569,-0.8526930570714784,-0.8773434948075223,-0.9016600649058132,-0.9270276823292828,-0.9527964493684212,-0.9789517120178062,-1.0061399626898844,-1.0338113720493545,-1.0629189987160363,-1.0931810947867486,-1.1242125377742822,-1.156297335180264,-1.1894254603854315,-1.224098104750712,-1.2602757822035626,-1.2984185987516847,-1.3384812479278905,-1.3805957142048428,-1.425199136273623,-1.4725313791201042,-1.5239950038581047,-1.580139598830225,-1.641178636623884,-1.7095080546850685,-1.786625279149833,-1.8738124615781069,-1.9815979412348852,-2.118136181010941,-2.3064857416896487,-2.6524877291122726,,,,,,,,,,,,,,,,,,,,,,,,,,,,,,,,,,,,,,,,,,,,,,,,,,,,,,,,,,,,,,,,,,,,,,,,,,,,,,,,,,,,,,,,,,,,,,,,,,,,
151,2.656895908334539,2.313115620138153,2.1218230980232238,1.9887526815566807,1.8832533857591829,1.7943136108276496,1.7188550093034516,1.6503935894538129,1.5886151699448183,1.5331863699135475,1.4812120381522396,1.4334446178767846,1.388501089785682,1.3464091402947538,1.306295620419919,1.268727386603676,1.2331499835314563,1.198775416320623,1.1653660822657717,1.1329268173517426,1.1018570308319828,1.0720861071446508,1.043253076964616,1.0148383586347194,0.9873270187023048,0.959708366522778,0.933559164303426,0.9079625714201112,0.8833997435236459,0.8595607471641413,0.835847813889173,0.813107429574732,0.790130896348201,0.767340225211291,0.7449953596362433,0.7232066583619515,0.7017500201524801,0.6808554977475199,0.6599257249008949,0.6396530348383768,0.6193781473192267,0.5994657724896026,0.5794251638263607,0.5599008735172877,0.540757358580001,0.5217667693374917,0.5027055801796081,0.4840687164744469,0.465232503654772,0.4466963918040084,0.4280169891601449,0.410068023322057,0.3918286879279724,0.3739912378804975,0.3562450018249588,0.3386775473182714,0.3212628203900932,0.3036366713110641,0.2861717529597571,0.2691809413798495,0.2520013900505279,0.2348403161528457,0.2179699983092847,0.2009069167151297,0.1838835227574758,0.1674240669490264,0.1505300218535493,0.133733586765409,0.1170914177694116,0.100347053661248,0.0836570683848032,0.0671727386800324,0.0504433445649925,0.0337591351144323,0.0168388847568075,0.0,-0.0167462405145897,-0.0333710077800574,-0.0502272731026865,-0.067081715127694,-0.0837583842839051,-0.1002894951361977,-0.1168897140339398,-0.1336467730652377,-0.1504494066969786,-0.1672071069011511,-0.1839265556198889,-0.2011168664855024,-0.2179126560736231,-0.2349955133065946,-0.2519352916725893,-0.2687604766587438,-0.2858001007622875,-0.3029813625615402,-0.3203952472283339,-0.3380467807893607,-0.3557344102544641,-0.37328431640759,-0.3913124514784189,-0.4095005864221941,-0.4278428843268748,-0.4462979147743578,-0.4643906448426399,-0.482621662978189,-0.5012645955310403,-0.5204990019665117,-0.5393639788401106,-0.5584038472912211,-0.578111717941062,-0.5975494755314282,-0.617517888549636,-0.6374570083067705,-0.6580338227579607,-0.678950499435557,-0.7002538452038332,-0.7214982424635906,-0.7431119624990667,-0.7650238521719851,-0.7875124980280263,-0.8106680204288031,-0.8335413705290015,-0.8574505552028275,-0.8817893828994297,-0.9063399572927344,-0.931489799779197,-0.9571537025751896,-0.9832421358638648,-1.0102677930664403,-1.0379672858704652,-1.066994396572462,-1.097192734822788,-1.1281091104053822,-1.1601357847509386,-1.1931256147018428,-1.2279257307811784,-1.263891701925534,-1.3020236608102853,-1.3419114062412063,-1.384295819956786,-1.42848327761841,-1.4762493023650527,-1.5274339141620992,-1.5833529037006302,-1.6441997168895035,-1.7125138651866447,-1.7894684410470183,-1.8766222693554235,-1.9841330805166904,-2.12074524639126,-2.308835291306281,-2.655183623405516,,,,,,,,,,,,,,,,,,,,,,,,,,,,,,,,,,,,,,,,,,,,,,,,,,,,,,,,,,,,,,,,,,,,,,,,,,,,,,,,,,,,,,,,,,,,,,,,,,,
152,2.658822867905005,2.315300591533312,2.124355917125194,1.991411013742,1.8861714421395133,1.797218583444861,1.721874592908232,1.6534988750591162,1.5919110622214567,1.536471611230937,1.484577462906986,1.436712354251663,1.391915675930267,1.3497744558985847,1.3099844553271984,1.2723068957828756,1.236818344242661,1.2025787290399692,1.1691462648941666,1.1370619566195392,1.1058633293379885,1.0760748554772743,1.047339410662156,1.0191061054749482,0.991642748917648,0.9639750581625528,0.9379479748346518,0.912461114735266,0.8877055208481094,0.8640043657686912,0.8404896717456897,0.8175898010476318,0.7947385581411325,0.7721951935835742,0.7498418832909294,0.7280805059755565,0.7066310238662241,0.685816091424766,0.6649974261059862,0.6447411913405644,0.6245764418689905,0.6046554175307561,0.5847968454843995,0.5653685404484635,0.5461176457844551,0.5272078016075855,0.508341586606409,0.4896832879364721,0.4710720866397576,0.4525466401838777,0.434185676569302,0.4159789283011277,0.3979077416470944,0.3800466162667368,0.3624223131040779,0.3449754108864453,0.327641314607292,0.3102573797630973,0.2927858487009283,0.2758196163415382,0.2587448816837716,0.2416384044803994,0.2248766562848592,0.207917649778251,0.191048472952103,0.1745231752536697,0.1578451348847473,0.1410974430832737,0.1246312679400959,0.1078060648566541,0.0914612751643264,0.0751600028706865,0.0583926046223799,0.0418467945490533,0.0250188505664562,0.0084775448805808,-0.0085034675449363,-0.0248856542569275,-0.0415053614213261,-0.0582904953099088,-0.074920960253185,-0.0915387441189543,-0.1077713523722141,-0.1242912230012688,-0.1411045780738497,-0.1577023070174246,-0.1743165007727934,-0.191212346552983,-0.2081265038074044,-0.2248949340296782,-0.2416502819822811,-0.2584607378487453,-0.2752973873059392,-0.2922373062046893,-0.3095131234341467,-0.3269564465805214,-0.3443999516530563,-0.3619929004999155,-0.379524821466,-0.3974115141445811,-0.4157502793605428,-0.4339662480898937,-0.4521083351975374,-0.4702420996512235,-0.4883541547677343,-0.5071073261999398,-0.5259852403102009,-0.5448821242689448,-0.5639169067278962,-0.583470679229884,-0.6028889544580578,-0.6227569895923797,-0.6426707249214806,-0.6632718016769639,-0.6842166424822134,-0.7053337177192283,-0.7264445321342086,-0.7481122253956075,-0.7700313941520266,-0.7924940592784181,-0.8153572144057816,-0.8384215028124434,-0.8620005426057947,-0.8863135772925278,-0.9108695947940696,-0.9360037660118548,-0.9615912748758688,-0.9874246570651758,-1.014601162796549,-1.0422166904212302,-1.071173196607788,-1.1011443206586595,-1.1322370712415573,-1.164165865620487,-1.1970161786194553,-1.2318466143625573,-1.2679031759637338,-1.3058011914722518,-1.3455920016995773,-1.3879837117901,-1.4319850372403806,-1.479812027734537,-1.5309244103606472,-1.586571353845992,-1.6472450424052585,-1.7155223537877915,-1.792521337864628,-1.879748798483324,-1.9867609750988628,-2.123461864318803,-2.3112941764581607,-2.65731753472179,,,,,,,,,,,,,,,,,,,,,,,,,,,,,,,,,,,,,,,,,,,,,,,,,,,,,,,,,,,,,,,,,,,,,,,,,,,,,,,,,,,,,,,,,,,,,,,,,,
153,2.6609881186014364,2.3179189274307705,2.127165538087122,1.994332864483104,1.8887933173436025,1.800408714413983,1.7250094394862336,1.6565886794216755,1.595090407138765,1.539840160514474,1.4879197707074157,1.4401078119170918,1.3954414810388918,1.3533287361342243,1.313575895588087,1.27592319610715,1.2404556823252548,1.206322119017608,1.1730532898241486,1.1410298308879394,1.1097807657556171,1.0800507731650226,1.0513439160190812,1.0233855707616315,0.9960054886397862,0.9684780440196212,0.9423444719068252,0.9169166761241428,0.8924455544061317,0.8683647394075873,0.8450087399515962,0.8219463977549958,0.7994796099707585,0.7768906566592184,0.7547117966262128,0.7330266878784165,0.7115727634199432,0.6907821268112201,0.6698619965977797,0.6497123070611698,0.6299756121141018,0.6098839731097988,0.5903494317629977,0.5706713091080097,0.5515261112344907,0.5327780704058829,0.5138603477147807,0.4952735410416804,0.4766449983566237,0.4584042600959273,0.4400004348679035,0.4220206906986143,0.4039941379720998,0.3861188668246301,0.3684898463131222,0.3512213211809197,0.333940451579336,0.3166605184792407,0.2992823881401834,0.2822291556402833,0.2653682057051149,0.248541123126791,0.2316361400256055,0.2147523113540995,0.1981896100266467,0.1815756526941299,0.1649304681660064,0.1484217287219671,0.1318430568796484,0.1153363365670483,0.0990156875457255,0.0827205915939212,0.0661294990496447,0.0498232933736812,0.0331240766475703,0.016522374866007,0.0,-0.0166692407196812,-0.0330338364316571,-0.0495915209749318,-0.0661100427015902,-0.0826642721632398,-0.0990459849426444,-0.1151619169020052,-0.1317759521593963,-0.1483531991225407,-0.1650301489675729,-0.1813798737070495,-0.1983420770444665,-0.2150849451750753,-0.2315952323284171,-0.2482623598986724,-0.2651116572234854,-0.2817492709553219,-0.2987935352619453,-0.3160344133837351,-0.3334247483727714,-0.3508799945748831,-0.3680354337252237,-0.3856538047595919,-0.4035728167556318,-0.4218335771020193,-0.4399181628353745,-0.4579267901606279,-0.4758229284894452,-0.4940755190565901,-0.5127783024718263,-0.5314528972441764,-0.550407121616648,-0.5694260618099088,-0.5887334829365304,-0.6083164193147748,-0.627942862376296,-0.6478389280950768,-0.6685615344087408,-0.6892662048608869,-0.7102585143846929,-0.7313217380297244,-0.7529665850284964,-0.7748787682610148,-0.7973366909318791,-0.8201433184653885,-0.8430267936982971,-0.866637862081835,-0.8907417527403446,-0.9152794724631804,-0.94018178048268,-0.9657098537902687,-0.9916604081721776,-1.018602658112173,-1.0462961980768288,-1.0753858210327762,-1.1053541800539055,-1.1362346283183025,-1.1681284317522274,-1.20086061323788,-1.2356377588713852,-1.2716010631522738,-1.3096328572742442,-1.3491830256559392,-1.3913277792076082,-1.4353856067375197,-1.4831720584078345,-1.534404248395311,-1.590018271246966,-1.6503421736879142,-1.7186118173601397,-1.795672033416014,-1.882453949671098,-1.9895762509953403,-2.126081531349681,-2.3139770931712587,-2.6598597628281646,,,,,,,,,,,,,,,,,,,,,,,,,,,,,,,,,,,,,,,,,,,,,,,,,,,,,,,,,,,,,,,,,,,,,,,,,,,,,,,,,,,,,,,,,,,,,,,,,
154,2.663021639361284,2.3203924223198484,2.129697931452112,1.996980271990761,1.891492067687343,1.8031516920937083,1.7280309751695395,1.6597690042904754,1.5984202967859549,1.543072769256784,1.4913213912725989,1.443668698777982,1.3989763571641598,1.3569974076482378,1.3171132488304491,1.279640061837242,1.243915124701347,1.210257080231249,1.1769166057843248,1.1450581346301023,1.1138706170409092,1.0842436231473578,1.0557294018545385,1.0277253353399955,1.0004486466384397,0.9733134568636058,0.9468781240474762,0.9215226031262888,0.8970467289287073,0.8730658592113055,0.8497924494531055,0.8268477950413837,0.8043800527293163,0.7818364715585701,0.7598970442556849,0.7380753365218292,0.716954352388172,0.6960538034793243,0.6752208136847788,0.6551335228611721,0.6352705183622425,0.6153186568042824,0.5959611288800303,0.5765175127023687,0.5571088160278582,0.5384370289897278,0.5197174070372377,0.5012365287963048,0.4826859397376029,0.4642426261975297,0.4462462696614468,0.4281770599447356,0.4104165071986166,0.3924374651070317,0.3748109289005274,0.3575918483219136,0.340487946161176,0.3231189495058111,0.3059445440599634,0.2889631036629389,0.2720432438224296,0.2554359087410764,0.2386533972270537,0.221843534179955,0.2051922252848043,0.1887513351303404,0.172321534344937,0.1557337888455924,0.1392146828070193,0.1226019990413381,0.1064869580363588,0.0903667197708779,0.0739158542684211,0.0578901272416088,0.0413351634773978,0.0248602046895825,0.0082162223289197,-0.0083156217831369,-0.0245663664970322,-0.0409718617510208,-0.0575711560205461,-0.0738594691142958,-0.0901380331872542,-0.1064934133673468,-0.1228272731585259,-0.1392609908911209,-0.1557934716706106,-0.1721231448527528,-0.1886329309351403,-0.2054251945785157,-0.221983051323628,-0.2382486483791823,-0.2548261076929757,-0.2716568600894918,-0.2883565343926837,-0.3053800912128925,-0.3226303122481019,-0.3397828122522019,-0.3569531463181754,-0.3743536966043727,-0.3919492642251849,-0.4098424555629075,-0.4278560454726176,-0.4459974216101798,-0.4637399684793187,-0.4816648657477799,-0.499903154681768,-0.5185469750753661,-0.5371337019395751,-0.5559449509308236,-0.5747850954383102,-0.5942083163643174,-0.6135554528748246,-0.6332566284589557,-0.6532701346141799,-0.6738328659043602,-0.6944068239571078,-0.7153370524525325,-0.7362877101027924,-0.7579497446346221,-0.7800014703770071,-0.8023098083993173,-0.8248844106929478,-0.8476771746610051,-0.8712489665551082,-0.8954300849436597,-0.9197294563590795,-0.9446905452913912,-0.9701380850772192,-0.995977063837785,-1.0227657150409637,-1.0505108892213837,-1.0795089832376707,-1.1094536634207983,-1.1402377875371217,-1.17226789099759,-1.2049893362136768,-1.2394982759205844,-1.275481930427394,-1.313330372215194,-1.3529170873143697,-1.395052096897215,-1.4389554445833848,-1.4867120818251414,-1.5377294539724382,-1.593258602977658,-1.6537136403184658,-1.7219297898825874,-1.7986751066322326,-1.8852685835248528,-1.9922753787744385,-2.128314031326018,-2.316451813293268,-2.6620450542596004,,,,,,,,,,,,,,,,,,,,,,,,,,,,,,,,,,,,,,,,,,,,,,,,,,,,,,,,,,,,,,,,,,,,,,,,,,,,,,,,,,,,,,,,,,,,,,,,
155,2.6652645217121744,2.3229452014053464,2.1320940913240176,1.9995710617471352,1.8943262561366632,1.806204335149784,1.7311798903499014,1.6628094876428503,1.6019001637791377,1.5463902475248943,1.4946528790039302,1.446963437558682,1.4024000133392598,1.3604309690976468,1.320709057866534,1.2831645786740762,1.2473257046616832,1.2138387665527035,1.180583596005058,1.1487056070364825,1.117718840863914,1.088206769942046,1.0594449270670847,1.0317226449583894,1.0045311771870675,0.9775980787111276,0.9512167562960508,0.925816511277004,0.901325221431194,0.8774430951488029,0.854152242743178,0.8314291669865964,0.8090455391935749,0.786530625294069,0.7645823050573983,0.7427532597050386,0.7218840302671962,0.7009061669809523,0.6801511717087183,0.659993955037455,0.6403088819071687,0.6204097998530235,0.6011114258024157,0.5817697634856384,0.5624845165390369,0.543713116389881,0.5251598743919808,0.5067813602512964,0.4882546272001246,0.4699405465609086,0.4518180627528712,0.4339269711948085,0.4163460027763179,0.3985231938389122,0.3808657794289413,0.3635328121023802,0.3464210320504589,0.3293992761635879,0.3122367065014967,0.2953329882456023,0.2785796283722014,0.2618349743476401,0.2452062876105171,0.228455725484987,0.2118646668370971,0.1955892722450609,0.1792739449814842,0.162761803687131,0.1465182670615397,0.1299362937668631,0.113774527226523,0.0978260778715787,0.0814374362372017,0.0654545581040333,0.049229389352159,0.0326771382543158,0.0161537668280636,0.0,-0.0165287257724598,-0.0327290918304164,-0.0491243147357962,-0.0654911702906438,-0.0815035951999662,-0.0978555580999432,-0.1139640391378218,-0.1303342692615343,-0.1468486930569739,-0.1629985921564034,-0.1792888992289814,-0.1958915287294877,-0.2123042897763006,-0.2288461978290654,-0.2448358088133441,-0.2615366644476732,-0.2782917066725898,-0.2950745300740935,-0.3120166906680579,-0.3290593429929047,-0.3461677292856782,-0.3634520405270273,-0.3806288688847842,-0.3982499400466578,-0.4159995204187038,-0.4339539443582543,-0.4518384865410731,-0.4696012610069832,-0.4874171422183743,-0.5056351509657621,-0.5242144869362602,-0.5427008363948341,-0.561618985156133,-0.5801920947396874,-0.5996836065310562,-0.6189158889095059,-0.6386767943099136,-0.6585571503369423,-0.678901803646748,-0.6995717176804678,-0.7203181015879836,-0.7413162451055781,-0.7628985975572836,-0.7848807572569907,-0.8071298950550204,-0.8295217831678187,-0.8523982809271127,-0.8759038707936466,-0.9000559088527891,-0.9243207412365582,-0.9491990875737047,-0.9744172462259896,-1.0002853467845696,-1.0270989864676454,-1.054724942524598,-1.0837843005469494,-1.113742247994105,-1.1443306602678611,-1.1762736338652109,-1.2091100508719437,-1.2434713286201595,-1.279274998617805,-1.3169478258614935,-1.356690295104806,-1.3986304600138697,-1.442728173162878,-1.4900797387851834,-1.541020078708154,-1.5965686795823764,-1.6570844669042526,-1.7250473865509943,-1.8018687560081417,-1.8885402983500823,-1.9954671879521324,-2.131142439109718,-2.319551951200401,-2.663952293049744,,,,,,,,,,,,,,,,,,,,,,,,,,,,,,,,,,,,,,,,,,,,,,,,,,,,,,,,,,,,,,,,,,,,,,,,,,,,,,,,,,,,,,,,,,,,,,,
156,2.668030114018058,2.3260791973559622,2.1345559736105115,2.0019896398032104,1.8970750121612248,1.8088503247757952,1.7341667313025697,1.6658016612222313,1.6050089600954769,1.5499152599127228,1.4981526617746963,1.4505563061113471,1.4058532846108358,1.3640303540700751,1.3242618905664325,1.2868405003264891,1.2510525939003436,1.2174998262348764,1.1842734083652908,1.1524390530177118,1.1217094629497095,1.092179667441326,1.0634907319309963,1.0357893369133542,1.008584221397257,0.981947171553308,0.9557571232664992,0.9301499760968308,0.9057785226654268,0.8818752003591716,0.8586038924672995,0.8359615249837415,0.813735627391562,0.7912256980442378,0.769481147225156,0.7475309959321284,0.7266958923196973,0.7058501343807276,0.6852491881153658,0.6650065710495584,0.6455095717601679,0.6256038847479329,0.606367148382961,0.5868939193223339,0.5678913220007574,0.5491642600491851,0.5305523622990354,0.5122674770037351,0.4939969151320494,0.4758125594641665,0.4577111270012909,0.439701480660815,0.4221280695309118,0.4046719645935277,0.3870634642340742,0.3695245216988568,0.3525373970461049,0.3356840372212489,0.3186491599806659,0.3018471895935866,0.2850206097730841,0.2684993788987606,0.2518804491560243,0.2352101655163723,0.2187246857537376,0.2023967095260491,0.1862420713336558,0.1699823480219261,0.1534624995811501,0.1372218595369993,0.1210753287544339,0.105134479217567,0.088969418912713,0.0730792365531728,0.0570136019712459,0.0406115693222671,0.0240497456681714,0.0078020242875569,-0.0083215663640731,-0.0245560624552489,-0.0407004214395401,-0.0568176351579945,-0.0731706986150624,-0.0890524857542398,-0.105202851812601,-0.1214860578972874,-0.1377943646622811,-0.1540654326353216,-0.1699199465861168,-0.1862280301211839,-0.2028083954566073,-0.2192695666426532,-0.2354319829441434,-0.2515371687505691,-0.26798086544464,-0.2847693859955065,-0.3016136457738662,-0.3183902131052241,-0.3352059817173947,-0.352340417269622,-0.3694716995575833,-0.3867061422033261,-0.404303087153499,-0.4219358228617859,-0.4397127617030367,-0.4576101819251463,-0.4751878016926231,-0.4931687223830074,-0.5113016287188978,-0.5296003420893336,-0.5481242901528367,-0.566773659812127,-0.5857041736717307,-0.6047647696688145,-0.6241032093741029,-0.6437601368097667,-0.6637765727690144,-0.6839826775243938,-0.7045528311355569,-0.7252100550107808,-0.7460756387178517,-0.7678478519835414,-0.7894742124896232,-0.8116970982211553,-0.8341216560269884,-0.8570102147549482,-0.8804143182833893,-0.9044810893663175,-0.928753382978728,-0.9535320374114896,-0.9786961019185172,-1.0045116604232205,-1.0311334212877203,-1.058869488569744,-1.0879026364486934,-1.1175151854968697,-1.1481611654618626,-1.1800766729153775,-1.2129491089266675,-1.247412288852239,-1.2830323783130222,-1.3207191811221533,-1.3604289464814507,-1.4021306375169245,-1.4463261156848226,-1.4933640160336188,-1.5441336650903037,-1.5996885033467187,-1.660230622646281,-1.7278491423706923,-1.8052116370495577,-1.891850491101616,-1.9982344869989093,-2.1336595202331603,-2.3215662218533515,-2.666354682029578,,,,,,,,,,,,,,,,,,,,,,,,,,,,,,,,,,,,,,,,,,,,,,,,,,,,,,,,,,,,,,,,,,,,,,,,,,,,,,,,,,,,,,,,,,,,,,
157,2.6703851299595254,2.328730666044518,2.13718029196532,2.0047635024539536,1.8999441175612972,1.8116467802451603,1.737130207554603,1.6688482729465042,1.6082609917913786,1.5529898567441167,1.5013472518435231,1.4538378039803248,1.4091972202222869,1.367414255650111,1.3278358386209812,1.2902172619073875,1.2545519646729626,1.2211784714513492,1.187979340404571,1.1562056875743107,1.125356633509856,1.0962023501692275,1.067283589143737,1.0397567399871466,1.0126477110557743,0.9861333231820708,0.9599195355575398,0.9344205124385296,0.9100417098881244,0.8863853858241477,0.8630569053749514,0.840384549107559,0.8182872183651996,0.7958494197402041,0.7740091914921079,0.7524575374543925,0.7314613870072338,0.7108289022413891,0.6901254627487206,0.6700489864613423,0.6505026971398713,0.6308506372854954,0.6116635696067312,0.5923083898637354,0.5732756530414334,0.554633394421301,0.5361225654222133,0.5177810219305464,0.4995243290651815,0.4814790373923274,0.4634934057833609,0.4456493588553266,0.427993036579585,0.4105641478457452,0.3931266227850551,0.3757611003966912,0.3585626993336297,0.3416908665451932,0.3248255911395749,0.3080764502772938,0.2914095902548537,0.2748886749619005,0.258361920144936,0.2416907631510155,0.2255292634115318,0.209065412383152,0.1929718202941869,0.1769459342980027,0.1604972957899035,0.1442625956853135,0.128300518518547,0.1124026128589827,0.0964164869246135,0.0804199411928414,0.0645380698170223,0.0486200575409431,0.0318944867153454,0.0157584961812241,0.0,-0.0163545363728311,-0.032515756496952,-0.0485192365399891,-0.0645927722779899,-0.0806917617957915,-0.0963663742888066,-0.1127051344067163,-0.1287560504030588,-0.1450626229496299,-0.1609079189113876,-0.1770564150667854,-0.193192110373249,-0.2096041675696223,-0.2258731373911105,-0.2418741176096092,-0.2582366605107983,-0.274686282477367,-0.2913153587877183,-0.3081264099299159,-0.3246061893099407,-0.341376578779924,-0.3585550778587805,-0.3755853944344949,-0.3927940812738562,-0.4102732673958445,-0.4281347135052749,-0.4455372673437713,-0.4633434508408734,-0.4809278135561534,-0.498839413964273,-0.5167876773962272,-0.5349878785527907,-0.5534957921858745,-0.5721422737937475,-0.5909756914080729,-0.6098170315114307,-0.6293548383283368,-0.6488067885827519,-0.6689296364296533,-0.6889619529560483,-0.7093481585842634,-0.730095729925989,-0.7509305509750531,-0.7726766145223485,-0.7941900074752651,-0.8163407903758947,-0.8388562039022354,-0.8615572241830484,-0.8850139020272634,-0.9089097115175344,-0.9330731827745058,-0.9578219042377164,-0.9828628648775048,-1.0087589255292042,-1.0353060636575235,-1.0629715230689998,-1.0920972443580672,-1.1213994940590784,-1.1521996483629338,-1.1840017917045522,-1.2168828286995867,-1.251184486243008,-1.2866133511923563,-1.3243808076228307,-1.3640960935937378,-1.405567269156193,-1.4498035338510955,-1.4968034487337925,-1.5475074132270168,-1.603090102853217,-1.6635170796591583,-1.7310756757458636,-1.8080579511708723,-1.8949029609347323,-2.001166842710439,-2.136390995911912,-2.3241959850058307,-2.6683898354796494,,,,,,,,,,,,,,,,,,,,,,,,,,,,,,,,,,,,,,,,,,,,,,,,,,,,,,,,,,,,,,,,,,,,,,,,,,,,,,,,,,,,,,,,,,,,,
158,2.672841712520599,2.3308862385082523,2.139441265706384,2.0072113475887043,1.902478825556924,1.8144428212935075,1.7400530118137594,1.671696109239633,1.6111022121317404,1.55582245350745,1.504562923734432,1.457100318086293,1.412540072232066,1.370807231937548,1.3312708692202009,1.293775441093964,1.2580343276598824,1.2248339631220002,1.1918783067280856,1.1598121470120994,1.1293076337250396,1.1000747981577472,1.0713132374763914,1.0436816697481153,1.0168768078300243,0.9903878442681282,0.964178347018422,0.938941284663941,0.914382246292847,0.8908395277089505,0.8675095017571027,0.844844999240942,0.8228367301114246,0.8004547662614346,0.7786958151215688,0.7572895840732116,0.7362118313947486,0.7156522785158977,0.6951919754942805,0.6750040434643865,0.6553660274045803,0.6359857022213562,0.6168754661713719,0.5976147109878244,0.5785662297952132,0.5599410161929943,0.5417208321911139,0.5232787919524083,0.5051191429361029,0.4871906488587486,0.4691699998312035,0.4517357131038265,0.4338399907174741,0.4164890337872309,0.3991820294908701,0.3818970217038964,0.3647625849731256,0.3478184279249347,0.3312293068373034,0.3145298455299704,0.2977381448554372,0.2813517446235646,0.2650053443513759,0.2483193122341247,0.2320736978625368,0.2157450937103785,0.1997329373625287,0.1837865037454821,0.1676490723543746,0.1513889474874298,0.135415835845619,0.1196390954479509,0.1037599645861096,0.0878613708380891,0.0720030963315336,0.0561395372828238,0.0399005390897221,0.0237248249557271,0.007613130085429,-0.0081158923276886,-0.0243101265462896,-0.0402889335117063,-0.0560421695547427,-0.0721551332165095,-0.0880825854147872,-0.1038656940644883,-0.1199977494209296,-0.1360780258185177,-0.1520430031805518,-0.1680411124249538,-0.1839556911875979,-0.2001718312691087,-0.2165473890476611,-0.2325025351964987,-0.2486001020151787,-0.2647194498820907,-0.2810953626536038,-0.2975585560102073,-0.3143684857783008,-0.3307694021483566,-0.347623605041964,-0.364748341932625,-0.3818137824280383,-0.3987909340810246,-0.4163569358569688,-0.4339277022273909,-0.4514147162834563,-0.4689507083720742,-0.4865684378186544,-0.5045134030738972,-0.5222398693347168,-0.5403077947175616,-0.5587945493559804,-0.5774914209011757,-0.5962015522204448,-0.6151312085096524,-0.6344834730061387,-0.654062618782182,-0.6739209282085341,-0.6940502654261238,-0.7142974366403426,-0.7349710006502084,-0.7558956770268463,-0.7773401470777493,-0.7989139891182165,-0.8210414523934744,-0.843374401341237,-0.8660960279289024,-0.8895579455531363,-0.9132389437397386,-0.9374144364656049,-0.9620602598741,-0.986984214813307,-1.0129412236367932,-1.0394497484049352,-1.0671044445856663,-1.096129257576053,-1.1252992145231804,-1.155911497182582,-1.1879001933079645,-1.2208411293942674,-1.254758677086845,-1.290343220187263,-1.3282208028260496,-1.367565039480987,-1.4088358685124671,-1.4532434259428544,-1.500099552489178,-1.5508190364345562,-1.6064195902227472,-1.6667528220445111,-1.7340936554098232,-1.8109289598434284,-1.897702858839999,-2.00411403597806,-2.1389561119945,-2.3270650210710038,-2.6716481966432526,,,,,,,,,,,,,,,,,,,,,,,,,,,,,,,,,,,,,,,,,,,,,,,,,,,,,,,,,,,,,,,,,,,,,,,,,,,,,,,,,,,,,,,,,,,,
159,2.675257635812815,2.3333980484005767,2.1421699503735248,2.009710900915871,1.904952047398935,1.817254802166898,1.7429713996034617,1.6748270610506464,1.6139757037658369,1.5590214039626222,1.5076652442037302,1.4598022670430806,1.415491018739085,1.3740325111155152,1.3347620274767282,1.2972608870694322,1.2615735412394269,1.2281968600358146,1.1955672861122897,1.1635809281280047,1.1331827349246066,1.1040247639702294,1.0753025479514122,1.0476631256520623,1.0207326196396287,0.9945173300747338,0.9684912200450252,0.9430774854931464,0.9186409263195496,0.8951276928371608,0.8719206752468677,0.8492882263535455,0.8272156479249232,0.8050644284554155,0.7833801528462222,0.762034875088749,0.7410179847060204,0.7206040980631118,0.7002593676101441,0.6799405851427321,0.6601883535366173,0.6408973841288773,0.621944445518645,0.6026753900012595,0.5838742343292486,0.5652655218822858,0.5471784339088686,0.5286568269954305,0.5106743980678008,0.4929022520073744,0.4748189327822086,0.4573729615295921,0.4397961305826049,0.4222992306442102,0.4052013510118731,0.3878647531433744,0.3708793208035896,0.3538790689821946,0.3372395815106511,0.3207232931083881,0.3041827135947317,0.2875513197264308,0.2715303302564592,0.2549677583203212,0.2386842708868221,0.2225115691046363,0.206508239054001,0.190552354712679,0.1745589772739077,0.1584805268688716,0.1423914469375473,0.1267733358163071,0.1110566003728489,0.0952130295275116,0.0794280244435904,0.0636379415850417,0.0477930398336736,0.0317316686343291,0.0156690987947306,0.0,-0.0160287574317723,-0.0320272679233045,-0.0478386874023957,-0.0636259574625787,-0.0795911878861341,-0.0954013829911113,-0.1111655285611064,-0.1272487444443539,-0.1432482068223547,-0.1590471596531661,-0.1749712480958172,-0.1908481204814599,-0.207229801500158,-0.2230881574255569,-0.2389449887003062,-0.2548498412958547,-0.2711639814174672,-0.2874539704832717,-0.304068591751651,-0.3205020140789495,-0.3371150277127331,-0.3537636804490351,-0.3707689394209897,-0.3876731541642927,-0.4047322786074988,-0.4222366366643278,-0.4396659920169002,-0.4571094739552641,-0.4745929941627924,-0.4921429245734265,-0.5100017699889506,-0.5277115203274682,-0.5456568901527659,-0.5641708171408145,-0.5827542126361904,-0.6014061218581473,-0.620195266298573,-0.639580665145671,-0.6591468200994037,-0.6789570453039548,-0.6989764905008636,-0.7192338498038403,-0.7398288613210939,-0.7607219476906748,-0.7822664265766911,-0.8036924471681124,-0.8256324246904027,-0.8481769115342122,-0.8707279963750896,-0.8940763388491392,-0.9175159054430208,-0.9418237504609585,-0.9664453732516568,-0.9911315815550812,-1.0171533703831717,-1.0435887344056345,-1.071367933519471,-1.1002061920754478,-1.1294214560739138,-1.1599017692969846,-1.1917161921633097,-1.2247281690760103,-1.2585910386787025,-1.294111987158298,-1.3316214868543506,-1.370983029434692,-1.4121157990916946,-1.4566155578312137,-1.5032754391116987,-1.5542574502086632,-1.6094442400889653,-1.6696753141149865,-1.7367230044675088,-1.8135383516263568,-1.90007519144718,-2.0067104691619257,-2.141477931768934,-2.329345895037084,-2.6737889130112715,,,,,,,,,,,,,,,,,,,,,,,,,,,,,,,,,,,,,,,,,,,,,,,,,,,,,,,,,,,,,,,,,,,,,,,,,,,,,,,,,,,,,,,,,,,
160,2.6772942819958345,2.335691945945072,2.1449080159188467,2.012149414959818,1.9074535291729315,1.8200306844249177,1.7456646273183172,1.6781201975461888,1.617485006381473,1.5624121497975887,1.5110630786416368,1.46332749126837,1.4190615146965828,1.3775474278328883,1.338449525003651,1.3011119231065216,1.2652378169680405,1.2317522841093365,1.1990644648960196,1.1674872658853457,1.1369901253690244,1.1080695567130805,1.079341967618096,1.05171610238072,1.024836168730977,0.998626461121994,0.9727072329174132,0.9473631758455472,0.9231083810759046,0.8995075396319584,0.876243270401878,0.8537058199786824,0.8316761442941978,0.8098053844926714,0.7880881891891186,0.7668114128873396,0.7458412677693492,0.7253689326327529,0.705160135467831,0.6848669750491545,0.6652313017153467,0.6459903670154992,0.6269997930444415,0.6079222513296153,0.589131039994402,0.5704770191742771,0.552489073412459,0.5341528976235649,0.5160127438540184,0.49858007800019,0.4805953914310139,0.4631002799042293,0.4455135854123638,0.428134484841955,0.4112917400933781,0.3941269367069047,0.3768883021468671,0.3601804307591396,0.3434205148483081,0.3270494708656554,0.3105185089988705,0.2941038684154836,0.277850179372742,0.2615477861211208,0.2453860193563321,0.229106486262936,0.2131367519294396,0.1974369697426032,0.1814354622914774,0.16556310033513,0.1494689333262824,0.1337983064814571,0.1181920927122467,0.1025648138514156,0.0868997915448188,0.0709758855867271,0.0555249762945141,0.0394880493212655,0.0234609029601385,0.007755802588672,-0.0079939957780522,-0.0238113079071463,-0.0396610690843604,-0.0553421225183402,-0.0710934942571031,-0.0869339561833295,-0.1025061938630353,-0.1183213454730722,-0.1344364482010346,-0.1501114817541126,-0.1657961284087732,-0.1816442337760201,-0.1976334933135235,-0.2136820859757033,-0.229605022682429,-0.2452862669236508,-0.2612302493246757,-0.2773762987824771,-0.2938688603093776,-0.3101364433162779,-0.3266928051207339,-0.3431555260946429,-0.359806886228242,-0.376669230986197,-0.3936685489968284,-0.4105976377405823,-0.4279052782690911,-0.4454188348880447,-0.4627225902338377,-0.4800986049993571,-0.497558146247808,-0.5154392270410257,-0.532784513076259,-0.551014644125142,-0.5692874427835163,-0.5879113180650234,-0.6064560882752527,-0.6252337598990125,-0.6446161995163926,-0.6640749931159112,-0.6841112135238119,-0.7038561766654833,-0.7239941350439197,-0.7445672657457024,-0.7654198495088823,-0.7869055644361319,-0.808188179771067,-0.8301904058671801,-0.8524857529148616,-0.8752216419932667,-0.8982592573278294,-0.921877128082759,-0.9461036696599826,-0.9704657158007438,-0.9950595463475472,-1.0211333327830052,-1.0476892201682135,-1.0752132939046457,-1.104098360331298,-1.1331819667925818,-1.1636940519421677,-1.195613352091882,-1.2283739382096976,-1.2623410404693287,-1.2975063442788928,-1.3352825680900662,-1.3743955055988537,-1.4155395967628424,-1.4599934957982228,-1.5062686726726902,-1.5571710652961483,-1.6123565317659052,-1.6725912143217996,-1.7394428719854147,-1.8165663859546657,-1.902773715889201,-2.0092294189970774,-2.1437696344009427,-2.3317641931238864,-2.6756157291674185,,,,,,,,,,,,,,,,,,,,,,,,,,,,,,,,,,,,,,,,,,,,,,,,,,,,,,,,,,,,,,,,,,,,,,,,,,,,,,,,,,,,,,,,,,
161,2.680180113902543,2.3378576192259715,2.147420099992948,2.0145486729860145,1.909723087251048,1.8229214299623837,1.7484506387039218,1.6809499306081577,1.6204904480234028,1.5654799410139184,1.5140963332304953,1.466545831359703,1.4222311593493413,1.3808204078126245,1.3418379402235767,1.30450520655914,1.2687636907795343,1.2352286151146583,1.2025858453458156,1.1711112100754637,1.1408577897912884,1.111959704711192,1.0834004563262685,1.055642483130991,1.029037789499817,1.0026180790119692,0.9768733885864004,0.951644139369739,0.9273442756566814,0.9037386036935195,0.8806405487913406,0.8581519456377728,0.8361157663918344,0.8140229173245772,0.7926088378630588,0.7715346847350222,0.7505306066043348,0.7300878567864616,0.7099379021259868,0.6897618113829661,0.6700550162494054,0.6509612852237727,0.6320797179183714,0.6132123549242199,0.5944954376978403,0.5756259221990645,0.5576463168577593,0.5395541994310419,0.5213943327311648,0.5039749769420967,0.4862369411304842,0.4686712938845125,0.4511963754097605,0.4338843104928917,0.4168933841262836,0.4000247281985586,0.3828780937366801,0.3661614032308425,0.3494865582840321,0.3331240606441524,0.3167326892649017,0.3004706861595829,0.2842691576450437,0.2680461763918864,0.252016621929326,0.2359270390748195,0.2197850427488367,0.2040524869864886,0.1882620149009926,0.1724732154801815,0.1566348959563813,0.1407720620654496,0.1252409008778862,0.1096956940783249,0.0940895631606304,0.0784359902003197,0.0628178760287632,0.0473128597462652,0.0312687802356235,0.0154393975539489,0.0,-0.0157293764920469,-0.031357908266163,-0.0471640075617861,-0.0627805727406084,-0.0785870421362132,-0.094093365559361,-0.1098221677033336,-0.1255947170191837,-0.1413005668454559,-0.1569287544147083,-0.1727791843949832,-0.1884427776179823,-0.204400496339221,-0.2201633353747963,-0.2359358090871528,-0.251608102238094,-0.2675405304200151,-0.2836590718300149,-0.2998878784083955,-0.3163412860749853,-0.3327880194115047,-0.3492437702065932,-0.3657282561369162,-0.3825614870658254,-0.3994134012563779,-0.4164452763493748,-0.4337851381250799,-0.4510901382875011,-0.4684272600285258,-0.4854925170341187,-0.5030592424138669,-0.5206051929481031,-0.5381869913647008,-0.556193934231407,-0.574497168370983,-0.5930763004042418,-0.6115597546954972,-0.6302966329129017,-0.6496198731730434,-0.6691508723378362,-0.6888338583731718,-0.70853633106095,-0.7286361500083962,-0.7492213928145635,-0.7700370987932159,-0.7914411650551634,-0.8125949596603768,-0.8345864778432668,-0.8566197442537006,-0.8794209508437622,-0.9022860757531432,-0.9259161197263464,-0.9499430010487716,-0.974292628130806,-0.9990054500366904,-1.0251231181647018,-1.0516846861677445,-1.0789552755937064,-1.1078249757590433,-1.136763884012694,-1.167370663233266,-1.1993582551763255,-1.2319487887756129,-1.2660010263415624,-1.3009487866105216,-1.3385384242716192,-1.3776006626776272,-1.4188392839492254,-1.463050181507236,-1.5092911416228092,-1.560573020482863,-1.6152525524722237,-1.6752672998849196,-1.742067159038021,-1.819347089633312,-1.9052345979684828,-2.0114093762119545,-2.146021967997574,-2.3341119762800853,-2.6775648696426635,,,,,,,,,,,,,,,,,,,,,,,,,,,,,,,,,,,,,,,,,,,,,,,,,,,,,,,,,,,,,,,,,,,,,,,,,,,,,,,,,,,,,,,,,
162,2.6823299340046267,2.340092188674287,2.149628639362512,2.0169982308091177,1.9120244120938497,1.8253152857052928,1.750802511055905,1.6839440782007462,1.623559713128956,1.5685306814167064,1.517203628826244,1.469975808060078,1.425480847848602,1.3841685643586692,1.3451501743234535,1.3080038456871876,1.2721438738156243,1.238611673742384,1.206051100910469,1.1748087804890606,1.144423630323468,1.1155981841536438,1.0871647304592404,1.0595108148930592,1.0328414472198055,1.006781632484015,0.980966357380055,0.9556824620568272,0.9316440903610969,0.9079075946975698,0.8846869756089741,0.8622363589988592,0.8402296258541275,0.8183270207560845,0.7970598795391559,0.7760268062267404,0.7551596059761086,0.7346186856697957,0.7145309616776265,0.6944278416049823,0.6748684503513669,0.655753359920706,0.6368131211752524,0.6180905294783182,0.5996720917117093,0.580581370572497,0.5626050489867355,0.5445478033706083,0.5265307165152306,0.5091302714031842,0.4915354908575938,0.4739968106234933,0.4566075986959235,0.4393710219171473,0.4223171949491608,0.4056314071145296,0.3887007388150284,0.3718714403271828,0.3552720417473949,0.3389267623456193,0.3226010727085799,0.3064612457759025,0.2905057315917985,0.2741703587483566,0.2581979854751447,0.2423162198591635,0.226266323134649,0.2104958811253007,0.1947587265540893,0.1791172996397143,0.1633746666229011,0.147776985673639,0.1320057194937639,0.1167400984055409,0.1011653051618602,0.0856394326125393,0.0701332195979013,0.0546763635927889,0.0389118663532205,0.0230380108293867,0.0075282632272781,-0.0080187664272474,-0.0235143251778919,-0.0391647654809843,-0.0547974341369302,-0.0703761913194601,-0.0859109638432941,-0.1013913168484029,-0.1171235662939779,-0.1326238336715109,-0.1480994402771423,-0.1639254014199171,-0.179620994651011,-0.1952285723127718,-0.2110080448971582,-0.2266267256307295,-0.2423285190060448,-0.2579171434542276,-0.2739061511252897,-0.2900219453045008,-0.3062059067155803,-0.3225124950391559,-0.3388679951405614,-0.3552031113036469,-0.3718023207311578,-0.3884740790311051,-0.4054447416391314,-0.4223553972588601,-0.4395131841147662,-0.4567243029114502,-0.4737881360960085,-0.4910168039876192,-0.508496611286436,-0.5259792987753005,-0.5434935543110399,-0.5614419342024558,-0.5796311431274032,-0.5982912377564443,-0.616525082997379,-0.6354574441920747,-0.6546699755733513,-0.674170012836443,-0.693683806874398,-0.7134162053970421,-0.7332896660390495,-0.7537414149437627,-0.7745834223291271,-0.7958803014105659,-0.8171519442824796,-0.8390911322564765,-0.8610796975224283,-0.8837314432102786,-0.9065415174947746,-0.930124682055812,-0.9540915008962072,-0.9784100597431532,-1.0032150623030414,-1.0292279577713206,-1.0556093712942314,-1.0830389233376392,-1.1115979029803698,-1.140671360257807,-1.17099372659391,-1.2030279700983062,-1.2356605976436912,-1.2696425818991222,-1.304399520653331,-1.342014621026127,-1.3812435892354344,-1.4222029504446692,-1.4661950286033527,-1.5126144141161812,-1.5636823228840484,-1.618287200863478,-1.6783226550621382,-1.745231977127662,-1.822177445644804,-1.90796491736395,-2.014173307746481,-2.1484839098505666,-2.336114436426856,-2.6799200967290173,,,,,,,,,,,,,,,,,,,,,,,,,,,,,,,,,,,,,,,,,,,,,,,,,,,,,,,,,,,,,,,,,,,,,,,,,,,,,,,,,,,,,,,,
163,2.684658635800341,2.342064917915886,2.151516387381064,2.0193791687918927,1.914470493917032,1.8278595827000617,1.7539121060200622,1.6867678168711011,1.6264208410870344,1.571379361502662,1.5202786224136378,1.473249334002303,1.4285566366762754,1.3873466457514176,1.3486277085566478,1.3112905799594896,1.2752545171293448,1.2419747631229894,1.209358054251126,1.1784235440001505,1.1480979877263628,1.1191952515769217,1.091008897923552,1.0632764773794516,1.0365940169616656,1.0106222949265544,0.9850738551791676,0.959682740852316,0.9357055680041084,0.9119838543474053,0.8888660608691463,0.8664802957429732,0.8443592843285709,0.8226293163612092,0.801218772717437,0.780414522980191,0.7596130371044948,0.7391447507589723,0.71918772797164,0.6991594118775957,0.6795812468239831,0.6604474114451796,0.6417240147233678,0.6229183260228678,0.6044778197609703,0.5857781174714378,0.5676856753833516,0.5495852496113018,0.531778950217201,0.5143435894704272,0.4968894605356829,0.4794934541751255,0.4620372306843804,0.4448821051874412,0.428006398980646,0.411405269259819,0.3944985153029413,0.3777049999669729,0.3610796648089924,0.3447868523043585,0.3285433990179776,0.3124343091712571,0.296653957221566,0.2803452498346765,0.2644049034064882,0.2487084174640984,0.2327508703307708,0.2169535377822113,0.2012177854039123,0.1855727074168174,0.1700260976647736,0.1545065353036459,0.1387450366469101,0.1235992930717776,0.1082700852122108,0.0925892839791321,0.0774017835539034,0.0618023975483761,0.0463668426419892,0.0306557731817358,0.0150421567186211,0.0,-0.0156730093455281,-0.0312407069243326,-0.0468526442727366,-0.0622946334511354,-0.0778269439928396,-0.0932614157434129,-0.1086179657169091,-0.1241709499077729,-0.139627899052104,-0.1551945529992488,-0.1708565607942143,-0.1863021758981099,-0.2019480973666881,-0.2175443580570492,-0.2330820016492907,-0.2486856204848017,-0.2643571130644501,-0.2803335869692845,-0.2961671038644329,-0.3125669473372417,-0.3287721328759235,-0.3449920184070201,-0.3612211457047149,-0.3778208435346837,-0.3945675502719932,-0.4112200654749941,-0.4282949929235673,-0.4451683661763434,-0.4622818415854904,-0.479330275765595,-0.4965904132764339,-0.5139421236681467,-0.5312582057704347,-0.548742108295059,-0.566646209688509,-0.5849489484051884,-0.6033009772184472,-0.6215908746219779,-0.6403215863069185,-0.6597600068946736,-0.6788595714179971,-0.6984844387135956,-0.7180951256831181,-0.7379917397756117,-0.7583472373262836,-0.7790718932486246,-0.8004048287435706,-0.8215898860325244,-0.8433076308741941,-0.8652808216021709,-0.8877771167092414,-0.9107485591447,-0.9342296182077812,-0.958078591050838,-0.9822320907679132,-1.0070546676873644,-1.0330278032860705,-1.0594351383821163,-1.08678913740712,-1.1152575453762148,-1.1442878725778876,-1.1743595039023356,-1.206537710949216,-1.2391488687824408,-1.27296041737271,-1.307798761899236,-1.3454668871583653,-1.384450226701807,-1.4255247850942263,-1.469239263553397,-1.515491972456249,-1.566671203610858,-1.6212668330731976,-1.6809643350985222,-1.7480308944515934,-1.8246070924912132,-1.910393415414032,-2.016804415095806,-2.150959551744693,-2.3388047890186114,-2.6817938856918784,,,,,,,,,,,,,,,,,,,,,,,,,,,,,,,,,,,,,,,,,,,,,,,,,,,,,,,,,,,,,,,,,,,,,,,,,,,,,,,,,,,,,,,
164,2.686283605739476,2.34414718105179,2.1538470130380034,2.0218217616269003,1.91675488793449,1.8303603746196744,1.7564730254001424,1.6895210238083764,1.6293915620043675,1.5743899446883098,1.5231127298382958,1.4765064428508312,1.432032618353439,1.3905957633680035,1.3519547975800648,1.3148225481755225,1.278688805724746,1.245165518357771,1.2128560598123532,1.1820418275679536,1.151591403256328,1.122949808639388,1.0945723425547116,1.067006736143726,1.040377681637651,1.014493995337005,0.9889738098714572,0.9639082472488544,0.9396667022454565,0.9163051149639916,0.8929805871986808,0.8706653268942378,0.848601512622243,0.8269687977125535,0.8056586053138053,0.7848793365531641,0.7641037672268043,0.7438182880752979,0.7239689326367769,0.7041617940307392,0.6845337167006392,0.6653287680610815,0.6465209030799379,0.6278618127995105,0.6095847871995599,0.590917755448095,0.5728296049599527,0.5547726859389547,0.5370596247581703,0.5195070283770988,0.5022024595662946,0.4847945212856326,0.4675741556820169,0.4503283452201175,0.4335268300465158,0.4169471766301876,0.4003585246233719,0.3836303779237077,0.3671030299663497,0.3506611544559625,0.3345975931986069,0.3184383509322018,0.3027372795059404,0.2868256738720538,0.2707958040818625,0.2549790046217736,0.2391943388397608,0.2235014113564021,0.2076958011036382,0.1922033663657072,0.1767424200845668,0.1612139908991189,0.1455374046653815,0.1303193246993396,0.1151342488016203,0.0997620480531694,0.084368653158735,0.0691101354879138,0.0537750241022093,0.0384091383773669,0.0226600587382435,0.0073622081345727,-0.0080542363619664,-0.0233635153057174,-0.0386678985206969,-0.0541357243892283,-0.0696270181414507,-0.0850864713827753,-0.1003014072447495,-0.1154900343138955,-0.1311215105482486,-0.1463576962339926,-0.1618961833605281,-0.1774610704515491,-0.1928085655375014,-0.2084855459193427,-0.223980863173846,-0.2391488329935398,-0.2549617310714971,-0.2707480230423186,-0.2864631057652204,-0.3024033007034783,-0.3185891418955145,-0.3347393740097379,-0.3509094830169881,-0.3671419493976223,-0.3836674353607838,-0.400463476640097,-0.4168382033346323,-0.4339061553716037,-0.4506558048463254,-0.4676424880051562,-0.4847505772391731,-0.5019030718501071,-0.5192020717439465,-0.5365530583238587,-0.5538940816051994,-0.5719494991387439,-0.5902408188184873,-0.6082565728872885,-0.6265448885129744,-0.6454495357085498,-0.6646178402138853,-0.6837203062064323,-0.7032933304836877,-0.7228074949693036,-0.742650193625909,-0.7630554940641787,-0.7839054651946561,-0.8049669561725279,-0.8261628068068226,-0.8475141135402641,-0.8696080566447077,-0.8921320652601494,-0.9149955277972606,-0.9383720760139488,-0.9620988013544104,-0.9864005973785048,-1.0110121339275977,-1.0370806765071932,-1.0632480529925936,-1.0905833160358307,-1.1190911500638296,-1.1480380310253786,-1.1781688539673396,-1.210041905141478,-1.242674726021422,-1.276279298504732,-1.311209953193687,-1.3488444764997494,-1.388099918006917,-1.4289292012340815,-1.4723988502512786,-1.51859798474214,-1.569745121220596,-1.6243347264227683,-1.6838693458230285,-1.7509083764584306,-1.827209293805403,-1.9129637552231205,-2.019482620366706,-2.153598847099431,-2.3415403202401404,-2.6839360015893274,,,,,,,,,,,,,,,,,,,,,,,,,,,,,,,,,,,,,,,,,,,,,,,,,,,,,,,,,,,,,,,,,,,,,,,,,,,,,,,,,,,,,,
165,2.6889932403781307,2.3468063384215427,2.156778787749558,2.0242121506916924,1.9192421546148088,1.8330007619980804,1.7589893213847216,1.6922638214105843,1.6322737594837635,1.5774682818280747,1.5263235052376265,1.479777249069581,1.4353543525067205,1.393797445102288,1.3550664611938696,1.318060850649161,1.2820768664491338,1.248462921690195,1.216220208807429,1.1853985154134965,1.155191783389917,1.1265789700049411,1.0982081140825557,1.0706118726713227,1.0439295652232874,1.0183161034205717,0.9928758994449745,0.9679023415655436,0.9436517575419296,0.9203429392835846,0.8972779152097928,0.8749210283642804,0.8527617160919176,0.831141824943573,0.8101031027233019,0.7890174880426039,0.7685066843826955,0.7483964891565447,0.7283504363644033,0.7088807227085342,0.6892006005054853,0.6702046913297799,0.6512893973020251,0.6325836664098319,0.61437878733317,0.5960466713061973,0.5778659839908369,0.5598690384155512,0.5421513100865041,0.5246840518928219,0.507339686337238,0.4902424291148103,0.4730532773415701,0.4560509668863264,0.439012277762022,0.422523460736359,0.406127240905926,0.3894250473472662,0.3728847253970009,0.3564247717127693,0.3403286053995861,0.3243104819218645,0.308524508144621,0.2928628964811772,0.2769256889318795,0.261291412928156,0.2456227263318274,0.22983708127043,0.2142246070481973,0.19866759678511,0.1834695424299335,0.1680344209453016,0.152352886609619,0.1370745274742646,0.1221709539356108,0.1069012380114442,0.0915310109167553,0.076404299217704,0.061127317171561,0.0460165163463224,0.0305332494623712,0.0148028989071676,0.0,-0.0155584669039397,-0.0309617298464216,-0.0461596639827481,-0.0613341311621377,-0.0768953830574953,-0.0920923379203278,-0.1072992654946098,-0.1225115580872518,-0.1377910640572057,-0.1531750735335916,-0.1686356968770433,-0.1840117822352176,-0.1994037378471883,-0.2148568247792096,-0.2302840335364498,-0.245416671952331,-0.2609939538317514,-0.2768226881759555,-0.292638914200054,-0.3085620880982978,-0.3246529733500993,-0.3406605735831931,-0.3567526720717043,-0.3728836147266163,-0.3894363912389865,-0.4059872079923829,-0.4223824698907006,-0.4393150766886814,-0.4560764893978183,-0.4729524557159376,-0.4899468051172418,-0.5070877355157907,-0.5244474903009873,-0.5415196531203813,-0.559120477946052,-0.5770870250278545,-0.5950043920877306,-0.613127313541423,-0.6314781104788544,-0.6504126721711327,-0.6692465393452475,-0.6884481944265314,-0.708070916243168,-0.7273636132659782,-0.7473139370216095,-0.7676343259965177,-0.7884350582411249,-0.8092280192830723,-0.8303632377329453,-0.8516984734883277,-0.8739218472426713,-0.8962461327848862,-0.9189559328591292,-0.9422338839417492,-0.9660930031585064,-0.9900518384444056,-1.014965110973423,-1.040836364871181,-1.067052285356115,-1.0944984653050294,-1.1226168838355248,-1.1517586687737331,-1.1817005420675126,-1.2134795492713586,-1.2460747690488867,-1.2796719512142674,-1.31442379696396,-1.352217165277295,-1.3912103599942691,-1.4321091201969127,-1.4756420234181464,-1.5217636954077869,-1.5728110044879795,-1.6273203335877848,-1.6869120501300423,-1.753819529293638,-1.8298292894560388,-1.9157587105827012,-2.0221855864365086,-2.1563264679487486,-2.34432804562111,-2.6859344485182914,,,,,,,,,,,,,,,,,,,,,,,,,,,,,,,,,,,,,,,,,,,,,,,,,,,,,,,,,,,,,,,,,,,,,,,,,,,,,,,,,,,,,
166,2.690858563773453,2.3486150181862038,2.158719472343701,2.026255929298402,1.921790096231535,1.835300892061441,1.761699143544478,1.6948210576276983,1.63481937503151,1.5803626863411242,1.5292500430895812,1.4828307112478574,1.438452599325545,1.396909592876878,1.3581774925856445,1.321335694424837,1.285636411577881,1.2519134228159794,1.2197196495731666,1.189005783676808,1.1587229899210862,1.1302405716079285,1.1021453669143462,1.074377637676101,1.0478915734983365,1.0222356865627789,0.9968575962978208,0.972028006844474,0.9476328584392124,0.9243905710808624,0.901534986176742,0.879089606327284,0.8571066558883511,0.8354139233831019,0.8145305534858678,0.7933658310882046,0.77313065534604,0.7529369354795051,0.7329253625296944,0.7135082068302745,0.6941507240088366,0.6748549101020875,0.6559422970136546,0.6375709390689147,0.6192448899399484,0.6010987326475588,0.5831065710871446,0.5650696465745211,0.5472344180468306,0.5298601331197668,0.5125885654299026,0.4955246029596924,0.4784982428760005,0.4614899939502384,0.4445711157615473,0.4279764071746781,0.4116983202965956,0.3952396817674022,0.3788785897145075,0.3624160411332093,0.3461079510748289,0.3302507537318961,0.3145732912751594,0.2988864227186076,0.2831017016550926,0.267679399949262,0.2519946732512338,0.2362222805021174,0.220726671875353,0.2053214432075121,0.1900630993800128,0.1747690387383993,0.1591850482573033,0.1438379318266331,0.1290014336861696,0.1138828853832523,0.0986014003406201,0.0834928118522899,0.068419817648423,0.0533117266220183,0.0381674921120842,0.0226693272121347,0.0072898065998307,-0.0077876644395152,-0.0231019465276978,-0.0383041527694701,-0.0534350970634323,-0.0687960094273797,-0.0839356429542538,-0.0990312817932639,-0.1142449581725455,-0.1293358774283792,-0.1445259701995838,-0.1599151099950883,-0.175208167042752,-0.1906090474058597,-0.205945104404367,-0.2210953117691294,-0.2363198462343457,-0.2517033866571459,-0.2672887230997002,-0.2829085691438365,-0.2988194063605802,-0.3147350561521989,-0.3306419649464344,-0.3465376453233587,-0.3625655688181325,-0.378713727398931,-0.3952462587819091,-0.4116595246519052,-0.4281009080353319,-0.4448848015785154,-0.4615595221018939,-0.4784332523470011,-0.4953342459744124,-0.5123305044525855,-0.5297028901685182,-0.5467377849246303,-0.5642870485515589,-0.5821041842335389,-0.6000326735320815,-0.6182244114602264,-0.6363798741796801,-0.6553591338275152,-0.674175621203063,-0.6932748257102388,-0.7125448450768052,-0.7320742323892285,-0.7518586749330267,-0.7723109919323373,-0.7929737186402214,-0.8137386123083576,-0.834648483851562,-0.8562116331622,-0.8781975227782441,-0.9003313758704024,-0.923036010473238,-0.9462578077556052,-0.9699364874685176,-0.9939254738897912,-1.018927391327817,-1.044713826092991,-1.0708858683135214,-1.0983549776318302,-1.1264426852834657,-1.15538304965783,-1.18535596965824,-1.217087768266115,-1.2495493743837751,-1.2830784718329225,-1.3180178397025324,-1.3556813384824276,-1.3942769508808983,-1.4353876795595353,-1.4787213422315792,-1.5251037873157889,-1.5756507507393644,-1.630375500726028,-1.6899950396132812,-1.7566405215059513,-1.8326324582334452,-1.9187228049788951,-2.024903615350857,-2.1588544191738706,-2.34664599051826,-2.687846522830976,,,,,,,,,,,,,,,,,,,,,,,,,,,,,,,,,,,,,,,,,,,,,,,,,,,,,,,,,,,,,,,,,,,,,,,,,,,,,,,,,,,,
167,2.692473985356591,2.3506392407732752,2.1610714275840133,2.0286957476310623,1.924152601925837,1.837996115792551,1.764477235627624,1.6977311896423852,1.6378432983236892,1.583237369397582,1.532354475550615,1.4861017253910191,1.441770933923154,1.4000279570672505,1.36137011769038,1.324723500721691,1.2890791160996475,1.255461177032263,1.2231174467703485,1.1927505407408356,1.1625877798366149,1.133960961206629,1.105921354282779,1.0782370656517355,1.0517846307678909,1.026222599356455,1.000932158089257,0.9762362740086828,0.9516487807089856,0.9283641697453798,0.9057055264020378,0.8832602779463008,0.8613256809162675,0.8397596642719626,0.8187365464908593,0.797835886587194,0.7773009819959267,0.7574972432255177,0.7374864075512277,0.7180639756167798,0.6988711496424382,0.6796452573815733,0.6607615142475932,0.6423956919854481,0.6241167222716668,0.605987083564261,0.5881123159181634,0.5703036056764549,0.5523663094854605,0.534978012360818,0.5177827069255897,0.5007524257002901,0.483809810160668,0.4669371649845582,0.4500318671950524,0.4333985659823509,0.4172576169928132,0.400918268965546,0.3846483749714705,0.3682712584417975,0.3519507960155129,0.3362251525588859,0.3204170477335721,0.3049172352879494,0.2892486821139443,0.2737175039775977,0.2582425436426285,0.2424775779845059,0.2270171761969381,0.2116704409400406,0.196553665446541,0.1813349715229673,0.1660920313634606,0.1505357105675112,0.1356990308400586,0.1207136593253731,0.1055326531660052,0.0903865894917741,0.0754770046297964,0.0604954723020831,0.04541459415358,0.0300297361047358,0.0147336116262996,0.0,-0.0152721169485575,-0.0306821475041808,-0.0456523977999068,-0.0607923743664083,-0.0760297422005108,-0.0910719551456214,-0.1060812255367123,-0.1210288227667286,-0.135980401243639,-0.1513542488246597,-0.1667341482935457,-0.1816792791660847,-0.1972294784237052,-0.2124967044312535,-0.2273852037697688,-0.2427486424635059,-0.2579024005180315,-0.2734490812549405,-0.2891597779796073,-0.3050939769531189,-0.3206446833218289,-0.3365916808190832,-0.3524859354224644,-0.3684755307234966,-0.3845890135530924,-0.4009756196513458,-0.4173114060927129,-0.4336684127867441,-0.4503833584305226,-0.4669303386458946,-0.4837685672452327,-0.5005375578656628,-0.5176279790527419,-0.5347184465385302,-0.5519275719077249,-0.5693782374536075,-0.587008108658962,-0.6050103524166058,-0.6229632083884401,-0.6412656268203125,-0.660168655374607,-0.6790183746634284,-0.6978867630188743,-0.7170965344287706,-0.7365330615136342,-0.7565339394688404,-0.7768861125207509,-0.7974743410045059,-0.8179901463797827,-0.8390492800432937,-0.8604740132564058,-0.8824893754627999,-0.9044246679421082,-0.927090277782749,-0.9502104144216216,-0.9740347412156918,-0.9978500428692464,-1.022808143367692,-1.0485936203509876,-1.0748390402176566,-1.1022343878254328,-1.130188855020557,-1.1590242597088545,-1.1889743581894552,-1.2208138726072582,-1.2531571902554175,-1.2865462600736337,-1.321415134337402,-1.358909201191683,-1.3975581669750503,-1.4384856708146243,-1.4817698522447948,-1.5281949621110489,-1.5786460003345733,-1.6331580708413758,-1.692660434582932,-1.759606602143439,-1.8353167727580508,-1.921346084632642,-2.027631007664416,-2.160934367764993,-2.348608323377848,-2.690089935614364,,,,,,,,,,,,,,,,,,,,,,,,,,,,,,,,,,,,,,,,,,,,,,,,,,,,,,,,,,,,,,,,,,,,,,,,,,,,,,,,,,,
168,2.694711828030653,2.352652432636804,2.1633647972790127,2.031151588644531,1.9265504657384127,1.8404033330979424,1.7672074887656086,1.700361917720854,1.6410085901299207,1.5858653523587,1.5354741446923907,1.48898735187218,1.4448487943513235,1.403215396608552,1.364660772127911,1.327927673375914,1.2926462118060804,1.2588338596838071,1.2266704444895706,1.196232720948866,1.166139174511873,1.137625292482657,1.109617782453197,1.0819577382593706,1.05568464915996,1.0300007484511429,1.0046879316033657,0.98012401442423,0.9556338617258138,0.932308374640615,0.9097611624661488,0.887446091590992,0.8656285101948142,0.8438501474050443,0.8229935401453354,0.8021185914756083,0.781694443551873,0.7618839513343857,0.7418164110665167,0.7225595680987833,0.7034222867968274,0.6843654143660699,0.6654893323983704,0.6471081108516987,0.6288285058989456,0.6107831703318864,0.5930281206651107,0.575251396321661,0.5575644323700562,0.5401129925196999,0.52289229896264,0.5060463271139248,0.4889339047005877,0.4722987228697664,0.455435959622932,0.438830635800079,0.4225844424243156,0.4062082288360717,0.3904170826744683,0.3740552766205826,0.3578765982016159,0.3419948263977262,0.3263350480001608,0.3108725358550094,0.2953465661621468,0.2798804468223662,0.2644310671641001,0.2488818645408477,0.2332701980665217,0.2181658593625079,0.2028725203357515,0.1877729760109124,0.1727590584959824,0.1573030248346559,0.1424057929880158,0.1274527118293919,0.112459260688503,0.0973597607742015,0.0824707543306441,0.0674385566510842,0.0526385493372191,0.0374757892910609,0.0221310526695071,0.0071748785178498,-0.0075838215031329,-0.0227601232899862,-0.0378959034287473,-0.0528520325907683,-0.0680304541328118,-0.0830252311766138,-0.0980370762636178,-0.1128072800568782,-0.1276695453423953,-0.1428355636298779,-0.1579998443145245,-0.1731106326145522,-0.1881295899591153,-0.2035323952729158,-0.2185170827846112,-0.2333849476337816,-0.2486717916294622,-0.2638418219620642,-0.2795148659939742,-0.2950814551270306,-0.3108043998514114,-0.3263830470765297,-0.3422058020203857,-0.3580090015263059,-0.3740101033552473,-0.390170762852087,-0.4063905424057522,-0.4227124306203933,-0.4391254094839031,-0.4555888101992028,-0.4722335939330727,-0.4887025023913025,-0.5054735831395576,-0.5225893675535671,-0.5397106411136888,-0.5566693933705547,-0.5742527952058046,-0.5918273987591585,-0.6096842968250097,-0.6276682002775265,-0.6460003139444945,-0.6647074188508431,-0.6833752677716024,-0.7023385021672779,-0.7213283671827776,-0.7409395344052485,-0.7609075457115908,-0.7813239049820009,-0.8016789938160647,-0.8221274789461608,-0.8431776108950613,-0.8644806697425013,-0.8863768464632552,-0.9083037081302088,-0.9309964913526696,-0.9542322746290908,-0.9776608329620918,-1.0017101805450326,-1.026464305680271,-1.05220118585745,-1.0784601587407932,-1.105679663401714,-1.1336144458511632,-1.1625687199752748,-1.192417120122331,-1.2242575522075545,-1.256398288241087,-1.2898502148632187,-1.3246969276460745,-1.3621789897088428,-1.400626623565875,-1.4416429478248611,-1.4846649587570588,-1.531218872703267,-1.5815437766703524,-1.6358115867072724,-1.695095470760372,-1.762120427109948,-1.837540404093316,-1.923322485561304,-2.029504522919267,-2.1627999446174457,-2.350520336258258,-2.6915673494980368,,,,,,,,,,,,,,,,,,,,,,,,,,,,,,,,,,,,,,,,,,,,,,,,,,,,,,,,,,,,,,,,,,,,,,,,,,,,,,,,,,
169,2.696852572100245,2.3550177449412213,2.16626203868704,2.034020852969863,1.9290574320665768,1.8430396471070043,1.77010195958628,1.7030193631821804,1.6437688329170852,1.5890967039212216,1.538595251927764,1.4920539260797625,1.4479933373930545,1.4064406923510075,1.368160763258726,1.3312674452024595,1.2959610688802263,1.2621176966297745,1.2303788338780306,1.1997416388639828,1.169785747383617,1.1411709135285075,1.1132734779407512,1.0858918631359062,1.0593601488511026,1.0338067449090147,1.0085812518027055,0.9841740588280068,0.9598374593223588,0.9363236729734804,0.9138903918245276,0.8914973895014217,0.8697298058270412,0.8482526433957955,0.8271216146728473,0.8063602504433219,0.7860077751146437,0.7661658948508706,0.746282016525423,0.7268335548029614,0.7079861246683724,0.6888587610380448,0.6701788634713455,0.6518180404470159,0.6335605116577128,0.6156715876307004,0.597945381392115,0.5802329508341465,0.5626962184049515,0.5452701350680174,0.528113225753118,0.5112543836868589,0.4942043416506716,0.4775762305832138,0.4608221887677585,0.4442639256699955,0.4279801849690923,0.4117307783724326,0.3959472227651738,0.3797882017896152,0.3636508752507646,0.3479361551679643,0.3320949265537123,0.3167099925737819,0.3013206042949591,0.2858942476672862,0.2704241934151026,0.2551273816082076,0.2395623308626862,0.2244532296586953,0.2092090753652161,0.1941830356356429,0.1792015028497172,0.164020251171116,0.1490271649846438,0.1341692671849979,0.1192289217682994,0.1044335037426426,0.0893267051982095,0.0746283636085016,0.0598790713388679,0.0449540960860056,0.0295762674689554,0.0144899410519749,0.0,-0.0151889436176865,-0.0301030097290712,-0.0449960665510398,-0.0600559168438579,-0.0750069647196298,-0.0899157071946324,-0.1046589528624619,-0.1194177694767825,-0.1343501324759828,-0.1493435066123569,-0.1644586354790039,-0.1795731853297846,-0.1945259542861517,-0.2096956290581424,-0.2245305918504285,-0.2396360409781588,-0.2547824244288526,-0.2698690086694207,-0.2855614532176895,-0.3012283800164722,-0.3165570437131038,-0.3321800470423261,-0.3478562358805034,-0.3636420265175545,-0.3796068164460319,-0.3954993146857939,-0.4118693308003547,-0.4281104516634629,-0.4445082962807997,-0.4609079710679669,-0.4773268106150534,-0.493822713110685,-0.5105789530111025,-0.5277736326556985,-0.5445598602552248,-0.5615642000263055,-0.5789751611528391,-0.5964539834383003,-0.6142840089256314,-0.6323780923990009,-0.6506670608274808,-0.669241114941817,-0.688136501799014,-0.7068325367504924,-0.7257675847612254,-0.7454887180647428,-0.7652134654509564,-0.7856720646239617,-0.8058958228563737,-0.8263784071243087,-0.8472720232606993,-0.8685154148245183,-0.8903254694956606,-0.9124025343362872,-0.9348828407076768,-0.9582130730325856,-0.9815071235607892,-1.0054048942916354,-1.03014553034067,-1.0557994155716424,-1.081928455476455,-1.109155190291984,-1.1369368716851045,-1.166229386823505,-1.196139717302257,-1.227626860726591,-1.259784930678718,-1.2931332358439065,-1.3280475457562964,-1.3652525718425446,-1.403752077494608,-1.4446794979451183,-1.4876898405309582,-1.5341202860788992,-1.5842376272971523,-1.6386890095166655,-1.697874790713506,-1.7647005714769166,-1.8404048923745997,-1.925922898833944,-2.0318640619169024,-2.1652812753939608,-2.3524915960115838,-2.693437305437271,,,,,,,,,,,,,,,,,,,,,,,,,,,,,,,,,,,,,,,,,,,,,,,,,,,,,,,,,,,,,,,,,,,,,,,,,,,,,,,,,
170,2.6986980302103443,2.3568891324312644,2.168872171554433,2.036360298695312,1.9314363148423708,1.8456750350192703,1.7726380920256044,1.70592456857822,1.646447668286122,1.5920835675976093,1.5416803828196948,1.4952525317917609,1.4513433477060695,1.4097028483664398,1.371340394707046,1.334697330250021,1.2994551287671392,1.2655641832283626,1.2338922529802296,1.2033084406728365,1.1735829840371912,1.1448178477025155,1.117281436031221,1.0898867363177251,1.0631636994955485,1.03777095619108,1.0126043640176905,0.9881920122082528,0.9642247035732175,0.9404975244305804,0.9180626215528824,0.8957459420603265,0.8740802489387959,0.8525712062824489,0.8316416321723669,0.8109687887419599,0.7904374823295635,0.7706346164140281,0.7508712471604342,0.7314334553780748,0.7126520909609045,0.6936493920384021,0.6750558307889548,0.6567593133324341,0.638434493050256,0.6206504881588412,0.6029224985187972,0.5854932299988691,0.5679050132981436,0.5505074794742595,0.5332248405090529,0.5164632305791534,0.499678272945236,0.4828986528676145,0.4661890695668365,0.4497337039231603,0.4333893355582112,0.4171189651200087,0.4013474005654485,0.385403331965132,0.3694441561093334,0.3536565388480673,0.3379307486415918,0.3223142795760966,0.3072274896663296,0.2919749087290615,0.2764683257582043,0.2612542503184303,0.2459397160139862,0.2305463725632478,0.2155102350169962,0.2005207990415654,0.1855632669604503,0.1705342137944448,0.1554799765275442,0.140707535420119,0.126036189304552,0.1111286866218016,0.0962530554683826,0.0816390756658694,0.0667292311282146,0.0520805010065177,0.0369426053103518,0.0217945266295929,0.0070706722885049,-0.0074964081430176,-0.0223449859800438,-0.037368422461847,-0.0522227141447172,-0.0671186211031375,-0.0819299663398196,-0.0966589148265454,-0.1114500454356531,-0.1261677868046588,-0.1409149301508495,-0.1560210747558433,-0.1709327557847273,-0.1859821704105285,-0.2010488888415847,-0.2158214138799357,-0.2307743888075297,-0.2457360634711763,-0.2608080044333615,-0.2759977997642951,-0.2913868996562925,-0.306998200613977,-0.322325751139726,-0.3380066210515718,-0.3535580928711325,-0.3693764901406312,-0.3852086807762956,-0.4010890194244225,-0.4174507380851545,-0.4335871250731687,-0.4497942684710104,-0.4662988722905483,-0.4824876688586252,-0.4989698983606627,-0.51589504728027,-0.5327574170564158,-0.5494023544680114,-0.566672009661435,-0.5837378306920755,-0.6013109318337503,-0.6191946300062615,-0.6371006022491508,-0.6553343681379837,-0.6739211747461463,-0.6927509623220169,-0.7113794654200328,-0.7303156378136512,-0.7501096777462977,-0.7696705860490157,-0.789984179402345,-0.8101630160208064,-0.8307396360716073,-0.8515988418281666,-0.8728470035898379,-0.8944667395186192,-0.9164183139532662,-0.9388662273853904,-0.9621037001042668,-0.985481615739912,-1.009357764348039,-1.0338747107156865,-1.0597076654580124,-1.0857326453722216,-1.1130203849470737,-1.1405727763659397,-1.169966659865318,-1.1998182986803358,-1.230996606149224,-1.2631102180588083,-1.296427312921246,-1.3313680689906269,-1.3684571161331494,-1.407001305756034,-1.4480061309862855,-1.4907905243837265,-1.5369460016171483,-1.5871293433060003,-1.6417546026536392,-1.7007330757302694,-1.7675040653420604,-1.843127704502831,-1.928335932774919,-2.034616483462356,-2.1680866725823384,-2.35537155289687,-2.695410261744458,,,,,,,,,,,,,,,,,,,,,,,,,,,,,,,,,,,,,,,,,,,,,,,,,,,,,,,,,,,,,,,,,,,,,,,,,,,,,,,,
171,2.7007470830748685,2.358754287801472,2.171108895685304,2.0387454313173583,1.933760879067162,1.848163006684918,1.7750698987200606,1.708647867938652,1.649176649817334,1.5947274319546585,1.5447366690499806,1.497939205965665,1.4542568514306933,1.412666096306711,1.3743335527181415,1.3378653444662698,1.3027366372569456,1.2689094306141404,1.2373571963366614,1.206646809839533,1.1769530083270097,1.1483964425215696,1.120881449975278,1.0934886350164637,1.0670605737592964,1.0415844355609698,1.0164371255321634,0.992050845786126,0.968278674606736,0.9445593262637284,0.9221278214232476,0.8999392376980764,0.878201532482467,0.8568116470726974,0.8357921450759946,0.8153481169104287,0.7948008511562874,0.7749537629817438,0.7554242692286393,0.735942261192981,0.7170626174276228,0.6983860784998895,0.6798439229581059,0.6615171240168164,0.643254989570989,0.6253623112428358,0.6077099422375811,0.5903044143283359,0.5729296064601018,0.5556159469849604,0.5382931734800438,0.5215789264465828,0.5047023845345254,0.4882026320006353,0.4715735636113678,0.4552084405957743,0.4387826776594409,0.4226601709832587,0.4067638349150448,0.3909954617299339,0.3751985020281678,0.3594529237029144,0.3437824900643252,0.3283666031586109,0.313055801860674,0.2979128335848438,0.28250644210961,0.2673180113447419,0.2521577935618009,0.2368705950702337,0.2218500451631369,0.2068483424451672,0.191959143684696,0.1770286748294672,0.1620254639022982,0.1472866064893611,0.1326966616532632,0.1180943236673856,0.1031952352520602,0.0885661298926381,0.073804448829884,0.0591764754625687,0.0442775323165614,0.0293713908334747,0.0145449321021269,0.0,-0.0147084246579334,-0.0296277946927139,-0.044415364868442,-0.0593409648913058,-0.0740155408240416,-0.0887797974188387,-0.1032975146769724,-0.1180840374965893,-0.1326720439437963,-0.1475807888418692,-0.162527639959989,-0.1773614526234463,-0.1921956574192657,-0.2071511417413959,-0.2218291162310444,-0.2368903353272276,-0.2516383782995576,-0.2665749834147202,-0.2818677977977212,-0.2971724517832596,-0.3127265608213617,-0.3279498378557139,-0.3435739638798246,-0.359170154806938,-0.3747490466902016,-0.3906308091118879,-0.4065331260452267,-0.4228297414295214,-0.4388840173072425,-0.4549953788457627,-0.4713119091809568,-0.487514006207384,-0.5041652466259552,-0.5208494954219745,-0.5375842198932134,-0.5544192791061671,-0.5714090011302217,-0.5886258352249589,-0.6061226496765465,-0.6238853382554618,-0.6416964247088346,-0.6598572451559147,-0.678601803726917,-0.6972305341363451,-0.7158957236392897,-0.7347831438680229,-0.7544410045724621,-0.7741944869624791,-0.7942253773668394,-0.8144739568894885,-0.8349273131089372,-0.8555746201987385,-0.8767840132564068,-0.8983662089732026,-0.9204029849614374,-0.9427271233540198,-0.9658989116820724,-0.989113873941214,-1.0131051788553322,-1.0376224550699489,-1.063394470562404,-1.089402353770132,-1.116344426583753,-1.1441073118424454,-1.1733259072795563,-1.2033046098792564,-1.2343821108319777,-1.266424203474015,-1.299634228797404,-1.334744630180264,-1.3715897270296893,-1.4102186121667937,-1.4510237999768425,-1.4938125970593894,-1.5400385821889844,-1.5900308328468278,-1.6443982931216137,-1.7034297196093438,-1.7703502777466402,-1.8457970244010056,-1.931219726329044,-2.0373499772808,-2.170722799000582,-2.357576422152737,-2.697802952820375,,,,,,,,,,,,,,,,,,,,,,,,,,,,,,,,,,,,,,,,,,,,,,,,,,,,,,,,,,,,,,,,,,,,,,,,,,,,,,,
172,2.702325620373664,2.360908087459789,2.1732150517609776,2.0411923235982585,1.9363904830203529,1.850815988659241,1.7777238032874343,1.711337000008018,1.6519820205444784,1.5975094782874906,1.5476680500417994,1.5009673514796726,1.4573649018056611,1.41579536267354,1.3773957005328554,1.3409093251581965,1.3059191006181363,1.2722286661688245,1.2405252498258523,1.210049075224927,1.1802356098147342,1.15179668238939,1.1244372657060924,1.0972592898687952,1.070830896813184,1.0452780870686509,1.020161715943371,0.995910795258796,0.9721148500791044,0.9485771138208424,0.9260409242798658,0.9039360279930376,0.8822628868594107,0.8607856597905656,0.8399477224387654,0.819461969973584,0.7990194340397153,0.7789775835636521,0.7596984758171199,0.7402483520684584,0.7213797863142741,0.7027464887772514,0.6841990763214182,0.6661970987111141,0.6479328917888806,0.6299905680815074,0.6125354028030051,0.5949684646340168,0.5777779053630838,0.5605709413006118,0.5432689910808443,0.5265006168419424,0.5097845978015536,0.4932456583370667,0.4769231696852768,0.4602672192641915,0.4441441347537536,0.4281515414769854,0.4120368608230436,0.3963187113453348,0.3808257796361948,0.3649116417912409,0.3493078004435906,0.3339727717718087,0.3186482484168072,0.3035250933856648,0.2883461822566818,0.2731201892706864,0.2581318978865826,0.2431055499669775,0.2278387145042751,0.2128545623276692,0.1982808529150751,0.1832690844946365,0.1685225363891639,0.1536021868745675,0.1390263216176393,0.1245837908101357,0.1099165404014007,0.0952152654933048,0.0806522781654099,0.0660995561192194,0.0513662169214169,0.0366636578619866,0.0217533024832139,0.0070734417378902,-0.00764288477607,-0.0220624241237159,-0.0369520401804973,-0.0515656699685721,-0.0663945147855108,-0.0809970382983076,-0.0955411542073427,-0.1101239949385802,-0.1248081776537657,-0.139409547445262,-0.1541202755260265,-0.1690366588035571,-0.1837067169424799,-0.1984836200155242,-0.2133329646379798,-0.2279729178940998,-0.2428960533908981,-0.2576016559560871,-0.2725368932706571,-0.2878593208422068,-0.3031202711728917,-0.3183635929699605,-0.3337671641076613,-0.3493547403374494,-0.3648139619256127,-0.3804429949587935,-0.3960876470601486,-0.4121651218534031,-0.4281127866239086,-0.4441782348101395,-0.4602285511901225,-0.4764434381448991,-0.4926392181935464,-0.5091121226020204,-0.5257604313503853,-0.5424885378487535,-0.5593999046566401,-0.576185073558,-0.5933362711845802,-0.6110147905325233,-0.6284815509458166,-0.6463438440882707,-0.6645570079140567,-0.6832554200167573,-0.7017125005798551,-0.7202847466610314,-0.7391575518881492,-0.7588193444149237,-0.7786119990305546,-0.7985561811176213,-0.8186149916811939,-0.8388729464201855,-0.8596805947506863,-0.8807364722131733,-0.9025230593612014,-0.924434218426012,-0.9467877302648978,-0.969790212513785,-0.992962537915975,-1.0168000975232423,-1.0413334217691894,-1.0670541112517846,-1.0929868292821692,-1.1199438711626657,-1.1476628202179695,-1.1767817294165237,-1.2069042355464137,-1.237826356085396,-1.2696232872935842,-1.3031182869154367,-1.338018363401159,-1.3747930700055595,-1.4134464750234657,-1.4538881144100535,-1.4967620461089557,-1.5431688039114022,-1.593043643435412,-1.647242211091119,-1.7064781192667136,-1.7730523112267604,-1.8483247093981257,-1.933816894012048,-2.0399546595837736,-2.17342551773074,-2.3596033480902943,-2.7000589295723043,,,,,,,,,,,,,,,,,,,,,,,,,,,,,,,,,,,,,,,,,,,,,,,,,,,,,,,,,,,,,,,,,,,,,,,,,,,,,,
173,2.704525428539854,2.363302281099742,2.175766867911461,2.0437401126312214,1.9388679225816303,1.853382051323844,1.7803345280502136,1.714105590519938,1.6548642769316029,1.6003012107018662,1.55079918226085,1.5041594543641448,1.4603754535132978,1.4190135980987326,1.3806121646055929,1.3442268602424714,1.3093048098560127,1.275607977218458,1.2441375991388033,1.2135098198599388,1.1837656656467563,1.155240463560475,1.128053127451469,1.1008480869711632,1.0745731544199113,1.0491408412694598,1.024189643468424,0.999971637359904,0.9759982136257008,0.9527355129896576,0.9301208494908356,0.9079345360361772,0.8863161362726835,0.864878418655293,0.8440566878684934,0.8237860514314812,0.8034377657624281,0.7832938729389306,0.7639396164556427,0.7447035355071424,0.725774137559289,0.7072303055432858,0.6886430218687296,0.6706272769747098,0.6524806945008733,0.6346395626368092,0.6170163620364172,0.5996414919233697,0.5825579505284681,0.5653068995375589,0.5483485902880235,0.5314663833477216,0.5146472864893502,0.4983498189204772,0.4819661821356713,0.4656186956249837,0.449369514940683,0.4333659866836767,0.4173841437528526,0.4017240863799909,0.386108406410799,0.3704695727693941,0.354988378451009,0.3397979163638839,0.3242547874177995,0.3092245406696063,0.2940468925368892,0.27894145445604,0.2640383670570901,0.2490713136551546,0.2339907330080469,0.2190135635827367,0.2042015210798967,0.1895009929549224,0.1747893279364798,0.159986282737412,0.1453664665881779,0.1309698265191463,0.11651543085781,0.101987796449433,0.0874625888597155,0.0728143182324471,0.0583881107655106,0.0436542209476618,0.0290141361517903,0.014278869348715,0.0,-0.0147514695171668,-0.029333311616294,-0.044087826724994,-0.0585549010524701,-0.0732478193116786,-0.0875921574519924,-0.1021301546683628,-0.1168747246141641,-0.1312877632509489,-0.1458317546182655,-0.1606276336535251,-0.1752843907811358,-0.1899993766367223,-0.2047874604645654,-0.2193673293763816,-0.2340639208111572,-0.2488318638252414,-0.2635797952735333,-0.278495865661747,-0.2935891192982884,-0.3088834247335018,-0.3240175461891535,-0.3396385389432763,-0.3549668175470935,-0.3702760396550978,-0.3858525702921138,-0.4015009362193446,-0.4173913145262557,-0.4334749185340275,-0.449442230098761,-0.4654562964194064,-0.4816254639762632,-0.4976254285243977,-0.5140098987298217,-0.5308815357281924,-0.5475390081028474,-0.5642162730350018,-0.5811034616274298,-0.5981650765372963,-0.6157910508998049,-0.6332992611323588,-0.6510011863861508,-0.669420437120574,-0.6880018991158107,-0.7062283185477354,-0.7247522555862096,-0.7437592699399002,-0.7634260613974808,-0.7829028212461784,-0.8026857379940258,-0.8229012301101273,-0.8431391405837081,-0.8637750835412862,-0.8849102126191623,-0.9065302757629816,-0.9286041012308311,-0.950846983824145,-0.973627999828124,-0.9968401515860854,-1.020648367708839,-1.0452955041431222,-1.0708642897702532,-1.096562948290295,-1.123604720362377,-1.1512819705193906,-1.1803953993109544,-1.2105221281191163,-1.2412698113085916,-1.273209018799915,-1.306208793338923,-1.3412998455249028,-1.3779443191493366,-1.4165737138295205,-1.4569763199202863,-1.4999669717015514,-1.5464696645607905,-1.5959731383719518,-1.650065991221094,-1.7094634350574416,-1.775911017517552,-1.8511166339927032,-1.936842970399426,-2.0428092424296262,-2.1761415683133847,-2.361913412295295,-2.7020590582081176,,,,,,,,,,,,,,,,,,,,,,,,,,,,,,,,,,,,,,,,,,,,,,,,,,,,,,,,,,,,,,,,,,,,,,,,,,,,,
174,2.705925526471758,2.364851847096361,2.1777643908646604,2.046025014810115,1.9411855403116784,1.8557404040913044,1.7825707762289351,1.7166821876513167,1.6576102556493475,1.6030529901747002,1.5538650275995742,1.5069739050450486,1.463487577516089,1.4222476884238997,1.3837183181369257,1.3474765755623312,1.3126495547699844,1.2790760328591293,1.2473950411080224,1.2168230608489368,1.1870162745653643,1.1586792241892916,1.131378153945762,1.104384960743955,1.0782644955801868,1.0528926508090564,1.0279396582113054,1.0036954490482526,0.9798634093032084,0.9568747968778744,0.9340616826960694,0.911794254084196,0.8902921256255849,0.8690291297815059,0.8480359841995103,0.827734655745846,0.8077157037289934,0.7875766172571872,0.768202023842519,0.7488403655501654,0.7301684184765403,0.7116591136892095,0.6932453478519448,0.6751158235219701,0.6571571914003889,0.6392399268876862,0.6217783896794097,0.6042346293305928,0.5873370964659982,0.5701710728600253,0.5532505510262287,0.5363844737685799,0.5197203626507577,0.5033051374752844,0.4870595639592766,0.4707319169075002,0.4545869480829088,0.4386723933609642,0.4227188923060963,0.4070302830135739,0.391402490170698,0.3759176309106346,0.3603864110866464,0.3452614097786915,0.32993652826451,0.3147213762209626,0.2998055417411064,0.2846932126425244,0.269923821934446,0.2550257258198917,0.2401222461607008,0.2252476175110879,0.2103974305319489,0.1956781979696988,0.1810758152434016,0.166399477908006,0.1517499363765052,0.1372993683650487,0.1229644598903363,0.1085162739724526,0.094187331312676,0.0795899406614255,0.065224354675702,0.0507329982448415,0.0361453708418374,0.0213923881643841,0.0068890444896906,-0.0075167471573995,-0.0219147219053513,-0.0364131746536801,-0.0510812160281527,-0.0655686727472546,-0.0799854589330182,-0.0942253156791997,-0.1088552132020288,-0.1233654975125066,-0.1377143883229946,-0.1522540928099416,-0.1669523144870265,-0.1815619098406128,-0.1962612788993348,-0.2110099640881915,-0.225470905631131,-0.2401526356501238,-0.2548784832191124,-0.2695642167177499,-0.2845036858982125,-0.2994613235672034,-0.3146663233051086,-0.32996630179095,-0.3453275844999464,-0.360542371670683,-0.3758850070461711,-0.3914314688280101,-0.4070075637004056,-0.4228885044432558,-0.438898145019279,-0.4548733926893872,-0.4706677378436585,-0.4866827361144564,-0.5028152371722805,-0.5191582330189569,-0.536025929033259,-0.5524585933759752,-0.5689240909326402,-0.5859761103745683,-0.6030181568867747,-0.6206008698755295,-0.6378682306707697,-0.6558273948237875,-0.6741315942146,-0.6924228938917427,-0.7106780491280194,-0.729348377841293,-0.748367414136394,-0.7679847085575023,-0.7873697823002387,-0.8070970031313259,-0.8271780437626932,-0.8473646650288221,-0.8680433998159027,-0.8890272237700559,-0.9107177849594352,-0.9324671470657526,-0.9548161605767004,-0.9774667545493496,-1.000666532273067,-1.0243869828687906,-1.0491799609308432,-1.0746472940566616,-1.1002536766788635,-1.1274775186739547,-1.1550242861887146,-1.1840623726987545,-1.2138553498787683,-1.2447453673426685,-1.276611668123168,-1.3095260704403142,-1.3446448581615271,-1.3810133445526216,-1.4196451752261874,-1.4602295426109582,-1.5030455162946614,-1.549462826316843,-1.5987964399952443,-1.6527737375829918,-1.712161270906955,-1.778451970543859,-1.8535086634200888,-1.939341082964264,-2.0451547615949384,-2.177991443135101,-2.3638467794694584,-2.70369208716483,,,,,,,,,,,,,,,,,,,,,,,,,,,,,,,,,,,,,,,,,,,,,,,,,,,,,,,,,,,,,,,,,,,,,,,,,,,,
175,2.7078233378209786,2.3674885704210658,2.180277483579569,2.0487509045561936,1.9439370824023083,1.858434266692965,1.7853869843009769,1.719515441649993,1.6605761904396783,1.6062450060509952,1.5567477173281814,1.5099778199837433,1.4666891759912155,1.4254638600983716,1.386717620811085,1.3505651569200356,1.3159478256900985,1.2822865680843596,1.2505143408583232,1.220118112870946,1.1903297027561377,1.1621332507941464,1.13477009633403,1.107929529680737,1.081823752883328,1.056532622933526,1.0318962427450762,1.007504627007489,0.9837841388152574,0.9607596775440396,0.9378798463547446,0.9157557339117266,0.8942337762271111,0.8729885770432975,0.8520233770365747,0.8317600144530439,0.8117670649433121,0.791834066330491,0.7723955883711027,0.7530299468718423,0.7344992748073766,0.7158399796576689,0.6977028283095671,0.6795214180958065,0.6615493130431007,0.6439738837556553,0.6263580230545154,0.6089317614795345,0.5919286396539372,0.574940355754502,0.558122708491383,0.5411443855127138,0.5245344734216971,0.5081435322137339,0.4919531077868455,0.4758193335599463,0.4596950582216315,0.4438386488391723,0.4280416748091917,0.4122779760470538,0.3966624537927392,0.3813572080327342,0.3658339223249582,0.3506412363572525,0.3355648209352606,0.3201135577129335,0.3053562465966521,0.2903766679033866,0.2757337851453261,0.2609018496501094,0.2460376685260867,0.2311874125336609,0.2164876616056935,0.2017355966085864,0.1871791897924181,0.1727381300613994,0.1579334933398853,0.1434912699681596,0.1293224179532534,0.1148527756644554,0.1007379957730567,0.0862536069294625,0.071933315168579,0.0575822667590324,0.0429980448269969,0.0284034969057746,0.0138486795633922,0.0,-0.01474557124041,-0.0291360142160673,-0.0437432359581738,-0.0580090083708959,-0.0724560811307461,-0.086710220058128,-0.1010840867238118,-0.1154389845697831,-0.1298715948104184,-0.1443456105745314,-0.1587400162861738,-0.1733522746336408,-0.187810591291637,-0.2024515808058071,-0.2169922399820391,-0.2314990849900123,-0.246229638169723,-0.2608623233143236,-0.2754784796628908,-0.29034640832524,-0.3051686012417561,-0.3205401188968402,-0.3357218642346774,-0.3509365428290885,-0.3661173390013548,-0.3812691059700064,-0.3969699752989656,-0.412496504326964,-0.428426235329036,-0.4443185462166475,-0.4600559392334936,-0.4757107237446515,-0.4918730268325748,-0.5077705748498974,-0.5241835829965906,-0.5410098693633538,-0.5572895141049906,-0.5738539245940713,-0.590873814160676,-0.6078885915365863,-0.6253172622215992,-0.642477573647504,-0.6605072044451227,-0.6787561720062473,-0.6968848668120531,-0.7150422028503741,-0.7337742462941825,-0.752915892109218,-0.7723025047991788,-0.7918350118191192,-0.8112187950260193,-0.8311683473353118,-0.8515014000764272,-0.8721095315435347,-0.8931722551447174,-0.914546626038005,-0.9364120792619328,-0.9585600804918328,-0.9811425310667324,-1.0045579349174172,-1.028240714091711,-1.0529472042924062,-1.0780850227027488,-1.1041211954525654,-1.131029384052467,-1.1585033490041,-1.1876014903441574,-1.217217695908268,-1.2481273102374362,-1.2797991602889516,-1.3127837621068068,-1.347670029729264,-1.3841456122462767,-1.4225771537369936,-1.4631434525366966,-1.5061042862126184,-1.5522927509705384,-1.6016227312781026,-1.6554265436428497,-1.7150470585199262,-1.7809681127315728,-1.8562183561632268,-1.941785280047556,-2.0476590251707623,-2.180118097281734,-2.3658212484984618,-2.705531405202193,,,,,,,,,,,,,,,,,,,,,,,,,,,,,,,,,,,,,,,,,,,,,,,,,,,,,,,,,,,,,,,,,,,,,,,,,,,
176,2.710300405194808,2.3696079716504306,2.1825115875596697,2.0508704823652155,1.9461945840806032,1.860783202796952,1.787721748993096,1.7219279726086645,1.6632488562830945,1.608936174402407,1.5595458228502963,1.513086960849661,1.4697356210840875,1.4286831277884715,1.3898258104147516,1.3537995685813098,1.319171867010171,1.2856463464537584,1.2538925060403987,1.2234069601715911,1.1938067689480194,1.165530236518392,1.1380390703257226,1.1113964134321648,1.0853701413934238,1.0600405865661848,1.0357083559837827,1.0112387585953588,0.9876272241322048,0.9645075595539152,0.9417901889502658,0.9195272800309126,0.8981064243555009,0.8770714342490356,0.8560582511268665,0.8357399269387829,0.8157466624990956,0.7958883802048377,0.7765259531542531,0.7572254290547417,0.7386917199914586,0.7203695316792423,0.702041369624866,0.6840496107978759,0.6662362868395587,0.648494236538758,0.6310056005717696,0.6136549581186873,0.5965616880444112,0.5797408688797686,0.5629293648151923,0.5462081914421235,0.5293534122290501,0.5130366716802178,0.4970031385976975,0.4809673212216,0.464880405916388,0.449023935129917,0.4334095182144216,0.4177567825572941,0.4021044695204195,0.3869088072135825,0.3714013229508341,0.3561762266403114,0.3411779909690794,0.3259103566572106,0.3109899131767372,0.2961818455433999,0.2815500908266604,0.2668242892784428,0.251934254823493,0.2372882590337165,0.2225385638620786,0.2079209937256831,0.1934138564824301,0.1790775387234539,0.1644412881910764,0.1500007429956628,0.1356436360295189,0.1213956601823531,0.107185662479027,0.0930195161575085,0.0787065504975507,0.0645995102133044,0.0500700497885521,0.0355085366656298,0.0211548170902042,0.0067418310710753,-0.007573026017182,-0.0217318600019092,-0.0362339128986445,-0.0505539431599311,-0.0648138152897554,-0.0789648855924615,-0.0932636690808186,-0.1074719092507273,-0.121846553819315,-0.1362420396850122,-0.1506766155061694,-0.164954020888184,-0.1795400480209156,-0.1940815655234733,-0.2085310363780492,-0.2229675668414744,-0.2373074024601769,-0.251949179941076,-0.2665717068362866,-0.2811374514681254,-0.2958983625649722,-0.3108606284728285,-0.3260828315333206,-0.3411137541269056,-0.3563674006385279,-0.3714138167829692,-0.3866658545671179,-0.4021122430637316,-0.4178963252689493,-0.4335593414772542,-0.4493069612329582,-0.4650378160406648,-0.4807784244659728,-0.49675805007644,-0.5128753446763749,-0.5291790598467546,-0.5455881912740348,-0.5620339745445218,-0.5785757978878197,-0.5956172963149966,-0.6124913968853781,-0.6298806960693423,-0.6470943913569402,-0.6651262723796683,-0.6832750711923682,-0.7013391863929053,-0.7194366960554036,-0.738112291223518,-0.7573465019016826,-0.7764589988847665,-0.7959489106666096,-0.8154101497872678,-0.8353258705282662,-0.8553766987627316,-0.8761416702685161,-0.8969504203515815,-0.9181448877167984,-0.94020397455216,-0.9622789107881208,-0.984780130080475,-1.0080960370315837,-1.0319006284807084,-1.0565261414139675,-1.0814907586058302,-1.107865112812075,-1.1344655982976213,-1.1621110504216945,-1.191036198525896,-1.220558557704438,-1.2513232305318225,-1.2830397621908864,-1.316070336415451,-1.3510265208106285,-1.387324735556405,-1.4257264281865378,-1.4663025903931155,-1.509179007866401,-1.555293225659712,-1.6044847818862984,-1.6582269269291587,-1.7180250077832286,-1.78380626683417,-1.8587973963010924,-1.944418929917404,-2.0501314098218004,-2.1828155725064327,-2.368319301027036,-2.707401391734997,,,,,,,,,,,,,,,,,,,,,,,,,,,,,,,,,,,,,,,,,,,,,,,,,,,,,,,,,,,,,,,,,,,,,,,,,,
177,2.7125207329827985,2.3716035369168584,2.1848251415331768,2.0532545305477106,1.9488313248878013,1.8634668585133376,1.7904136123336156,1.724538422431525,1.6661946397765033,1.6121070406231073,1.5623740341483214,1.5160860172006807,1.4726631332762634,1.4317735370981914,1.393081759949836,1.356892336905811,1.322394922855459,1.2890709672576393,1.2572275491539024,1.226590684359644,1.1971892004367368,1.1689888881221422,1.1416976988855936,1.1149415781828198,1.089002010831979,1.0635436790132256,1.0392397445679329,1.0150766928772237,0.991456979221562,0.968370550229957,0.9457629591281886,0.923460856873884,0.9020241547750872,0.8811721774029897,0.8602655364729149,0.83983423826253,0.8199304962485883,0.8001520994068726,0.7806969033373352,0.7615611799812022,0.7431576815207929,0.7247208221726524,0.7065623723496018,0.6886724403792553,0.6707843617263405,0.6531277335934186,0.6357710596726168,0.6183033896617784,0.6014245053633481,0.584640697633816,0.5677959591607419,0.5511997462253431,0.5344184527981195,0.518122747920908,0.5020543429819625,0.4860790018182632,0.4700238085573229,0.4543384167643343,0.4387176562935466,0.4229851235584715,0.4074673240306001,0.3922634479417261,0.3768115070923821,0.3617053874878397,0.3467807964983698,0.3316950096832446,0.3167404620064838,0.3017555772404526,0.2872603040548588,0.2727703621424567,0.2579891660692679,0.2432454984999001,0.2287534313277378,0.2141928042712857,0.1995954322111917,0.185335230290848,0.1709892986928618,0.1565145264493238,0.1421622431645886,0.1279432930742678,0.1138038796328957,0.0996618079524104,0.085443575041954,0.0714598451227666,0.0571827905112184,0.0427466350384096,0.0283217209645456,0.013990143816388,0.0,-0.0144460972923715,-0.0286362939026202,-0.04297407541208,-0.0570453016761171,-0.0712728686937308,-0.0855121551020498,-0.0997326105728333,-0.1137975101311811,-0.128181394518881,-0.1425426641878834,-0.156863162508442,-0.171072361749152,-0.185627275470636,-0.2001037382775074,-0.2145486458018911,-0.2286337584253315,-0.2432758446495915,-0.2576727170471131,-0.2722582730797819,-0.2867493156066972,-0.3015474768126068,-0.3165254265046982,-0.3315124929160506,-0.3465886762891993,-0.361789879945708,-0.3767214393799355,-0.3920560585393163,-0.4075312893291279,-0.4230364589828753,-0.4387428408835377,-0.4542967230254952,-0.4700581171433262,-0.4856483405697074,-0.5015884673423057,-0.5177319286726755,-0.5338129354184105,-0.5502341011565672,-0.5667472345113607,-0.5831986312709921,-0.6001977151006453,-0.6171065821046473,-0.6343839501833888,-0.6516503130634955,-0.6696156688518066,-0.6877145265915242,-0.7057261778937953,-0.7238629953882874,-0.742312143215349,-0.7614346454721468,-0.7805548432866831,-0.7999556239927643,-0.8194308683543869,-0.839237502878102,-0.8593095392338455,-0.8801715636879344,-0.9006789024209265,-0.9220582642492462,-0.9438796849190816,-0.965944279735476,-0.9884784311985646,-1.011521582498951,-1.035498591321302,-1.0599685101821863,-1.0852266452196908,-1.1113055605224542,-1.1378616951696638,-1.165577832465324,-1.1942922575398105,-1.2238841481346343,-1.2545510647227762,-1.286039612622979,-1.3191910555008448,-1.3538699808533654,-1.3904146042880885,-1.4285610344044817,-1.4691841660690426,-1.512253000981528,-1.5581240850630425,-1.6072187822092914,-1.6608445704810242,-1.7205536499626135,-1.786193092132203,-1.8610777806952667,-1.946650101957215,-2.052551044291272,-2.184993573575741,-2.370397577457138,-2.70891095697375,,,,,,,,,,,,,,,,,,,,,,,,,,,,,,,,,,,,,,,,,,,,,,,,,,,,,,,,,,,,,,,,,,,,,,,,,
178,2.7144835537840364,2.373428274082184,2.186694326442451,2.055449680882243,1.950942528738958,1.865568323181618,1.792682111300996,1.7271860280682678,1.6686909290336014,1.6147864428033605,1.565019098766662,1.519044363059494,1.4755893604009704,1.4344771703275176,1.3961123004742144,1.3602118727093202,1.325620818161829,1.2922467018225208,1.2604786032133897,1.2298814551238366,1.2007006954698043,1.1724016636788386,1.1451146744358451,1.118062596070908,1.0923601307854711,1.0670946923356115,1.0427376737726743,1.0188554044678295,0.9950676089978912,0.9719947323599548,0.9495189375889252,0.9273609170862394,0.9058430140422116,0.8849905923031054,0.8641867614725998,0.8437874889298983,0.823879401328351,0.804177009582595,0.7848704749974555,0.7657532217292743,0.7472210900203761,0.728895433419027,0.7107964244649855,0.6929012862412174,0.6752104827386457,0.6576103753458261,0.6403199364674173,0.622788592809503,0.6058865809855281,0.5892231286176267,0.572523458080176,0.5560084306199313,0.5394010847300263,0.5227979818670742,0.5068269834764073,0.4909631748542875,0.4750315811767502,0.4593979053832228,0.4437270493002853,0.428243639987296,0.4126483773171042,0.3973524110449339,0.3820745895258339,0.3670443963336192,0.3521584971009293,0.3370703176387172,0.3222295894048688,0.3074630441902694,0.2927920201353594,0.2785465252062473,0.2637254012089607,0.249168423532791,0.2345010558289226,0.2201978803894341,0.2057763141863729,0.1913649436354101,0.1770734831647752,0.1628000771855661,0.1485507084098189,0.1342859880733257,0.1202043305794182,0.1062500881441684,0.0920812549210657,0.0779921845097929,0.0639146298020626,0.0496476210158737,0.0353757991268069,0.0210257906316689,0.006872342156259,-0.0073780502361609,-0.0213926802706697,-0.0356110514525341,-0.049867109094808,-0.0637635766811688,-0.0779655283447912,-0.092122469497011,-0.1061570675000239,-0.1204259282703888,-0.1344234517557589,-0.1488521934893072,-0.1630913763663611,-0.1773125011200929,-0.1918091132824351,-0.206162550095464,-0.2203545748515072,-0.2346415437655305,-0.2490213385730811,-0.2634815895908595,-0.2778866479857864,-0.2924242055196662,-0.3072879228746201,-0.322247975468957,-0.3371390664001794,-0.3522008675201016,-0.3671011720349161,-0.3821633046206099,-0.397457396360233,-0.4128065580853144,-0.4283256942466001,-0.4438744498661992,-0.4592827917732121,-0.4749522925256397,-0.4905517846253884,-0.5064745524748646,-0.5225090433226902,-0.5387305917481111,-0.5550643437293151,-0.5714292414841515,-0.5879980721418856,-0.6049102763496785,-0.6218714187251378,-0.6389193103325597,-0.6560900929817801,-0.6739080011835059,-0.6921495641073737,-0.7100316698284532,-0.7281546995451739,-0.746579494682776,-0.7657067206184596,-0.7847472257416902,-0.8040256113895902,-0.8233102893492834,-0.8432534919691318,-0.8632865561833801,-0.8839768308882383,-0.9045423453097108,-0.925899025071997,-0.9476197304442447,-0.9696146031297252,-0.9921258210205872,-1.0151213860729889,-1.0390947114938682,-1.0635554202421311,-1.0888813997824285,-1.1145404996951425,-1.1413538771428715,-1.1689085658041132,-1.1975923973965543,-1.2271696038965605,-1.2577726014428428,-1.2891693787479777,-1.3223028778613175,-1.3571019040985768,-1.3934135582899811,-1.431353790299915,-1.4720389946299215,-1.5150355252146137,-1.560833500712559,-1.6096312279433298,-1.663310314059734,-1.722803384554656,-1.7887273692296513,-1.8634796925600488,-1.9489819841241032,-2.054692153304549,-2.1872739172758204,-2.372767878807628,-2.710819994281316,,,,,,,,,,,,,,,,,,,,,,,,,,,,,,,,,,,,,,,,,,,,,,,,,,,,,,,,,,,,,,,,,,,,,,,,
179,2.7158870331982072,2.3750510492359544,2.188946943506357,2.057494202287687,1.953167536888244,1.8679117994015808,1.7950562798694152,1.7298076038940329,1.6712606582250025,1.6174308555243953,1.56776437674547,1.5220655599539188,1.4784233707217969,1.4374716647772476,1.3990423251792623,1.3631328759302066,1.3286728447398786,1.2955159714524669,1.2638066605970022,1.2331485366148789,1.204113588476165,1.1755847802827697,1.1484759896361458,1.1215661494360114,1.0959179597560813,1.0706995024438206,1.0462590082093262,1.0224397304783048,0.998767774421868,0.975896620248484,0.9532686989666164,0.9313151405972504,0.9096972526368384,0.8887306056227604,0.8682365885042931,0.8477540547099821,0.8277422704133658,0.8082379039730304,0.7891252008651184,0.7699118054421695,0.7514501788352747,0.7331189975825664,0.7152267526235555,0.6971183586392734,0.6795692897128549,0.6622042060607644,0.6448920799263282,0.6272998539050749,0.6105686839816755,0.5938626979095101,0.5771846150093253,0.5608008800735006,0.5441340045758715,0.527790639029004,0.511739748964971,0.4960287495613984,0.4801827842890354,0.4644000314821408,0.4490343867978323,0.4333642122330946,0.4179045451656913,0.4025645426001409,0.3874332508807496,0.3723323826188004,0.3576103595416979,0.3424991702025228,0.3277602736855364,0.3129494526510984,0.2982511938605188,0.2841186392732701,0.2697188883377376,0.2549694635328213,0.2403488734299218,0.2262655469516996,0.2118488716482317,0.1974711924509713,0.1832125598099088,0.1690965162321702,0.1548416932495736,0.1407604717830342,0.1264720695196052,0.112684428093092,0.0986085521587195,0.0846154324580309,0.0705574102234764,0.0565736661477257,0.0422362742875513,0.0281248052533485,0.0138684922840195,0.0,-0.0142135623675694,-0.0283711067958958,-0.0424804355207778,-0.0563976909476197,-0.0703859822169083,-0.0845973508653301,-0.0985019183688515,-0.1125111164799958,-0.1266325313242673,-0.1408548035556245,-0.1549404326715718,-0.1692016026479628,-0.1834021757445118,-0.1978128002877971,-0.2120213192246478,-0.2262631750179683,-0.2404526620447177,-0.2547545022350258,-0.2691913314400418,-0.2835355273024488,-0.2980499871672883,-0.3127820220438684,-0.3276444947350891,-0.3424246042820909,-0.3573879334338532,-0.3725168335477595,-0.3873622845091133,-0.4025496620617775,-0.4179779776374728,-0.4333493895697979,-0.4488544494186923,-0.4641901304877485,-0.4797677347669501,-0.4953234895261423,-0.5112067005739456,-0.5272743112789158,-0.5436124935301517,-0.5596796941640683,-0.5760666238573593,-0.5924279419643373,-0.6093456511962252,-0.6262493465619795,-0.6431905355765409,-0.6604493449418426,-0.6783015718145932,-0.6964164445306884,-0.7142520791952884,-0.7322499873503325,-0.7507454861835193,-0.7697168869449795,-0.7887420198811472,-0.8079503050689811,-0.8272171804903321,-0.8471935730435193,-0.8671769862135056,-0.8879222827829655,-0.9082712024622835,-0.9296376401883764,-0.9513365419797049,-0.973217913791938,-0.9957566731971182,-1.0188146720524116,-1.0425683412635298,-1.067114736695865,-1.0923245826213015,-1.1179899997928502,-1.144781685133327,-1.1722807205687666,-1.2009719862064498,-1.230421825994847,-1.2609504207492122,-1.292293963914987,-1.3255761233767986,-1.3603332502537022,-1.3963996378285144,-1.4344893886022851,-1.474991365446156,-1.5178164561481484,-1.5637179481239356,-1.6124321378791953,-1.6661530161614362,-1.7254357020944289,-1.7912184328335627,-1.866093364194253,-1.951445486625868,-2.05692088923191,-2.189742996458123,-2.3750145991877085,-2.71267535174213,,,,,,,,,,,,,,,,,,,,,,,,,,,,,,,,,,,,,,,,,,,,,,,,,,,,,,,,,,,,,,,,,,,,,,,
180,2.7173241792148968,2.377252107409764,2.190915576281681,2.059798534833265,1.9553839977043688,1.870355115425572,1.7975597276858144,1.7320961410273736,1.6741123072100448,1.620054748829543,1.5705821352163434,1.5246315247013982,1.4813084744431038,1.4403989385045133,1.4018646711350615,1.366045416190646,1.3316910622789917,1.298636863171864,1.2669101128795353,1.236374519757787,1.2072931326382703,1.1787996206220752,1.151951072868524,1.125151745199429,1.0993574795624816,1.074226133985659,1.0497887589940027,1.0260555393214603,1.0025604596382802,0.9796963747567764,0.9569741655850216,0.9351724149421516,0.9136729385878604,0.8927320141075652,0.8721295619003664,0.8518325385105378,0.8318582851850144,0.8122544455348732,0.7932980763652686,0.7741217374374725,0.7556686118251286,0.7373349909208325,0.7193582411832131,0.7015222387948042,0.6838110364392757,0.666563605926678,0.6493200208818963,0.6318012627377748,0.6150565518513115,0.5983797221276289,0.5818932849212968,0.5653543083342639,0.5490223253813922,0.5325491615118806,0.5165643076664301,0.5009274915954449,0.4850590448209727,0.4692845796989773,0.453943522177994,0.4383408283386993,0.4230476875877481,0.4077834760718679,0.3927016450640869,0.3776924160350578,0.3628376250057865,0.3480079874682369,0.3331582135876907,0.3184185432507281,0.3037714180320019,0.2894873427569608,0.2752986577476656,0.2606993414490387,0.2461929967231362,0.2320122781622098,0.2176583576217092,0.2035252557286679,0.189247363912113,0.1751244215926265,0.1611545813697698,0.1469791924414202,0.1329486233167997,0.1188076663684815,0.1049735197616573,0.091135153360782,0.0771774269057282,0.0631230716668962,0.0489975499835879,0.0349213984414285,0.0208359696184905,0.0067359275402864,-0.007258758510468,-0.0211901556843452,-0.0352899049057779,-0.0492742821793244,-0.0630459462830264,-0.0770856361183284,-0.0911350936507666,-0.1048989310241037,-0.1189073922022019,-0.1330255899554335,-0.1471526175253253,-0.161231505972174,-0.1753875113723262,-0.1895804370512165,-0.2036872094073925,-0.2180123577772678,-0.2318909901129056,-0.2462841342942615,-0.2606066632664905,-0.2748587423166214,-0.2893942956861826,-0.3037303732394756,-0.3183984984998427,-0.3332155374863781,-0.3480424701256287,-0.362905759364709,-0.3777734846591769,-0.3927292050734293,-0.4079274254450892,-0.4232651748265099,-0.43859839512279,-0.4538683554369886,-0.4691920907632275,-0.4849548235666459,-0.5003651964115338,-0.5162141360744411,-0.5321871326032145,-0.5483889503110695,-0.5643448522490871,-0.5808335593618982,-0.5970690221715179,-0.6141015755015499,-0.6308791723534813,-0.6477654206864788,-0.6650581726290848,-0.6829114638231315,-0.7006869857383312,-0.7185651698781012,-0.736442652330583,-0.7549823591910972,-0.773666006646416,-0.7927655689960947,-0.8120217221531467,-0.8313194951151957,-0.8512245575001253,-0.8711435927203378,-0.8915342851570809,-0.9122543336116894,-0.9333358184204836,-0.9549802847536736,-0.9768550749297208,-0.9993804539646716,-1.022197922891591,-1.0460604669717428,-1.070584267555509,-1.095711977028509,-1.121460686708001,-1.1481774718057942,-1.1756425579450156,-1.2042961392179516,-1.2338182279740255,-1.2641025435733262,-1.295455092827704,-1.3286038055471288,-1.3634930694974683,-1.3995853153072726,-1.4375197594287723,-1.4778690849128489,-1.5207913080290156,-1.566326071915229,-1.6151129766675472,-1.668873780708835,-1.727962522892558,-1.7938320922759103,-1.8685925988018064,-1.9537967339118567,-2.0590642709517115,-2.191878362914552,-2.377084401310116,-2.714517697652417,,,,,,,,,,,,,,,,,,,,,,,,,,,,,,,,,,,,,,,,,,,,,,,,,,,,,,,,,,,,,,,,,,,,,,
181,2.71893859865292,2.3794573306048927,2.192773685865588,2.061622882557796,1.957842123531541,1.8726316826889435,1.7997925968341475,1.734665239461063,1.6764467686795248,1.6225645114026028,1.5731526873714603,1.5274281465941892,1.4842151037430875,1.4430514824706406,1.404761238246697,1.3690516905300565,1.3345995997515918,1.3016541605886651,1.2701139048337713,1.239560001128934,1.2104353586204366,1.1818639822272372,1.1551638243865765,1.1283801015140955,1.1027044272526645,1.0776031621496274,1.053252551827872,1.0295651881688248,1.0060217614478686,0.9832191833487712,0.9606688771941164,0.9388273202125568,0.9174090382807192,0.8964572236635808,0.8760218323130695,0.8558226200982575,0.8358132161582038,0.816262167559636,0.7973288083291276,0.7781204746893599,0.7597647765851592,0.7413975703569442,0.7234884812197637,0.7056340547846653,0.687943325534084,0.6706461905275206,0.6535572821619193,0.6362122474701624,0.6193504989538439,0.6028104026375634,0.5862554906246812,0.5700231270901306,0.5535294479862396,0.537309871160402,0.5212014794461345,0.5057318546152779,0.4898012009118204,0.4741239244190164,0.4587218642793967,0.4434390770978117,0.4280345096387757,0.4128794813252966,0.3977026010405928,0.3828330477899898,0.3681999335480104,0.353223914119929,0.3383739158630616,0.3238113795364354,0.3092397328247924,0.2949609586189753,0.2807596435666216,0.2663193038228518,0.251865008414496,0.237601719477215,0.2235073102732974,0.2094501846191595,0.1951603793967397,0.1811618377130729,0.1672134040390707,0.1531213096997099,0.1391572873816729,0.1250217853534244,0.1111226892197751,0.0974686372622533,0.0835756086093985,0.0696785377834632,0.0557969988077451,0.041648077056749,0.0275351814357266,0.0136660248973884,0.0,-0.0142323328708012,-0.0282328865841361,-0.0422187745385407,-0.0559218718569487,-0.069886928867297,-0.0837437087262374,-0.097596705067327,-0.111411842027285,-0.1253438914232028,-0.1393843709240824,-0.1534013727161912,-0.1672931650759258,-0.1814390267636632,-0.1955893359683516,-0.2097179871578164,-0.2238587052670707,-0.2377501435370252,-0.2520285737561203,-0.2662584241484266,-0.2804621797366288,-0.2946917912588083,-0.3093190752310072,-0.3240625380023154,-0.3387498068360763,-0.3534307432050917,-0.3682035636968027,-0.3829490214082919,-0.3979921455585824,-0.413028642455154,-0.4284559743761106,-0.443626766948106,-0.4587189910523135,-0.474223076354515,-0.4896982259629327,-0.5053642303122898,-0.5209640759081534,-0.5369465722812089,-0.552998073950049,-0.569104603874209,-0.5853186981858639,-0.6016817239917327,-0.6186654492087886,-0.6351703603421415,-0.6520274092536139,-0.6695591422810683,-0.6872019558551344,-0.7051057599464823,-0.7227585281720854,-0.7408284484717242,-0.7592482986160654,-0.7777808432440368,-0.7969133942998399,-0.8160674991637341,-0.8352677203849124,-0.8550527198756943,-0.8748633358367086,-0.8952492521934097,-0.915994888918144,-0.937166914044898,-0.958579362704047,-0.9805564391902808,-1.0030513533737575,-1.0258068506184006,-1.0497072877424167,-1.0742771264895177,-1.0991391044116972,-1.1249655925780315,-1.1515810957670871,-1.1790104133667605,-1.2076037383822913,-1.2369006996355925,-1.2671676310388769,-1.2987334098509655,-1.331795041490771,-1.3667275723036738,-1.4025802067914637,-1.440492275046277,-1.4809869753514784,-1.5236941773376649,-1.569172317437178,-1.6177729635968594,-1.6715422847754615,-1.7306397633786392,-1.7963267264361211,-1.871125328223483,-1.9560336712953916,-2.061158968851772,-2.1940154026874663,-2.3789792041176754,-2.716218289750081,,,,,,,,,,,,,,,,,,,,,,,,,,,,,,,,,,,,,,,,,,,,,,,,,,,,,,,,,,,,,,,,,,,,,
182,2.721262932263109,2.381612298647411,2.1949203809542333,2.0637557279936183,1.9600990870674335,1.875042324922308,1.802142350671314,1.7369574335454214,1.6789278801413507,1.6250967511433796,1.575882507340245,1.5300073812484871,1.4869830150715606,1.4458683547438165,1.407493387795593,1.3720000116915614,1.3374805616227958,1.30450122722561,1.273135396437312,1.2427573525493776,1.2134191513797534,1.1850808912707578,1.1584139744807858,1.1315310070781837,1.106044362371937,1.0810403461369953,1.0565459574041638,1.0329501511842212,1.0094442976658409,0.9868337978150886,0.9645243016906088,0.9424084447358264,0.9210048765398928,0.9001743142036432,0.8796572036940624,0.8597599043886243,0.8397900086506622,0.8201571649117982,0.801136321117169,0.7822593569491766,0.7637230044532,0.7453981117483007,0.7275086146336355,0.7097307287534378,0.6920878677456931,0.674797934040268,0.6578194750448733,0.6405974233602654,0.623714878343582,0.6073080278432995,0.5906669047593709,0.5744249306476037,0.5580807505967618,0.5420126713464378,0.5259470807268387,0.5102701872580565,0.4947925063735373,0.4790306438361149,0.4635571574485572,0.4483189695661351,0.4330575069553067,0.4177912088478707,0.4028585649957648,0.3878599548184729,0.3733322372261101,0.358540048387956,0.3436409276118716,0.3290532248163353,0.3146072810117183,0.3002874373458029,0.2859805503350798,0.2718429286316894,0.2574282757782167,0.2431556102766519,0.2291888572531992,0.2152231704870579,0.2009665646437378,0.1869297552926716,0.1731682503100395,0.1592228347972814,0.1452106577778377,0.1311726341771884,0.1173115392894683,0.103722316350708,0.0899775445066533,0.0760664914364531,0.0623257121567805,0.0483877890635463,0.034237297150622,0.0203556497700488,0.0064935073193828,-0.0073158330543177,-0.0212352692985852,-0.0351219039162239,-0.0488952459823411,-0.062499295037744,-0.0763495614044452,-0.0903599854221066,-0.1038972424429957,-0.1177656385541629,-0.1316395297128051,-0.1456311218304542,-0.1596542605205742,-0.1734554677391267,-0.1874650859292644,-0.2016918980007266,-0.2155931647574387,-0.2295646391905081,-0.243562309444236,-0.2577894732610237,-0.2719530484520638,-0.2858948724877784,-0.3002474780625686,-0.3149167602308733,-0.3295813787549628,-0.3442969597792345,-0.3587291180619915,-0.3735103914968652,-0.3884003046916061,-0.4032162746453098,-0.4182979927892152,-0.4334670050939645,-0.4486176917323146,-0.4636863170477178,-0.4792266558454971,-0.4946817213776613,-0.5102576044646914,-0.5257952901966633,-0.5415861900035417,-0.5575466715477354,-0.5736812478318635,-0.5899875664042428,-0.6063043284129688,-0.6231583914727138,-0.6396525768473139,-0.6565628621888436,-0.6740821940738331,-0.6916318826024935,-0.7093521184140514,-0.7270107893274862,-0.7450458013106109,-0.7633640873996448,-0.7821229356261175,-0.8010483917554582,-0.8200642870231956,-0.8393079535560848,-0.8590358828375065,-0.8787418289908441,-0.8991451180226401,-0.9197761440265068,-0.9409238966695626,-0.9621853264052128,-0.9841650665221736,-1.00659578459353,-1.0293267592765707,-1.053246295637826,-1.0778674384600897,-1.1027586240146303,-1.1282879768658447,-1.1550552702992023,-1.1821518117535736,-1.2107528261628326,-1.240052975184866,-1.2700904558614463,-1.301915055747239,-1.3346775586539326,-1.3696694857385838,-1.4053485923667788,-1.4432840806769158,-1.4837258602392718,-1.5264335129593267,-1.5716927510268253,-1.6204211157457613,-1.6741952313490929,-1.7333252251524576,-1.7987207684933106,-1.873280027814616,-1.958275242603145,-2.0633565156784863,-2.195761447961873,-2.380892362886045,-2.717992885173887,,,,,,,,,,,,,,,,,,,,,,,,,,,,,,,,,,,,,,,,,,,,,,,,,,,,,,,,,,,,,,,,,,,,
183,2.7223863566859805,2.383719289366287,2.1971951292449003,2.0662468626365262,1.9625534996494425,1.8774585881122337,1.8045162008952047,1.7392681742367695,1.6816815157921778,1.6277557649308207,1.578734282948271,1.5326743463761374,1.4897825129378208,1.448783096985234,1.410454841382238,1.3748713876295091,1.34048694366261,1.3074085510281477,1.276328619749111,1.2458956000420904,1.2165274315768302,1.1882160633375396,1.1614513226608023,1.1346797735918703,1.109375087878791,1.084246265759258,1.0598035808012722,1.0363827920777633,1.0129845676643634,0.9904516510663296,0.968266808233729,0.9460056622678358,0.9247294625103888,0.9038536997828768,0.8834274477511306,0.8634368102370831,0.8437480674539302,0.8241072020570508,0.8050798508973062,0.78632830916672,0.7677743341069181,0.7495128326089372,0.7316470429764901,0.7138749089758012,0.6962913154589444,0.6790571537606653,0.6620756343169615,0.644944953852512,0.6280134172306104,0.611716671030651,0.5952733499569528,0.5789679250900684,0.5628718599920666,0.5466712003734946,0.5307362609249345,0.5150386262304388,0.4995871731190284,0.4839103075955034,0.4684284497719093,0.4531503531111377,0.4379966518006159,0.4227729195073201,0.4078730962249686,0.3929408534356696,0.378374497619188,0.3637403478557262,0.3489963045485897,0.3342984029931298,0.3200430104885515,0.3057256594333506,0.2913921791422716,0.2773122037718313,0.2631646706354331,0.2487684237556664,0.2348441554093421,0.220956574140234,0.206885163538218,0.1928736283419452,0.1790603747941568,0.1653231553727934,0.1513310930430307,0.1373158923557906,0.1235439327218874,0.1098463032949024,0.0963608373411117,0.0824676655178615,0.0686066327908774,0.0549445584236896,0.0410554227951484,0.027174695725671,0.0133702084786175,0.0,-0.0141767238775441,-0.0280962040536319,-0.0418878260490641,-0.0554962811062678,-0.0692655850462735,-0.0829352060875251,-0.0966302433456381,-0.1102812478915806,-0.1239814117949831,-0.1379531999853908,-0.151892638236704,-0.1656647853192941,-0.1796913449795838,-0.1935527461230569,-0.2075439178486633,-0.2213912484239323,-0.2352667636617551,-0.2492759265671034,-0.2634512505989675,-0.2773900928236561,-0.2914129694923295,-0.3058077619773972,-0.3204219606287503,-0.3349604563313807,-0.3495098816525853,-0.3640648116344753,-0.3788023438281289,-0.3935577103845589,-0.4083297408384453,-0.4234398446136139,-0.438442839376256,-0.4536168568975038,-0.4686332426033629,-0.4840913047307692,-0.4994167298309606,-0.5150470617387606,-0.5306112945022762,-0.5463600959126079,-0.5622293866728855,-0.5783129593948778,-0.5944514330113372,-0.6108963866513916,-0.6275946944955281,-0.6439308315967331,-0.6611815242612246,-0.6785643324778956,-0.6960058575548151,-0.713492811567968,-0.7312345022628305,-0.7492288502630505,-0.767447270452646,-0.7862271639736956,-0.8050330117709329,-0.8240118524177215,-0.8432029825877712,-0.8628339705935779,-0.882815603627737,-0.9030371183349032,-0.9235549026841218,-0.9445704060958174,-0.966013727401878,-0.987720430793434,-1.010020008084158,-1.032931963714317,-1.0567691350967547,-1.0815089338409167,-1.106246532066945,-1.1317336607245188,-1.158283357966608,-1.1855939639212631,-1.213975834443325,-1.2431418752835433,-1.2732974127563434,-1.3048065690849988,-1.3377751703635603,-1.3726065489789845,-1.408315585210809,-1.4461597875575487,-1.4866392974579985,-1.5292064469893996,-1.5745720345492658,-1.6231136521250655,-1.6767772620050745,-1.736018210321305,-1.8011350294468866,-1.875808578577764,-1.9605159902075984,-2.065446266261857,-2.197892373160972,-2.3829579070626763,-2.719983317932242,,,,,,,,,,,,,,,,,,,,,,,,,,,,,,,,,,,,,,,,,,,,,,,,,,,,,,,,,,,,,,,,,,,
184,2.72434094776035,2.385587794410357,2.1995835813603315,2.068824091418981,1.9649200163142455,1.8798225605394736,1.8069960817298123,1.7419721707041826,1.6842342373490071,1.630575814729209,1.581856185106032,1.5356646413699535,1.4927799342280268,1.4518376812003624,1.4135026608841226,1.3778871369290937,1.3435692324470314,1.3104644470923437,1.2794816400077,1.2491814633907343,1.219716844432091,1.1915141879428108,1.1647398866009548,1.137906389106878,1.1126028511014594,1.0877000402924963,1.0633201589000982,1.0399481200787135,1.0165624474637514,0.9938970232309412,0.9720882998034602,0.9497407938141902,0.9283772247147892,0.907764663544988,0.8873065869097762,0.8672469145886281,0.8476977684459198,0.8279957785369797,0.8089849086774371,0.7902874248311027,0.7716751466792543,0.7537091244648743,0.735840757411584,0.7179587834981747,0.7005766805049516,0.683326618896258,0.6663120227286361,0.6493192734136037,0.632598265862652,0.6161180138526732,0.5999798173541782,0.5834577663785653,0.5674852504996728,0.5513814963778855,0.5356125270205555,0.5198660621099332,0.5042557639412365,0.4888438113431112,0.4734179016737254,0.4581398676245136,0.4430719821490397,0.4279076141548407,0.412891117532333,0.3980988521584406,0.3834463622638944,0.3689054687158283,0.3544207137177921,0.3395896260222893,0.3253438622425003,0.3112043181303607,0.2969411832020286,0.2828500011659487,0.2688279995049269,0.2546477090482412,0.2405449710765311,0.2266655373361328,0.2128720018626494,0.198992328185563,0.185198852670503,0.1713523213483742,0.1575449852262294,0.1435349687698936,0.129731047751937,0.116007645492706,0.1026547772171882,0.0890344292850769,0.0752432875140587,0.0615601734952744,0.0478586559607624,0.034157718128686,0.0202820918853776,0.0065537496983279,-0.0070989059064217,-0.0207713511526178,-0.0346178432955821,-0.048279111643297,-0.0618800004142832,-0.0755798098301673,-0.0891709169109702,-0.1028302948013414,-0.1163813116180521,-0.1300946867388358,-0.1439571148004002,-0.157828160284203,-0.1716728503831027,-0.1854262482776888,-0.199262432244291,-0.213174231549375,-0.226930188384814,-0.2409015186567169,-0.2549063065571491,-0.2688506361199068,-0.2827696064409198,-0.2967854706568466,-0.3112502101995977,-0.3257970999595331,-0.340235828058784,-0.3547561409321147,-0.3692178239506694,-0.383862219739143,-0.3984564668558723,-0.4135009096595043,-0.4283395656278343,-0.4432569196504464,-0.4584763818296844,-0.4732883813621156,-0.4887406918654058,-0.504180036585044,-0.5197594036774588,-0.535224109918476,-0.5508742234263736,-0.5665138963164933,-0.5827667059315862,-0.5988006233098424,-0.615213692250546,-0.6317817826439815,-0.6482090624492632,-0.6654889502821316,-0.6826921530559513,-0.7000930933825421,-0.7175271607617545,-0.7351384436931556,-0.7532121285679146,-0.7714433606528711,-0.7901479366225134,-0.8088395350370854,-0.827772723364924,-0.8468332324582183,-0.8665655112175517,-0.8864303365684247,-0.906664537961582,-0.9271483556846594,-0.9482443457661968,-0.969529223376118,-0.9911557244534304,-1.0133931077501896,-1.0362577203581085,-1.0602430130418858,-1.0847264864180066,-1.1094514468297556,-1.1350581035569831,-1.161476962010761,-1.188715770009399,-1.217259126329555,-1.2460889161616873,-1.2764147250422164,-1.3077277288762732,-1.3409017107113437,-1.3755338455690511,-1.411204905676399,-1.4491465604193765,-1.4893551257515243,-1.5320146339860552,-1.5772306552375848,-1.6258012485930506,-1.6793615234122852,-1.7385888007461228,-1.8037119989967496,-1.878391978287743,-1.963027375989092,-2.06766099062338,-2.199748183216151,-2.3850045448659394,-2.721453339969887,,,,,,,,,,,,,,,,,,,,,,,,,,,,,,,,,,,,,,,,,,,,,,,,,,,,,,,,,,,,,,,,,,
185,2.726261081304394,2.3875630180998195,2.2019369578636847,2.071249318936613,1.9674681851074616,1.8822458047196728,1.809424637881684,1.7445205300854671,1.6869601532799203,1.6332123411793131,1.5844482887778923,1.538286310324072,1.4956901834278702,1.4546580146051458,1.416385625648546,1.380815125704495,1.3463524706160297,1.3135191921425162,1.2825773094067336,1.2523603697641434,1.2229188414215828,1.194709945409589,1.167949612004668,1.1412094655568146,1.1157658101985393,1.0912077667144655,1.0667411412025574,1.0433862570645709,1.020199572746267,0.9974139539221292,0.975765519638149,0.9535704218831172,0.9320620520376623,0.911452774401397,0.8910818834116512,0.8710073980263976,0.8515361526711449,0.83187598159946,0.8129773603513425,0.7942640694397295,0.7759085386674706,0.7576377655898615,0.7398556087387784,0.7221544089583571,0.7046156871615326,0.6874705005652897,0.6704336402095964,0.6535620565325428,0.6369228523758946,0.6204363764522548,0.6043757746816442,0.5879211378172847,0.5718184266800146,0.5558492981400067,0.5400689517157287,0.5244343527532854,0.5088955259829577,0.4934907473507696,0.4781748126781767,0.462837762499712,0.4477367603343589,0.4328242399722275,0.4178665622876787,0.4030375638768958,0.3884708797103415,0.3739013833021458,0.3595082227055732,0.3447258722533579,0.3303680418289705,0.3163399873729209,0.3021915895089049,0.2881802871533078,0.2741649620827337,0.2601746414788805,0.2461076577777016,0.2322127668939581,0.2185195603423842,0.2047384569046879,0.1910126559976111,0.1771891600175006,0.1634302416308803,0.149665399483032,0.1357562137691532,0.1220621276619105,0.1086276691189274,0.0953438159087631,0.0816591957575057,0.0680862622011578,0.0544126062964827,0.0406719528446252,0.0269688588629766,0.0132775225690307,0.0,-0.0139174016929186,-0.0276281444245823,-0.0412983008387772,-0.05480872035186,-0.0683766209826617,-0.0819831162736011,-0.0955050270644135,-0.1090172709937687,-0.1226420871490947,-0.1363500391455877,-0.1502627276094731,-0.1638408819327848,-0.177629533692994,-0.191279090830752,-0.2052417638241448,-0.218898790948995,-0.2327488765894619,-0.2467360802579909,-0.2604373294938721,-0.2742205177383351,-0.2883106417690363,-0.3024351541196427,-0.3168179050880441,-0.3311840851959489,-0.3456099805536884,-0.3600552939398886,-0.3744506223947039,-0.3890647515242775,-0.4036957313694947,-0.4186463710155982,-0.4334486746031596,-0.448270988411687,-0.463324271411388,-0.4784120609404681,-0.4933993938905582,-0.5090786670705569,-0.5246040903137624,-0.5399778245664253,-0.5555329020088081,-0.5712713864329168,-0.5873780409616512,-0.6034292480686904,-0.6197227190924741,-0.6362292744174675,-0.6528163958295561,-0.6698481440869964,-0.687013641646246,-0.7043891061805548,-0.7218962871851023,-0.7394573115067953,-0.757389845461827,-0.7757053066259763,-0.7942412393854716,-0.8128349720772161,-0.8317153309315523,-0.8508673486695925,-0.8704258860335298,-0.8903522345163092,-0.9104389474486606,-0.9308985851959558,-0.9520442627411234,-0.9731179226542294,-0.994725286406085,-1.0169064572299344,-1.039935607747844,-1.0639218459057624,-1.0882953444775494,-1.112926222220726,-1.1384385735370357,-1.1648187833654673,-1.1921307306162754,-1.220578378724269,-1.2490663640655693,-1.279427624854038,-1.3106299497745777,-1.343965772529243,-1.3784322854863698,-1.4139873120056352,-1.4518507261936526,-1.4920232104007565,-1.5348214120412211,-1.5798227821606057,-1.628333575863855,-1.6819502041326837,-1.741067678821016,-1.806243567994216,-1.8807628006186627,-1.965466461644727,-2.070081089469486,-2.201565724416084,-2.3867159243440184,-2.723546939514456,,,,,,,,,,,,,,,,,,,,,,,,,,,,,,,,,,,,,,,,,,,,,,,,,,,,,,,,,,,,,,,,,
186,2.728181239528962,2.3894371662750857,2.2040853616449403,2.073084877308974,1.969688350198573,1.8848768806195484,1.812150935682297,1.7469297711613136,1.6896401479174104,1.635700473472728,1.5870513115308194,1.5409846616880063,1.4985324093564587,1.457673239555121,1.4193473690803555,1.3838920603244624,1.3493090968053274,1.316756046391072,1.2859432229830434,1.2556383423763096,1.2261919569311892,1.1980543142090831,1.171255311538736,1.144613972641572,1.1193714780953117,1.0946689737350084,1.0703731689496023,1.0469287435728,1.0238564838304645,1.0009211943683254,0.9794211920831865,0.9574165761635046,0.9360824795646002,0.9152834918535048,0.895009396646946,0.8749464844076623,0.8553571544953072,0.8357970500454907,0.8168391754010934,0.7982432946238103,0.779959096236386,0.7619719632607403,0.7440178095052126,0.7263916139448902,0.7089378663283261,0.69172994984655,0.6745825297995771,0.6579535437591008,0.6412120396016233,0.6248947446341795,0.6087142837184727,0.5925483639225052,0.5763375093260841,0.56048829076455,0.5447610037032682,0.5291047111969261,0.5135422500629688,0.4982998938362332,0.4830408014549741,0.467784022715343,0.4525996922511438,0.4377790692258931,0.4229251252536675,0.4082373840812991,0.3934544758580102,0.3790694480080889,0.3647091329703907,0.3500362151421006,0.3355793390456036,0.3216327772860978,0.3075824179386149,0.2934873899341264,0.2795089952070125,0.2656723008947941,0.2517941179978738,0.2377488251126462,0.2240529274349041,0.2103438822870528,0.1967240825554742,0.1829164458152491,0.1693595452346764,0.1556816929215716,0.1419790847983602,0.1281759667376038,0.1147779423696293,0.1013494636085446,0.0880072648029766,0.0743473184703005,0.060809078146628,0.0471896862787771,0.0335406068766262,0.020066835115485,0.006519792705309,-0.0071349253295403,-0.0207716014875964,-0.0342833354289826,-0.0479370527806289,-0.0613429550096658,-0.0748958066418036,-0.0883763615494555,-0.1017178958487776,-0.1152225578742032,-0.1287556001874334,-0.1426287847493026,-0.1562670056705363,-0.1698470272734382,-0.1835097015434668,-0.1972110752576858,-0.2109434744441325,-0.2246074199491084,-0.2383984746969103,-0.2521837555844992,-0.265914305006476,-0.2797537742378604,-0.2937721471610001,-0.3079678015504925,-0.3222735014979321,-0.3365884163527147,-0.3509383027642427,-0.3652864106855321,-0.3796573282753637,-0.3941160456724959,-0.4087894816786633,-0.423617029995407,-0.4384111198624802,-0.4532540866722372,-0.4682032874607021,-0.4831332204089568,-0.4982841404779289,-0.5138204765813668,-0.5290430961953559,-0.5445568446127528,-0.560136130836776,-0.5757934022600045,-0.5918194932300174,-0.6078703291717896,-0.623975328813785,-0.640592657771181,-0.657189208562251,-0.6741725705227934,-0.6912108754572514,-0.7085454526122423,-0.7259598271436601,-0.7436061116007227,-0.7614585857992185,-0.7796838890560844,-0.7980478257013921,-0.8165462643823072,-0.8355207616789277,-0.8548043332064764,-0.8742319826704515,-0.8940051306951382,-0.9142895922230152,-0.9345868988438524,-0.9557229525767016,-0.976523664609788,-0.9981608089215342,-1.0204293488074432,-1.0433942567989076,-1.067326786425227,-1.0915401270064606,-1.1162573020086863,-1.1416818055834888,-1.1679963050936637,-1.195298107312364,-1.2235956522002398,-1.2520103334015462,-1.2824087075024444,-1.3136678005597506,-1.3470442090972392,-1.3814426505707866,-1.4169491245635824,-1.4546224071754668,-1.494647226482238,-1.5376044080971778,-1.5825209176357746,-1.6310824656984173,-1.6846584124693311,-1.7434495375797745,-1.8087350559254791,-1.8828647237484828,-1.9676016462109387,-2.072163642965537,-2.203590394586431,-2.388567910639541,-2.725041373208999,,,,,,,,,,,,,,,,,,,,,,,,,,,,,,,,,,,,,,,,,,,,,,,,,,,,,,,,,,,,,,,,
187,2.7301104768229925,2.391854545212217,2.206527093585952,2.075427933276376,1.971718135956608,1.8870346118500407,1.8144413358094065,1.7494496236142658,1.692161789495242,1.6383315815858868,1.5897313699222784,1.5436820245377147,1.5012473165566669,1.460631817927453,1.4222412435382652,1.3867870665765822,1.3525202020954743,1.3198412984660193,1.2889086181025238,1.2586454953860455,1.2294992655244428,1.2013223558179045,1.17453009416235,1.147972836092544,1.1227587273500947,1.098198368581097,1.0738779204721018,1.0503950674687528,1.027348050417056,1.00449880926251,0.9830005633214558,0.9611259022425068,0.9400620901610696,0.9190502133910522,0.8989149136297335,0.8787970314497281,0.8592113503404033,0.8396769216490207,0.8207307739276204,0.8021047899591873,0.783780998459098,0.7659029508971946,0.7480286981217646,0.7303774041114275,0.7131225710845466,0.6959131684011861,0.6788019882496207,0.662052179111081,0.6455458541946136,0.6291677421715435,0.6129937792458103,0.5969685448745197,0.5808956274853538,0.5649683833044739,0.5491546576542699,0.5338149382656521,0.5181398932809227,0.5030091140548353,0.4878592406643935,0.4725823445004172,0.4575016038379855,0.442646052683954,0.4278313741232281,0.4131919341570926,0.3984720932718626,0.3839821918330451,0.3697631521339178,0.3551658543858608,0.3408632943825352,0.3267818889632333,0.3127712997472036,0.2987659621848083,0.2850387867227612,0.2710748147259559,0.257286131915741,0.2432690568777169,0.2295027152060324,0.216119494232025,0.2023467415932225,0.1887145743066862,0.1751625346098793,0.1615769665033363,0.1479355511748451,0.1342924742312721,0.1207652863104226,0.1074426905204446,0.0941739255141189,0.0806246485233988,0.0671798226138343,0.0536036824610458,0.0401459985466725,0.0266165525658051,0.0131873152538018,0.0,-0.0138639935659541,-0.0274817681312997,-0.0410667164954263,-0.054438199004112,-0.0678146620860448,-0.0812284297584688,-0.0947234709502474,-0.1079272832380493,-0.1214518391431195,-0.1351576885937321,-0.1487188012609037,-0.1623624364327833,-0.1757888931118488,-0.189489290164305,-0.2030700833372133,-0.2167545840505465,-0.2303919693925018,-0.2440686016694941,-0.2578937933535747,-0.271506589968118,-0.2852558054938295,-0.2993664386538156,-0.3135533091564593,-0.3276457682349483,-0.3420139915080196,-0.3562303800110773,-0.3703605718639621,-0.3848728908150163,-0.3992957172241748,-0.4139615347208175,-0.4284862588012968,-0.4434334036144658,-0.4581399508559178,-0.4731156126863573,-0.4880026956610695,-0.5031607755956585,-0.5186063489240617,-0.533730903428708,-0.5493160262473824,-0.5648389007848139,-0.5804217638329013,-0.5963680315998128,-0.6121560064851382,-0.6285113342412536,-0.645003741586167,-0.6615851106725935,-0.6786093993715212,-0.695573474331869,-0.7126467854762885,-0.730194254424403,-0.7478253685624651,-0.7654955211491634,-0.7837259440406824,-0.8019040008203551,-0.8205492919758668,-0.839561685905683,-0.85870623834572,-0.8782544545885221,-0.8978530536564061,-0.9179888631046796,-0.938356655297026,-0.9592146822150208,-0.9800944754386576,-1.00167810344539,-1.0240621850917755,-1.0470390627833284,-1.070853652262173,-1.095007686529653,-1.1195560802461482,-1.145117869052168,-1.1712045341241029,-1.198732510223899,-1.2267934637885425,-1.2551215683964794,-1.285360457375579,-1.316779969379292,-1.3501536141363268,-1.3841733543988,-1.4198263732718506,-1.4575184804667134,-1.4976431499641736,-1.5403374782961992,-1.5851896258080076,-1.6335839651635866,-1.6871104113672135,-1.7460830673396095,-1.810964653294687,-1.8851622959430945,-1.9699759539545,-2.07428503288052,-2.2061090884681605,-2.3912240436790544,-2.7269303706015893,,,,,,,,,,,,,,,,,,,,,,,,,,,,,,,,,,,,,,,,,,,,,,,,,,,,,,,,,,,,,,,
188,2.732119308682204,2.3941895659971,2.2084061133447985,2.077426735748702,1.9739697480992624,1.8894030705515248,1.8166518382625432,1.751686398474767,1.694817964535226,1.6407697705614472,1.5922509182741986,1.5463206951474875,1.5039188042422147,1.4634252438055202,1.4251062291009775,1.389530333599678,1.3555696139986335,1.3226167595823324,1.2917703259940627,1.261601519546797,1.2325418763866276,1.2043787275192903,1.1775201628486005,1.1510412756860733,1.1257973954320093,1.101416828092898,1.0771528955899017,1.0536718499008857,1.0307029403559826,1.00803133510075,0.9863870187088342,0.9647441562394964,0.9435655482183672,0.9227872127113922,0.9024934453142616,0.8824633184508932,0.8628753163133197,0.8434299877525635,0.8244317313036023,0.8058778512863523,0.78748643078183,0.7695721718887413,0.752034124814635,0.7342398119638681,0.7169904441370715,0.6999172653889647,0.6830294037018478,0.6661570830259765,0.6496562699247365,0.6333556911769237,0.6172913028869382,0.6012777348502822,0.5852278317351849,0.5692212831666084,0.5537551358863841,0.5381114892057601,0.5225278005966568,0.5075143641590568,0.4922737100740952,0.477249343831033,0.4621961810148803,0.447260372170057,0.4325456034503804,0.4179386489740147,0.40316191651055,0.3888361175560245,0.3745905519711547,0.3602178835809241,0.3458267854321784,0.3319463863677593,0.3179625234897676,0.3038857796803136,0.2900948375414201,0.2763454074036107,0.2625223430048298,0.2486260414410541,0.2348571001557001,0.2213939488235393,0.2077956502542633,0.1942470013416953,0.1807176811439425,0.167202148831155,0.1537402977834741,0.1400721434176715,0.1266353621956931,0.1131678358334281,0.1001233918528858,0.0867636908115588,0.0733308871137088,0.0599278984341292,0.0464056177388876,0.0330131476086229,0.0196285986087626,0.0060682642175985,-0.0073276356293901,-0.0207888067407041,-0.0343486050557906,-0.0476788044369545,-0.060916107891246,-0.074293928515377,-0.087716951257737,-0.1009697936983578,-0.1143269918606275,-0.1277317136864029,-0.1414437512023497,-0.1548622965746173,-0.1685099716860587,-0.1819551443870199,-0.1953784665898471,-0.2088702478650194,-0.2226490830573654,-0.2361147378794213,-0.2498162369705552,-0.2636189188675557,-0.2770947632737265,-0.2909903793680631,-0.3049429615371348,-0.3191215244311992,-0.3332284797459721,-0.3473326470656541,-0.3615801900726444,-0.3758154933695971,-0.3902149020253613,-0.4045409821420834,-0.4191642409957727,-0.4336497040838711,-0.4483882830115381,-0.4632251454558038,-0.4779890697031994,-0.4927861468431013,-0.5082601997699401,-0.5232484562474369,-0.5384885102952196,-0.5539530400967312,-0.5693394192875438,-0.5850621976803339,-0.6008804450141755,-0.6166760222632987,-0.6330314389682569,-0.6495949827164252,-0.6660565341294026,-0.682975736169696,-0.699851924882404,-0.7169414681715587,-0.7344042834214193,-0.7519699949590426,-0.7696062389421784,-0.7878429572578874,-0.8059946735084947,-0.8246681591445547,-0.8435910511744183,-0.8627281171112569,-0.8821270117139651,-0.9016675096227424,-0.9219034667894066,-0.9421041518557576,-0.9629333222612706,-0.9837061563274868,-1.0053515991968511,-1.027656633070292,-1.0504865194359378,-1.0743195916490902,-1.098558076922082,-1.1229749832023612,-1.148482780643146,-1.1745504169690997,-1.2019298046454674,-1.2299847830818504,-1.258287027524636,-1.2884731244138663,-1.3200536786381705,-1.3533762180092654,-1.3871573518548488,-1.4229360419503838,-1.4607180455230226,-1.500708562155206,-1.543114977641613,-1.587861560886379,-1.636303778131742,-1.6897047434831374,-1.7487922898406063,-1.8134613226086824,-1.8876069966013311,-1.9726503514703444,-2.0770225385430074,-2.208688807575704,-2.393267728249561,-2.729206068461935,,,,,,,,,,,,,,,,,,,,,,,,,,,,,,,,,,,,,,,,,,,,,,,,,,,,,,,,,,,,,,
189,2.734190360548464,2.396399244558804,2.210477474965977,2.079414670176557,1.976103339078285,1.8915934931408536,1.81902657467276,1.753950625310314,1.6970643275694612,1.643350707588691,1.5949129321410171,1.5489226760170345,1.50662345991077,1.4662509518731428,1.427875018653139,1.3924037495214974,1.3586477145808584,1.3256143434654968,1.2948008404941012,1.2647220118847682,1.2355977815245798,1.2075891012426627,1.1806877001931342,1.1541836552856888,1.12905362286524,1.104597422960778,1.0805622970852315,1.056935048977122,1.0340780506049467,1.0112516444703854,0.989803648870596,0.9681781644583328,0.94710213803746,0.9264902450208776,0.9061650807086106,0.8862004320364038,0.8666025269237638,0.847161796345671,0.8283173396143458,0.8096500693196175,0.7913110556405447,0.7734422398539362,0.7558905301541318,0.7382980347862612,0.720969107856246,0.7039386818677705,0.6870118799651027,0.6702135583502316,0.6537746552377115,0.6374638713121614,0.6214117798871757,0.605505836404193,0.5896389908874365,0.5735045406053829,0.5580428198250541,0.5425981688217444,0.5271845069863037,0.5119765798641416,0.4969423288165635,0.4819723667023372,0.4670411844815013,0.4521598310520923,0.4374134154955119,0.4228121573231744,0.4082362325593306,0.3935768930317883,0.379588942179328,0.3652234396906001,0.3509090136346469,0.3369391501187715,0.3229710707950347,0.3091804098053324,0.2953337449454962,0.2816205416723029,0.2678439021373956,0.2540970992782845,0.2401896016267376,0.226815689626433,0.2132854103959844,0.19987642108049,0.1864185318761257,0.1729168872302592,0.1594944041614756,0.1460115742219392,0.1325918297676735,0.1192251598490612,0.1058890619438079,0.0928771018589724,0.0795144790236689,0.066228776822331,0.0528849762895153,0.0393317346316321,0.0261020330603408,0.0127521862172842,0.0,-0.0141601887332223,-0.0275658003978389,-0.0408310636376596,-0.053987097166526,-0.0673206878798987,-0.0806607558329314,-0.0938167700521279,-0.1072406132037276,-0.1203625759823928,-0.1339468809693272,-0.1474451523095558,-0.1609274814852197,-0.1744688447762814,-0.1878455848429152,-0.201215751804012,-0.2145886488564943,-0.2283365016863493,-0.2419149541745916,-0.2554401278759425,-0.2690062267403016,-0.282619523812079,-0.2963867310015741,-0.3105497493967135,-0.3244888596703863,-0.3385677029000721,-0.3526120936916659,-0.3666757174365476,-0.380926731947391,-0.3952271428860381,-0.409615044620659,-0.4241339130736649,-0.4385886626453125,-0.4533001246598447,-0.4679701114750037,-0.4826697446968631,-0.4976232779864949,-0.5129402467627753,-0.5279534895696154,-0.5430734998790882,-0.5585729563655023,-0.5738695321303147,-0.5895499853633963,-0.6052281720417036,-0.6210924316175614,-0.637361719122533,-0.6537287196923466,-0.6704401754111453,-0.6871369322369518,-0.7040015673787493,-0.7211670951260379,-0.738487928896276,-0.7559353125616698,-0.7734800343499323,-0.7917743511514657,-0.8100085925001614,-0.828442874810285,-0.8474679130424462,-0.8664514258488929,-0.885828843915553,-0.9054103265401432,-0.92539909911291,-0.9456697975599578,-0.96630951587483,-0.987200488321558,-1.0088642474321552,-1.031066756602388,-1.0539575851009106,-1.0776847573753698,-1.1018647542990778,-1.126325341943574,-1.1517969394265817,-1.177839147238075,-1.2051397741265168,-1.2330145448227867,-1.2615220534066345,-1.2916476721446322,-1.3232013739575452,-1.3563717709466871,-1.3900553783140264,-1.4258213004814428,-1.4634647139060235,-1.5034046066552047,-1.5457135844977274,-1.5905351976797737,-1.6390704130217444,-1.6921732635971192,-1.7512962104708338,-1.8159516960795257,-1.8900982289552413,-1.9749290231886245,-2.0789853906798386,-2.210872456413484,-2.395318498589966,-2.730838547351928,,,,,,,,,,,,,,,,,,,,,,,,,,,,,,,,,,,,,,,,,,,,,,,,,,,,,,,,,,,,,
190,2.73612337571255,2.3983011313469977,2.2125087575376585,2.081586028615005,1.9786290862382103,1.893723084826272,1.8215303920964871,1.7562429332677825,1.699491108355777,1.6459602390007366,1.5973710215517165,1.5515389884412016,1.5090175589557018,1.4690361801323115,1.4307158217512532,1.3952588695272856,1.361317797246992,1.328509498673473,1.297687309330651,1.2677531550817134,1.238566579944994,1.2105122766189442,1.1838438826389297,1.1573441339626036,1.1322215975808605,1.1078348786563132,1.083797369146507,1.0602635911428668,1.0374942621698464,1.014799105310516,0.9933684221360236,0.9718063766775206,0.950793061417106,0.929953015061142,0.9097898166001752,0.8898536916496423,0.8704063013103925,0.8510151914523376,0.8319265059771928,0.8135151546585239,0.7951173002096322,0.7774316852399867,0.7598968889517483,0.7422969849722248,0.7250033476721442,0.7079551581042492,0.6912167402472756,0.6743061860338275,0.6579734003945458,0.6417739135091564,0.6257160968227871,0.6099015820606719,0.5941387172936786,0.5781119217962882,0.5624864240356501,0.5470866450518094,0.5316844086701269,0.5166083446584274,0.5015583824772346,0.486607569619746,0.4716952304826369,0.4568442281551588,0.4422978366340137,0.4276469906422142,0.4131091906708194,0.3986634633412763,0.3844235026725077,0.3702769981271995,0.3561648386668827,0.3420038971540727,0.3281018630482312,0.3143907405837677,0.3006423031973033,0.2867585329665653,0.273241853740575,0.2593643079925791,0.2458090307929586,0.232260478472672,0.2187523171894946,0.2055557297856832,0.1920864397686586,0.1785764959759933,0.165337077994929,0.1517927902528506,0.1384875495358727,0.1252041511919346,0.111859224634404,0.0988864506183197,0.085747275880451,0.0725549679099977,0.0592437118013067,0.0457970589700399,0.0323420087443673,0.0192405571374917,0.0058448439378233,-0.0075626346383162,-0.020838329090584,-0.034113940030305,-0.0473302087223498,-0.0604631606579126,-0.073691010813418,-0.0868926524128163,-0.1001350680443769,-0.1133944749035023,-0.1266925008234241,-0.1400912173519593,-0.1534394174840067,-0.166844985352414,-0.1802349571300731,-0.1935108258258735,-0.2068977328591875,-0.2202904180852538,-0.2338890067198048,-0.2473942365266991,-0.2608658648840923,-0.2742362103750623,-0.287890046159503,-0.3018077930746782,-0.3158745267420307,-0.3296857784234232,-0.3437596088724381,-0.3578154895214119,-0.3717599118668928,-0.3857508522668282,-0.4002151253562183,-0.4146034404731021,-0.429008383559632,-0.4435592858062842,-0.4579805504308609,-0.4726740189511786,-0.4872380402164249,-0.5023031399130932,-0.5174310417901692,-0.5323296873760387,-0.5475275708386397,-0.563049653157777,-0.5783766498467007,-0.5940143933014564,-0.609492694591962,-0.6253991697992402,-0.6416408075568173,-0.6579473923443317,-0.6746289386309616,-0.6912732589633246,-0.7081870101898963,-0.725139420275072,-0.742360615536529,-0.7597576728888594,-0.7774544042159329,-0.7956590702279965,-0.8137483139625418,-0.8322078664319758,-0.851233773332836,-0.8701877297152543,-0.8894802246229103,-0.9089308816186278,-0.928930264528544,-0.9491329522483952,-0.9697505721865702,-0.9905984159443678,-1.0123982296081526,-1.0342952168990782,-1.057374366163123,-1.0810445952125316,-1.1051276189774668,-1.1294163196848837,-1.1549670524610072,-1.1810307066127086,-1.208184084707283,-1.2361793675342856,-1.2645047442388992,-1.2947344409573234,-1.3263643636162403,-1.3592950650271127,-1.392898340546661,-1.4284228876801124,-1.4661565057719836,-1.5061271735379622,-1.548354344019767,-1.5930006740984222,-1.641509560579131,-1.6944892854046794,-1.7534604620958627,-1.8180565236196649,-1.8923004887898431,-1.9770040267105853,-2.0810741588429797,-2.2128676746121414,-2.3970718925443504,-2.7323462204936235,,,,,,,,,,,,,,,,,,,,,,,,,,,,,,,,,,,,,,,,,,,,,,,,,,,,,,,,,,,,
191,2.737792061765788,2.400312335279482,2.2146826834819766,2.083821264671438,1.9808242418022544,1.896193771506222,1.8242600381909164,1.7589393896199512,1.702288172233837,1.6488406553347237,1.600088239326035,1.5544734450153912,1.5116574527909323,1.471850647915929,1.4336389724474854,1.3981398846252444,1.3643522562029795,1.331585380433867,1.3008591751730685,1.2708942826642462,1.2416440051996835,1.2138510691623845,1.1869601378938146,1.1607428109690638,1.1354414067477827,1.11129494538153,1.0873304769534586,1.0636449033590067,1.0410643510462905,1.0183907488208963,0.9969445989588458,0.9753015011532598,0.9543725047050232,0.933771868788374,0.913619311296876,0.8936518090042435,0.8740897750888297,0.8548910730906158,0.8358681217833243,0.8173751654764381,0.7990930429593924,0.7813464552717362,0.763882768931869,0.7464558170225571,0.729036332171554,0.7121463848279934,0.6952533202085882,0.6785331091783713,0.6621586549267917,0.6460581211187381,0.6299250361165282,0.6141889800604343,0.5984630774327395,0.5825238533191774,0.5670047944027782,0.5515643779052242,0.5363057136304533,0.5211368375409426,0.5061702662841305,0.4912982427149729,0.4763714506822351,0.4616706443543578,0.4469448255995143,0.4325529172084544,0.4180847726590554,0.4037221873834971,0.3894908869216177,0.3753867589112668,0.3613546370984951,0.3472290606048075,0.3333057803583795,0.3195835166534875,0.3058756035503635,0.2920778113635666,0.278508808268179,0.2649017876540778,0.2512683490162055,0.2377593533901877,0.2243357613711586,0.2111858738798082,0.1978342519997907,0.1842666597833484,0.1710504071198181,0.157681469489032,0.144271311310132,0.1311899932949288,0.1179304086207261,0.1049383447140518,0.0919183618924973,0.07882447108141,0.0656097463369727,0.0522807008186751,0.0387447227936253,0.0256473498487015,0.0124937840871086,0.0,-0.0139898595965816,-0.0273830600330953,-0.0406286852118273,-0.0536562893657206,-0.0667180390646134,-0.0798845111976918,-0.092959064003934,-0.1060543126457026,-0.1193903475243246,-0.1326558227594088,-0.1459648383135593,-0.1592602968284198,-0.1726691715155655,-0.1856800704920174,-0.1991455732753158,-0.212524391310935,-0.2256765976521382,-0.2393302184901304,-0.252800492794743,-0.2660014831115833,-0.2796225743684004,-0.293159508096909,-0.3071254959782249,-0.3209956257131297,-0.3349200359391338,-0.3487701343898018,-0.3627932085488425,-0.376579579681387,-0.390684892261696,-0.4049773140894233,-0.4193552420471367,-0.4336947969403453,-0.4480612188983627,-0.4626810501724272,-0.4770962332332686,-0.4918438365638154,-0.5067278931278391,-0.5218380494402127,-0.536780872290711,-0.5520014407357166,-0.5673712835729,-0.5827105610964192,-0.5981582629724633,-0.6136567834617965,-0.6295525240052653,-0.6457465844044886,-0.6619247808862488,-0.6786148045900753,-0.6953270858267521,-0.7120155249054926,-0.7289753681219785,-0.7463002937248704,-0.7635654263557482,-0.7812851642154004,-0.7992780249924916,-0.8173907750608725,-0.835896680823912,-0.8549321974491246,-0.8736475881100658,-0.8929493462803819,-0.9123191414898068,-0.9323146865033816,-0.9526070810586708,-0.9730512193428904,-0.993938320103288,-1.0157441154197837,-1.037676335358885,-1.0605737672604802,-1.0842888679169238,-1.1082852277498187,-1.132644394127447,-1.158041227600323,-1.184223811877032,-1.2112227121063734,-1.2390883226375091,-1.267571106979591,-1.2976924296090786,-1.3293747953847,-1.362074479450499,-1.3955272269594308,-1.4312203431212456,-1.4685814183246126,-1.5088339456050903,-1.5508612367720678,-1.5953856033897738,-1.6438476110853764,-1.6970927713451995,-1.7554900204717585,-1.820330813463884,-1.894449634461072,-1.9794476187744068,-2.0832472733385248,-2.215052751674094,-2.399065559714645,-2.734036091987281,,,,,,,,,,,,,,,,,,,,,,,,,,,,,,,,,,,,,,,,,,,,,,,,,,,,,,,,,,,
192,2.740534287876798,2.402461174229612,2.216991981040997,2.0861768935577016,1.9832278554579104,1.8984317389615195,1.8266333038857248,1.7615730966167809,1.704744297109321,1.6515075186735129,1.6029780043889073,1.5571161673802048,1.5145596284293474,1.4747505055706849,1.4366204222937646,1.4009871493033763,1.3675217796143544,1.334727652400762,1.304117023583395,1.2740809644067037,1.2449544512013924,1.216999632514899,1.190424216330096,1.164030031304303,1.1388413926582457,1.1145360415926266,1.090660820706674,1.0670379442783025,1.0443058296204524,1.0219412092739142,1.0002149594777725,0.9788675436166446,0.9581099173248332,0.9374569270580908,0.9172247697452208,0.8975423998792994,0.8779793678747485,0.858662614905075,0.8397121858307847,0.8212534957479919,0.8030107989408921,0.7853223140301212,0.7677832381751779,0.7504506427770203,0.7331822554926416,0.7162806257854907,0.6995098579467496,0.6828562401190889,0.6663349634905207,0.6503264393361101,0.6342118031543817,0.6185696988447559,0.6028186810615868,0.5870116912742018,0.5714425006033624,0.5561255488050719,0.5408971972482082,0.5259452423725121,0.5108098274162973,0.4959459828942557,0.4811333606722854,0.4664309333039926,0.4518473929633681,0.4373730832240796,0.4229458174196257,0.4086336287970758,0.3945344075285233,0.3802892533456605,0.3663956214395328,0.3523437022742053,0.3385061408939894,0.3246690381017997,0.3110443488578652,0.2972617831724951,0.283737082422005,0.2704249918536061,0.2567504818330554,0.2434012803528431,0.2299444848625905,0.2166361682594114,0.2034180684845805,0.1900543483210392,0.176747573622721,0.1636164369548935,0.1502055165860858,0.137089342314245,0.1238532386494365,0.1109276903410767,0.0979588506203848,0.0849651971989164,0.0719140951950549,0.0586957504638063,0.0453594051217381,0.0321996575022603,0.0190555093030108,0.0058133076810813,-0.0072399719089257,-0.0205130040162591,-0.0336857324798555,-0.0467651363661994,-0.0597760861891112,-0.0729192565649123,-0.0858787575519604,-0.0988868561653813,-0.112143882610112,-0.1253426370167619,-0.1385355509142881,-0.1518294507885207,-0.1651528454789006,-0.1781318721657601,-0.1912707775400592,-0.2046990474848627,-0.2177901004112221,-0.2312132483162916,-0.2446328966535417,-0.2579929419484569,-0.2712227187068972,-0.2846862759458283,-0.298255062808643,-0.3122309644516335,-0.3261681852751976,-0.3399679200717281,-0.3536630429539925,-0.3676242228078207,-0.3813731709793084,-0.3955800236955246,-0.4097276322323095,-0.4240929878550244,-0.4383275752115925,-0.4526793529759004,-0.4671928484793082,-0.4816471103016636,-0.4964007549736782,-0.5111847098005601,-0.526237188590801,-0.5411194609273975,-0.5562987960008089,-0.5717187050779238,-0.5869116043424263,-0.6021957707243711,-0.6178277689767103,-0.6337733059417964,-0.649725537510463,-0.6661341246404499,-0.6827025599335879,-0.6993173226301269,-0.7159203119587482,-0.7329223815983411,-0.7501328531929473,-0.7674949910028115,-0.7851489128221502,-0.8032401102034938,-0.8210533374225781,-0.8396726884344636,-0.8584733612988142,-0.8771822376845636,-0.8964229872168183,-0.9157430595991568,-0.9358368503917892,-0.9558482535783333,-0.9765565750162006,-0.9971870972109664,-1.018992636686811,-1.0409306750852108,-1.063857145032462,-1.0875225617096118,-1.111498578874361,-1.1358758968310902,-1.1612041769027062,-1.1874392915724543,-1.2143000200624408,-1.242033015893138,-1.270551544580772,-1.300585512655513,-1.3321275117272997,-1.3648412040715583,-1.398445098700844,-1.4338410877235386,-1.471419392616925,-1.5115545164691888,-1.553318511007424,-1.5977551257540887,-1.6461380933391228,-1.699207840932244,-1.757812845957763,-1.822592398312893,-1.8965444513440664,-1.981603511278639,-2.085167905516814,-2.216637489044321,-2.400552233267705,-2.735639917785737,,,,,,,,,,,,,,,,,,,,,,,,,,,,,,,,,,,,,,,,,,,,,,,,,,,,,,,,,,
193,2.742540600986537,2.404423314703376,2.218917813983392,2.088137860663334,1.9852686266262167,1.9006059617236,1.8289488335763828,1.7640517653442795,1.70723536678148,1.6539990150187176,1.6057088626676497,1.5598690476871575,1.5170351541187377,1.4774241331887437,1.4395553935573602,1.4039653624252733,1.3704714554365447,1.3375908547489144,1.3070334156428685,1.2771174040775553,1.2480054270790089,1.21999916498717,1.1934047312164002,1.167215756206818,1.141971186375307,1.117735226840985,1.0938634504977889,1.0703750344654,1.0473557898022314,1.0252741264695229,1.0036080073325864,0.9822578347234746,0.9615266340265576,0.9411053664445151,0.9207866852386551,0.9011578385546112,0.8817274664590179,0.8623123617461926,0.8433493157774518,0.8251610909852302,0.8067256980738688,0.7890814114714504,0.771831940929597,0.7544413464732355,0.7371864163373343,0.7203687295324387,0.7034675043558448,0.6869984853533875,0.6703633196505132,0.6544707792898714,0.6384605123362006,0.622714528384011,0.6071134239268695,0.5913306653013529,0.5758672604757751,0.5605183693891,0.5453701309627731,0.5304279460013714,0.51539091325263,0.5004638414989503,0.4857629368380896,0.4711662633879167,0.4564580668296129,0.4421096829152607,0.4277553512213801,0.4133715053180946,0.3994119119411655,0.3852564938024627,0.3713160955093784,0.357297931583135,0.3436592257144871,0.3297087154352571,0.3161166181943416,0.3025123742344879,0.2889138462982564,0.2755433350656898,0.2621495993589222,0.2486830832443697,0.2353627284044414,0.2221377383476191,0.2089206700771506,0.1956456957735087,0.1823469932641152,0.1692179705196582,0.1560052647142963,0.1428828665161569,0.1297139017368239,0.1166605863616297,0.1038661606412816,0.0910030974832559,0.077981013541134,0.0649222159398182,0.051664966767171,0.0385154519197338,0.0255926261073587,0.0123472385138068,0.0,-0.0140390968633322,-0.0270494149673563,-0.0400286221826373,-0.0530359816171127,-0.066125022390172,-0.0791266488536463,-0.0920920028427561,-0.1050799916209591,-0.1180999708573625,-0.131234979226346,-0.1444976028982822,-0.157774681355001,-0.170896383852942,-0.1837731990661119,-0.1971142418204313,-0.2101869664569441,-0.2233682802315569,-0.2367434301598229,-0.2500001990870107,-0.2632773886611156,-0.2766103796521774,-0.2900277834730659,-0.3037049230610898,-0.3175166323002395,-0.331426626977432,-0.3450451437138253,-0.358789831306024,-0.3724837015446226,-0.386327942426741,-0.4004291131113924,-0.4144815577123802,-0.4289632477711103,-0.4431458718741994,-0.4574350320565237,-0.4718861760054484,-0.4863442646694851,-0.5009918972840761,-0.5158011208332717,-0.5307233198435962,-0.5455785744972163,-0.5607511081703965,-0.5761247851601352,-0.5911715943220488,-0.6064363039952932,-0.6220506999893921,-0.637946700013946,-0.6538147257048514,-0.6703184064586097,-0.6867128896094518,-0.7033608175694473,-0.720013772933805,-0.7369727166178252,-0.7540568783370185,-0.7714119865784878,-0.7891081056772303,-0.8070070112671589,-0.8248245721515352,-0.843459764253816,-0.8620776949679146,-0.8807522070659859,-0.9000191609647654,-0.9193498902398212,-0.9393294147732052,-0.95920701186234,-0.97980943549764,-1.000502419232685,-1.0223424158539756,-1.0442603969863615,-1.0671638138051138,-1.09089778344528,-1.11478131603572,-1.13900895228481,-1.1644710590389915,-1.1905170567008865,-1.2172963989047902,-1.2450066113417786,-1.2735768135220475,-1.3036339433538862,-1.3349468656968149,-1.3676504661882625,-1.4012390601805276,-1.436455975478053,-1.4742357698821444,-1.514228016122153,-1.555891552090882,-1.6001090698936282,-1.6486284297663385,-1.701479363013451,-1.759920205989357,-1.8246088028047664,-1.898461578535368,-1.9837904892774447,-2.0872078756810284,-2.2184458504980613,-2.402529053856884,-2.737202624020844,,,,,,,,,,,,,,,,,,,,,,,,,,,,,,,,,,,,,,,,,,,,,,,,,,,,,,,,,
194,2.743919367388016,2.406204510705121,2.2206523270560523,2.090363851857543,1.9876302509400132,1.90301196377818,1.8315143169899264,1.7664317207714408,1.7097259732770664,1.6564585014648174,1.6082248966303143,1.5626876269505376,1.519690895765062,1.480035286781878,1.4425445946307756,1.4069790340427455,1.3734190651335076,1.340695005196907,1.3099157947581643,1.2802086453747823,1.2510363078957505,1.2230522432178517,1.1965505468630286,1.1704195414738474,1.145199099315574,1.120984149693284,1.0971454309406117,1.0736710003281125,1.0508516005474615,1.028622994711719,1.007049055821414,0.985667447362264,0.9648926400983944,0.9448849238099356,0.924437934913989,0.9049100070868014,0.8853910719301992,0.8661255554636745,0.8470901100932339,0.8287807248378333,0.8105623832124931,0.7929863700212116,0.7756959505270241,0.7582603413348644,0.7410170267050126,0.7244204308031292,0.7075881185074843,0.6910195772487364,0.6745144000782188,0.6585487119340141,0.6425682336707554,0.6269058328832048,0.6113098128597184,0.595732015724264,0.5801804137073212,0.5649496618688231,0.549779149997855,0.5348539169734525,0.5198594764201037,0.5050833230431977,0.4902508967838499,0.4758234115463859,0.4611844370078464,0.4468064785746624,0.4325165916107603,0.4182174602926136,0.4041885012175873,0.3902190430960327,0.3762978782715018,0.3623889704345043,0.3487804546440716,0.3348752387424533,0.3212033022134917,0.3076856428506943,0.2942675893422178,0.2808038680996806,0.2674003941121154,0.2541023666589947,0.2406458163318519,0.2276067499241956,0.2143489073216899,0.2013506189784498,0.1878881518589365,0.1748662612734596,0.1618272346805956,0.1487568699167444,0.1356245973814267,0.1226064998970183,0.1097597777601079,0.0969871253889263,0.0841702461595962,0.0712283281080398,0.0580394131398326,0.0449168761518918,0.0318989470453042,0.0190178850045957,0.0058809424900264,-0.007207760946042,-0.0203455110350581,-0.0331191208574499,-0.0461582538526881,-0.0591960204531971,-0.0719991238885452,-0.0851325016990212,-0.0979553886028321,-0.1109895876771967,-0.1237704512983765,-0.1370048564180829,-0.1501063501061108,-0.1632850258079793,-0.1762637547153578,-0.189263745254011,-0.2024855679175097,-0.2154759471914389,-0.2286555483473011,-0.2417402994032843,-0.2551890876273977,-0.2684033845857868,-0.2817372810797492,-0.2951100514889964,-0.3087573962188486,-0.3225393016204109,-0.3364040211685133,-0.3497971508474866,-0.3636413649052292,-0.3772257895763817,-0.3910088385420385,-0.4049993701812602,-0.4191474667228421,-0.4335256784114416,-0.4476538519802473,-0.4618027947052944,-0.4762240744921604,-0.490701944243495,-0.5054050392753152,-0.5202284732623023,-0.534902415479396,-0.5498026187964532,-0.5649426457682133,-0.5801621075255572,-0.5951920633472185,-0.6104010881314083,-0.6260376817450751,-0.64180268713279,-0.6577965828591099,-0.6742791701224505,-0.690513297586977,-0.707152728382125,-0.723725603323731,-0.7406845076170501,-0.7578319343003294,-0.7750544843507828,-0.7928834010977088,-0.8105416163372465,-0.8284709615729801,-0.8469576819832384,-0.8655808461704743,-0.8841417406154285,-0.9033751665675928,-0.92266473596979,-0.942516734140186,-0.9624189803485508,-0.9830117374238408,-1.003788291395927,-1.025436952920562,-1.04737617359176,-1.0703764837313865,-1.0940729947675865,-1.1179307794303524,-1.1420248060991072,-1.1674959644100136,-1.193407099570163,-1.220183507160708,-1.24782488971072,-1.2765558940977346,-1.3065188762128404,-1.3378070815527183,-1.370397506158158,-1.40391477719177,-1.4392169157550472,-1.4769081398501116,-1.516894418082845,-1.5584287539154875,-1.6025707790443653,-1.6508868819508395,-1.7037915939851584,-1.7621751704911175,-1.826695992639916,-1.900439404144353,-1.9857582364865884,-2.088849729696008,-2.2203480585545634,-2.4042461875370327,-2.7386456677486573,,,,,,,,,,,,,,,,,,,,,,,,,,,,,,,,,,,,,,,,,,,,,,,,,,,,,,,,
195,2.7455874254092203,2.408165585957348,2.223163974009177,2.0925514126584885,1.9898030194222327,1.9050387036411196,1.8337244374066883,1.7687555169128544,1.7121889548691855,1.6588377124400144,1.610683009483142,1.5650334897339104,1.5224245528126497,1.482461343822644,1.4450308653695456,1.4095671510151615,1.3760693190126885,1.3435561925475228,1.3127338524768632,1.2830738418672456,1.2540661542782383,1.2260632428356826,1.199443319563007,1.1734614727925148,1.1485398802643787,1.1241177072189767,1.1003266423254652,1.0770232015858068,1.0541130198303257,1.0319597578423247,1.0103505563240764,0.9892026114795092,0.9682920662393494,0.9481218633542466,0.9278927553568832,0.908461059423387,0.8889502649427817,0.8698995913225932,0.8508739050010429,0.8323289540399622,0.8143609704448872,0.7968104904126035,0.7794252834581932,0.7622255821773123,0.7448435490700889,0.7283114410041918,0.711524458028274,0.6950474647058458,0.6786857856157433,0.6624954468781165,0.6466939886663808,0.6309411155160649,0.6153541144173075,0.5998844785373757,0.584470354828083,0.5691301745266298,0.5539709337953125,0.5392165079012569,0.5243462491853906,0.5095528258109788,0.4947430209502916,0.4802743320378106,0.4657901979456559,0.4515458306598319,0.4372291519830534,0.423052828033206,0.4088401334041653,0.3951015223952596,0.3811088384432106,0.3672556251505637,0.3536939005936637,0.3399456964325391,0.3263118940236317,0.3128503816074914,0.299376603999812,0.2860021698552749,0.2727214204554283,0.2593970508330533,0.2459579596204816,0.2329752991922189,0.2198946683782468,0.206788920622653,0.1935997651957126,0.1803313441783313,0.1674355036768234,0.1545000157323791,0.1414697277448983,0.1284026533525962,0.1155694350039829,0.1028639074813067,0.0900978137207468,0.0772950297784454,0.0643329960061732,0.0513598388661898,0.0382910588854551,0.0253695900815507,0.0124447372369099,0.0,-0.0136402907561652,-0.0264971382716503,-0.0394792565889004,-0.0523609444312896,-0.0651534105278737,-0.0780781681659342,-0.0910238553613917,-0.10394339203209,-0.1167051940021452,-0.1296341055294479,-0.1427552736684059,-0.1557127097941864,-0.168841437117545,-0.1818191438140155,-0.1947683181964929,-0.2078493686123597,-0.2209646590125993,-0.2339016664661192,-0.247061811470248,-0.2604021869655217,-0.2734179337436783,-0.286808451401175,-0.3003242499099283,-0.313825708780502,-0.3277162555524763,-0.3412781624767096,-0.3546940077637177,-0.3684233435131201,-0.3819911883032432,-0.395802330573069,-0.4098345313559322,-0.423856180654783,-0.4380967130640216,-0.4521847419678412,-0.4663118444081681,-0.4806902520575861,-0.4951473498939284,-0.5098067522147725,-0.5244476430976313,-0.5391832609450987,-0.5539864354573582,-0.5692009996399192,-0.5842206618614821,-0.5991979232108743,-0.6145365038445644,-0.6300933580913989,-0.6458750665167887,-0.6617705853553932,-0.678082965405124,-0.6943498071402011,-0.7109970318529605,-0.7274108244749193,-0.7443774550921477,-0.7616129866201243,-0.7787810388587625,-0.7964822442617371,-0.8141036517840811,-0.8321154924968223,-0.8505420599283352,-0.8688788068740639,-0.8874573188756298,-0.9066823540360276,-0.9258772723678876,-0.9456542336117432,-0.9655727881039988,-0.9861490934991398,-1.0070470745147109,-1.0284178244632909,-1.0506198072075947,-1.0733906870769538,-1.0969922709063442,-1.1207828416380967,-1.1450003099476576,-1.1704373797129988,-1.1963240551020993,-1.222953223536339,-1.2507120043192903,-1.2794370945560225,-1.309137433679205,-1.3406306269750945,-1.373037196728995,-1.4066329171705554,-1.441971622527063,-1.4794532292642522,-1.519388702353763,-1.560894508136561,-1.6052353126489456,-1.6533769168363022,-1.7062672724583183,-1.764489029117642,-1.8290410120471088,-1.9028991928998664,-1.988057669946992,-2.0908442603523545,-2.222510056694859,-2.4063268582933053,-2.740264626706273,,,,,,,,,,,,,,,,,,,,,,,,,,,,,,,,,,,,,,,,,,,,,,,,,,,,,,,
196,2.747064496215458,2.409550919175312,2.2247917939553243,2.094334762665357,1.9916668455706144,1.9070683315772592,1.8358951589700852,1.7711238937195932,1.714499115134772,1.6611773022727316,1.613046126296508,1.5674323939321693,1.524956012667417,1.4851559815164677,1.4476173260202625,1.4121900691257594,1.3787797288398749,1.346292262995696,1.3156617987991774,1.2858359346114845,1.2570082004209773,1.2290509277919663,1.2024568300753198,1.176506607075387,1.1516352494707982,1.1273325236525418,1.1033283805541951,1.0801975239814778,1.0573426198079774,1.0350895559024789,1.013585039044388,0.992469644857306,0.9717714351620392,0.9513710464502828,0.9314161114439656,0.9118870909025948,0.8925300562741215,0.8736989529545013,0.8545500457160586,0.8361350400906443,0.818125374597756,0.8006278815032659,0.7831647300611158,0.7660656270536055,0.7488828719072428,0.7321942751860359,0.7153698914570507,0.6990706317140756,0.6826913904472659,0.6666013416219766,0.6505769029824788,0.6350500702165124,0.6196920333411788,0.604122135753468,0.5886388826949629,0.5734381570334665,0.5583302994856647,0.5435787861098217,0.5287327231434829,0.5140154557368123,0.4995034802159565,0.484837031042765,0.4702613327013996,0.4560948624978273,0.441864731117452,0.4277809189559917,0.4135742236377575,0.3998086508485478,0.386040995587824,0.3721157808345368,0.3585567021749861,0.3450047084196725,0.3313246956253188,0.317900541073445,0.3045633241808084,0.2911990979619331,0.277819075572546,0.2647030433630155,0.2514610334526431,0.2382791335903644,0.2251739194222123,0.212329121694292,0.1991024407343769,0.1859087165202582,0.1729348895479322,0.1600989019031177,0.147082611141941,0.1341733650188926,0.1212523722448439,0.1086474158839253,0.0959105438626181,0.0831125541745555,0.070531013876824,0.0573936144345642,0.0444829379374759,0.0316233089912857,0.0187682480793125,0.0056492614527659,-0.0071707901086442,-0.0201040052189895,-0.032873622433953,-0.0457055169023331,-0.0585144954648497,-0.071302850193541,-0.0841558980922538,-0.0971491315015789,-0.1098579587457875,-0.1226095296596143,-0.135590830075405,-0.1484834071551275,-0.1615790690473321,-0.1745724687384419,-0.1875200435386081,-0.2003547579092643,-0.2133527942399706,-0.2264287467055064,-0.2392748676688947,-0.2525141861079058,-0.2656974370241981,-0.2786485221796092,-0.2921646766123148,-0.3055826674974788,-0.3191187485387979,-0.3328316116284178,-0.346197997386528,-0.359779314368163,-0.3733962330517087,-0.3868930408710998,-0.4007276910906712,-0.4146783015333228,-0.4286347496526723,-0.4428979208341145,-0.4569066934431049,-0.4709399198497736,-0.4853332497175887,-0.4997730491451635,-0.514216223018475,-0.528942103828172,-0.5435052209075608,-0.5584198207634052,-0.5735833270135645,-0.5884802614670441,-0.6035069540000718,-0.6188254044254135,-0.6342499044053446,-0.6499732887502625,-0.6659464397228808,-0.682311830309588,-0.6985515661125914,-0.7149947059670839,-0.7314271929042285,-0.7483000260920101,-0.7654949232245382,-0.78272553729269,-0.8003278436803606,-0.8177917683034788,-0.835883802066854,-0.8541166107213092,-0.8725740391319623,-0.8911923704304392,-0.9101802612644652,-0.929378849828115,-0.9489704406269108,-0.9690393864765058,-0.9895760995161916,-1.010475033417897,-1.0317209197050314,-1.0539995173198125,-1.0768098285558545,-1.1001620412485067,-1.1241786421755462,-1.148157358473192,-1.1736112937092038,-1.199508438943392,-1.226122723039168,-1.2539063610471337,-1.2825209818766587,-1.3121381396335663,-1.3436654752980437,-1.375875908689629,-1.4092907251714577,-1.4445531877035944,-1.481877655247771,-1.521979392961862,-1.5632731863263587,-1.6076808527843771,-1.6558166582664424,-1.708647179335207,-1.7668099687285266,-1.831547336186899,-1.9051976706081024,-1.99037132916432,-2.0930525575457057,-2.224286152030334,-2.4085418170966792,-2.741869784748898,,,,,,,,,,,,,,,,,,,,,,,,,,,,,,,,,,,,,,,,,,,,,,,,,,,,,,
197,2.7487613645354543,2.411775813374029,2.22628579687736,2.0964661050231483,1.993988429610687,1.909136532318623,1.8380204179621775,1.7734754814887304,1.716896404045961,1.6636079691009185,1.615652533803161,1.5701483070771352,1.5276608149180235,1.4881397521733302,1.450278273453343,1.4149741468185193,1.381668514054137,1.3493579779103038,1.3185555562504792,1.2887588367248406,1.260214685767877,1.232162588545158,1.205656869307314,1.179804448505624,1.154866479460945,1.1305631682021349,1.1067107505757088,1.083504849260612,1.060791388379009,1.0385139780194057,1.0169677565520985,0.9960157926816952,0.9753931947422992,0.9549686995359306,0.935092817913384,0.9154770292392758,0.8963891586598729,0.8773691000231716,0.8585391665751293,0.8400545058119087,0.82197694147436,0.8044098834495645,0.7870459529155097,0.7698979159510005,0.7528962947773488,0.7362576424349953,0.7194733931379946,0.7031474761499467,0.686691051469932,0.6707469813514751,0.6546903886858346,0.6392577093347791,0.624095389138507,0.6085373551172326,0.59318481691613,0.5778845281885577,0.5627613606648699,0.5480324765048378,0.5331969159356574,0.5185793944419765,0.5041012524709783,0.489521480700296,0.4751895929273225,0.4607374093898952,0.4466860315787431,0.4326390648841116,0.4185810027969947,0.4046100190167391,0.3910261871765461,0.3771438903198943,0.3635524541542779,0.350060417104287,0.336462898467841,0.3231229524198631,0.3097242559904195,0.2964231732883831,0.2832042563776442,0.2698961514293649,0.2569487892525364,0.2437279154513193,0.2306173091292888,0.2177123322434163,0.2047810905073155,0.1915807187018209,0.1786204733944104,0.1656901690209805,0.1528311538579592,0.1400077486794871,0.127124473666207,0.1145768366880357,0.1019138573828674,0.0890804489483242,0.0765360216136797,0.0637293425172357,0.0508048214705868,0.0379037072159515,0.0252565543033948,0.0122699629140727,0.0,-0.0134835360047271,-0.0262412677642164,-0.0389193645909385,-0.0517970508395105,-0.0644452342286165,-0.0772021747900551,-0.0900648647653171,-0.1029319956292951,-0.1156536107982068,-0.1283128092289423,-0.1412688435637939,-0.1541079555359439,-0.1670977932128481,-0.180127027810786,-0.1928391130063517,-0.2057474451203886,-0.2186792515193511,-0.231623663461099,-0.2446352694061585,-0.2576816272898595,-0.2707778713664423,-0.2837981484885627,-0.2971742815169519,-0.3105622646473944,-0.324097403220408,-0.3377421764360834,-0.3510229912359675,-0.3645335004639373,-0.3780235570034896,-0.3915434624100848,-0.4052920751763477,-0.4192903518255161,-0.4333170129172908,-0.4473637898149818,-0.4612901735858727,-0.4754063051657997,-0.4898397143140808,-0.5041551732400281,-0.518537446641704,-0.5332114716580835,-0.5476845041705929,-0.5625673838782652,-0.577593716906408,-0.592548914206639,-0.6076049033497104,-0.6227839455684492,-0.6381256246972029,-0.6538705634594635,-0.6699313876895788,-0.6859870326704128,-0.7023126570783825,-0.718646504028323,-0.7350792332021506,-0.7519322235579543,-0.7690633145201647,-0.7863452075182262,-0.8037115822966598,-0.8212778516792066,-0.839261969712142,-0.8575858300573053,-0.8758956167787288,-0.8945160104970488,-0.9134180932030506,-0.9326786781657848,-0.9522171507057025,-0.972284298739046,-0.9928068572557216,-1.013504420158361,-1.0346672380371476,-1.057172984655987,-1.07988326937076,-1.1034109733485826,-1.1271031836838934,-1.1512749074539326,-1.1766057137771726,-1.202325091540827,-1.2290547232275415,-1.256614140112502,-1.2853033293620342,-1.3151164225297924,-1.3463803197088298,-1.3784356205533057,-1.4120152617226234,-1.4471572440604428,-1.484594238496943,-1.5245560215107608,-1.5657533686302056,-1.6101902793442076,-1.6583083026666934,-1.7110569528255175,-1.7690961016684672,-1.834062826207082,-1.9075282131383613,-1.99270619212753,-2.095221634969717,-2.226453349815278,-2.410806923422761,-2.744108849038024,,,,,,,,,,,,,,,,,,,,,,,,,,,,,,,,,,,,,,,,,,,,,,,,,,,,,
198,2.7500199017372355,2.414274982005834,2.2283742034613296,2.098660911000497,1.996272276600704,1.911074140602188,1.840318792899853,1.7759895878361291,1.7195063991012458,1.6661115799312445,1.6181812046510429,1.5726932756974028,1.530317016723939,1.4908291468140695,1.4530424182212858,1.4176562499120695,1.384273701644776,1.3521782574049208,1.3214247791599023,1.291473502669758,1.2629945616757203,1.23512189669766,1.2085521927968683,1.1828689997656352,1.1579005478844937,1.1334602013101849,1.1098335751863837,1.086536116882112,1.06383357448518,1.0416148558744056,1.020050672192131,0.9994234348544544,0.9787302483920722,0.9583510589148878,0.9385396681682588,0.9188798593148908,0.8998997948744533,0.8808728777987377,0.8621014556575166,0.843701998930299,0.8256322004731658,0.8081366197436398,0.790647149478478,0.7736425979103954,0.756629052371802,0.7401160504512836,0.7233080733672845,0.707174938060545,0.6906871165538048,0.6747937029586013,0.6586438959580627,0.6432699661595054,0.6280966387524959,0.6127228458874211,0.597331130482945,0.5823003589761938,0.5671029082203423,0.5522306036454017,0.5376015428254601,0.5229587805064981,0.508442823204625,0.49400171200555,0.4796441637655232,0.4653618733586264,0.4511268812442386,0.4372643761834051,0.4233276416747123,0.4093130069525744,0.395661101355843,0.3820353175130378,0.3684018853677335,0.3548788791545115,0.3413350645020355,0.3280497647660592,0.3146694573762392,0.301325162346236,0.2882815641680949,0.275069776126533,0.2620004554112485,0.2489461601486751,0.2358294765164627,0.2228975969985207,0.2100641335272789,0.1969952331325691,0.1841865761076927,0.1711993322847197,0.1583971124349277,0.1456394470269078,0.1328862176943057,0.1201993808641491,0.1076723069439054,0.0949552526193037,0.0823016801821251,0.0696296085474955,0.0567620876081889,0.0440615702077632,0.0312974048478536,0.0186374583487804,0.0057162739698473,-0.0071380831535422,-0.0198853516898036,-0.0325687229660586,-0.0452789977094097,-0.057876236214152,-0.0705837160756571,-0.0833839354922086,-0.0960992026206488,-0.1089077772143221,-0.1215487733138436,-0.1342750184879949,-0.1470549652136689,-0.1599517103341177,-0.1728472684157947,-0.1856186556090023,-0.1983854649760308,-0.2111908018107334,-0.2241840240740549,-0.2370001672045656,-0.2499634462986688,-0.2630514133859706,-0.2759770170470221,-0.2890629106863764,-0.3023766277498002,-0.3157206962306085,-0.3292880965497609,-0.3426082351075719,-0.3559349463967763,-0.3694290353552569,-0.3828936276402376,-0.3964199434719971,-0.4101722963797758,-0.4242275145711826,-0.4380629257189901,-0.451990924467967,-0.4659511688895109,-0.4800919542588736,-0.4945004860056899,-0.5086750183209234,-0.5231109847113014,-0.5376755168608364,-0.5521015397290432,-0.5668736354683364,-0.5818561361775754,-0.596807142542549,-0.6118064470449542,-0.6269343119766889,-0.6423383936895923,-0.6582281092308307,-0.6740750274245532,-0.6901436749942834,-0.7063963645130751,-0.722733377897791,-0.7388914349014197,-0.7558630526606482,-0.7730243234367661,-0.7901452099096483,-0.8074704944156368,-0.8249679065613739,-0.8430323892628377,-0.8612111552770879,-0.8795331838395923,-0.8981715354242681,-0.9168908195607006,-0.9360463786502208,-0.9556224621057152,-0.9757638883597284,-0.9961606898201302,-1.0168246872133022,-1.038056835642074,-1.060522633836236,-1.0833822549983514,-1.1067330655864542,-1.1304011289130618,-1.1545367860131124,-1.1797408534927982,-1.2052862316257769,-1.231853881354082,-1.259383826550349,-1.2881308707379229,-1.3179525956590443,-1.3491358804747478,-1.3813496652659767,-1.414769189766939,-1.4497343271091474,-1.4873598806919792,-1.527104223192409,-1.5681808561931343,-1.6125279058285409,-1.66060155355329,-1.713262473003786,-1.7712728248956655,-1.8362317898490716,-1.9096672298196435,-1.9947735991967384,-2.09722045116738,-2.228331399304315,-2.41299317838481,-2.7462724499705837,,,,,,,,,,,,,,,,,,,,,,,,,,,,,,,,,,,,,,,,,,,,,,,,,,,,
199,2.751527823380755,2.4162428166829484,2.230589911332568,2.100731159815476,1.998326792483216,1.913192290307654,1.8425549076386332,1.7784712077959888,1.721870538055314,1.6684454052188733,1.620718211971894,1.5752786855758765,1.5329671886451288,1.493617332501002,1.4558179283284292,1.4205415789563736,1.3871116831854318,1.3551370353441303,1.3243836544063092,1.2944977750693458,1.266043125651391,1.2382318200933102,1.2118248895016797,1.1859234576248647,1.161196916423237,1.1366488352865305,1.1129859452223276,1.0897118490944644,1.067193047108277,1.0449673714879328,1.0234576661249586,1.0026482000131145,0.9821954391769012,0.9619189382426871,0.9419454327020724,0.922484659317768,0.9033621652152332,0.8845545743600478,0.8657715705170169,0.8475102188472247,0.829439047709138,0.811883145197149,0.7943755043204372,0.7773469785354581,0.760540307929433,0.7440215736730894,0.72735199262806,0.7111094738803311,0.6948200803681268,0.6789188620004838,0.6628920210732568,0.6474263891160265,0.6322359294632864,0.6169138332484314,0.6014774436626888,0.5865941066160891,0.5715754932125082,0.5565423808984011,0.5419233528687507,0.5275928758370289,0.5129589091553879,0.4986108010744676,0.4842892112105153,0.4699936382115121,0.4559109868886192,0.4418526272607689,0.4281135562450899,0.4143217969235704,0.400507399199133,0.3869003725132606,0.3732143551660093,0.3599169179352576,0.346435784479092,0.3330861629038962,0.3197734853162637,0.3065439328097218,0.2934036570333618,0.2802921294949704,0.2671417186073809,0.2541964959575652,0.2413069679503297,0.2282746541603005,0.2154604560299386,0.2026192233114406,0.1898065984728255,0.1769653568800193,0.1640552156963908,0.151289490247274,0.1386317033504612,0.1259594963061652,0.1135414167977751,0.1008507610656631,0.0883781321074412,0.0756205589789046,0.0629552287315171,0.050393967382793,0.0377401036497294,0.024910020501449,0.0121576165097498,0.0,-0.0132577735291761,-0.0259540179691633,-0.0384781522845878,-0.0510554739353449,-0.0637276163202119,-0.076330664116004,-0.0891853243637997,-0.1018497850328025,-0.1145241600541424,-0.1271297256523243,-0.1397777052258917,-0.1525099540459949,-0.1654317917699753,-0.1780861911944559,-0.1909563082632377,-0.203559695062561,-0.2164692023796666,-0.2292175918813027,-0.2419932672247187,-0.2549269635422133,-0.26802081791878,-0.2809692377261218,-0.2940700977688403,-0.3073343531849962,-0.3207239620904056,-0.334186807969354,-0.3473200622954057,-0.3607277055939034,-0.3741422465621997,-0.3876560169637681,-0.4011631630563558,-0.4147942883317877,-0.4287540591282173,-0.4424846002804357,-0.4565142723550795,-0.470359338998853,-0.4845439373316341,-0.4987595251499216,-0.512944127285439,-0.5273727104569178,-0.5417409150851277,-0.5563631329291867,-0.5711067981426143,-0.5859891290881102,-0.6008203098001524,-0.6157239444668412,-0.6309741636694993,-0.6464079173339063,-0.6621770731182127,-0.6779874567998823,-0.6940825337338034,-0.7102983508618324,-0.7264865836783548,-0.7427461312158553,-0.7595608598999526,-0.7768508108413941,-0.7938244153557856,-0.8110951646892608,-0.828613037592128,-0.8465316213850027,-0.8647270521884042,-0.882891809961093,-0.9015209482611192,-0.92025506822832,-0.9393667673521736,-0.959122261215315,-0.97908968412846,-0.9993709590471996,-1.0199160619094445,-1.0413020488815214,-1.0637057444010436,-1.0866605010008508,-1.1098464555682852,-1.1334980666764067,-1.157532225712022,-1.1826835488696763,-1.208131517766999,-1.2348125960947658,-1.2624624716844033,-1.2909405208245104,-1.320481127572207,-1.351951345884795,-1.3840785124987531,-1.4175241966512735,-1.452334878786659,-1.4901079041272525,-1.52962116662452,-1.5708098680013347,-1.6148283081323571,-1.6631214313628575,-1.715678978837673,-1.7735454341615693,-1.8387492113677029,-1.911966916991104,-1.996923915442391,-2.099224829249574,-2.230129854562756,-2.414562628781084,-2.7480331932976667,,,,,,,,,,,,,,,,,,,,,,,,,,,,,,,,,,,,,,,,,,,,,,,,,,,
200,2.753616753965641,2.417797854175295,2.232515909558612,2.102890211172713,2.000611035336876,1.9154683976241345,1.8446009545152395,1.7806787668255517,1.7241892532853618,1.670777570746389,1.6231781648398382,1.5778346335072055,1.535470928974075,1.4962067473826934,1.4586505032892056,1.4232647861863903,1.3899431628545562,1.358018548180859,1.3272301109232123,1.2974410325314911,1.268830609236668,1.2411283302707323,1.2147615733297048,1.1890209740463482,1.1641377799502723,1.1397493236824214,1.1161391401555476,1.0927597887791756,1.070503003941942,1.0482307677871714,1.0267601525262158,1.0059787367024802,0.9854777861001196,0.965206337904536,0.9453647737487034,0.9259262304790212,0.906961669648031,0.8880526352409152,0.8693720770088039,0.8510910023822104,0.8330849347045394,0.8155187056168143,0.7980476801736301,0.7810212030703486,0.7642009595927428,0.7477918043971825,0.731254884080052,0.7150108966038199,0.6987219386283106,0.6827897335902492,0.666905208517386,0.6513347794003637,0.6361895389372945,0.6210110543114402,0.6057058895620752,0.590841531127335,0.5759941318522476,0.5608932082384872,0.5462331326630966,0.5319440697061842,0.5173415705913093,0.5028872750466122,0.4887685353923213,0.4745139135161798,0.4604060180602449,0.4464394229365035,0.4327760345328923,0.4190264177166929,0.4052330338435455,0.3917271383842801,0.3780371226695167,0.3647083948390744,0.3512846295914312,0.3380540977462005,0.3247593285547958,0.3115252679381997,0.2984477153569908,0.2853626157092627,0.2722521648488767,0.2592751003104386,0.2464946165543895,0.2335895023326531,0.2207771624681559,0.2080532978303385,0.1953207848942873,0.1825967164245436,0.169617710336636,0.156860620747469,0.1442760943938671,0.1316440608914218,0.1191160239726327,0.1067140510843517,0.0941438966249363,0.0816068556867219,0.0689371174267773,0.0563625110274937,0.0438459234277588,0.0311114609788953,0.0184176073683364,0.005750161056422,-0.0069090641877559,-0.0194090348778697,-0.0320336354028962,-0.0444282806987837,-0.0570711269663343,-0.0697325524722175,-0.0823284148489812,-0.095039425862802,-0.1075832903413903,-0.1201267837402352,-0.1327877195907567,-0.1454044740634457,-0.158181543045452,-0.1708565447124623,-0.1835230987393772,-0.1963248892832594,-0.2089601340711651,-0.221649871461604,-0.2344462644570305,-0.2471936254235645,-0.2600657380942168,-0.273020253424132,-0.2860471698095079,-0.2990847737139852,-0.3122979345495953,-0.325665015687174,-0.3390008270974363,-0.35225841734309,-0.3654779857499722,-0.3789219954962511,-0.3922875472319158,-0.4057985674158722,-0.4193773411382986,-0.4333809767192193,-0.4470327081754883,-0.4609775984500502,-0.4748523450139597,-0.4890320232859454,-0.503063047995842,-0.5171598390277815,-0.531462830938738,-0.546004883564197,-0.5605132263016204,-0.5752807728153031,-0.5900522612645233,-0.6047157752935612,-0.6196245802795065,-0.6350060376809264,-0.6504065777665646,-0.6661407725696323,-0.6819625727715276,-0.6979281424708584,-0.7140546919277907,-0.7301385940333758,-0.7464323229339022,-0.7633799304937962,-0.7804552247821953,-0.7974077685875205,-0.8148409147115253,-0.8320937813495075,-0.8500247443737499,-0.8681829205429049,-0.8863481671378611,-0.9050146179395868,-0.9234677368749744,-0.9426843976880406,-0.962359604561981,-0.9823304040927552,-1.002684026127863,-1.0231462178309587,-1.044580171430264,-1.0668177371055103,-1.089813165955578,-1.1127233035991102,-1.1364246496832788,-1.160350287737226,-1.1855383738488534,-1.211114443383429,-1.2375974811632349,-1.2653213963879004,-1.2937140317809157,-1.323449523416863,-1.3546802787172263,-1.3867835245331503,-1.4200950419790013,-1.4549876117145644,-1.4925254804421042,-1.532048443902882,-1.5732214562172453,-1.6172473514822636,-1.665362594083601,-1.718113165771492,-1.775811979071329,-1.8409984478435253,-1.9141057960061063,-1.998752510745247,-2.1011562303327627,-2.231970390891584,-2.4166725783253,-2.7498479574606134,,,,,,,,,,,,,,,,,,,,,,,,,,,,,,,,,,,,,,,,,,,,,,,,,,
201,2.755360348424913,2.4193591260326843,2.234236805936431,2.1044552424939558,2.0023813568551203,1.9175293943773144,1.846624107523444,1.782859582978153,1.7263859405408088,1.6733445040349595,1.6256248821633184,1.5805122461727863,1.5380818190458885,1.4988080002470434,1.461461121056379,1.425917720757519,1.3926919416947825,1.3608264016564158,1.329969646575227,1.300225609997908,1.271810366859207,1.243931388495464,1.2176138752181838,1.1917962195664318,1.1670231780143527,1.1428185716354065,1.119147307379362,1.0958203902806154,1.0734367430532106,1.0515338667770104,1.0299537236138534,1.00916497103518,0.9887143415321132,0.9684178919567404,0.9487030394327648,0.9293074239664538,0.9102290128109566,0.8915741906189724,0.872922334531846,0.8546042737529529,0.8367653054129278,0.8191027624271806,0.8017099295663631,0.7845402730550975,0.7678365830646975,0.7514560821749565,0.7350443931136813,0.7187419597967695,0.70246353954916,0.6866282923753171,0.6707160540470494,0.6552456342729612,0.6401731329017669,0.6249011660270266,0.6097944318261845,0.5948240294959479,0.5800616397641435,0.5650422284402528,0.550498603025446,0.5362300464059527,0.5215812157102451,0.5072660247828905,0.4930861450821111,0.4789182443940993,0.4648300899853168,0.450957369395178,0.4373582805129071,0.4237155992482315,0.4099138778602334,0.3965187667788779,0.3827600940599301,0.3693703257177124,0.3561590889639355,0.3428522185195859,0.3295570787506248,0.3164522934126617,0.3034133496336401,0.2902840652667441,0.2772757309490097,0.2644149267127555,0.2515821437766815,0.2388590627839575,0.2260171276620412,0.2132694510154384,0.2007300249901812,0.1879447341443574,0.1751920236736937,0.1623319071604884,0.1497370448598283,0.13728840355591,0.1246854120773745,0.112453420234805,0.0998547465529162,0.0874022537087263,0.0748474907016516,0.0623705401865701,0.0498458940873291,0.0372659323201083,0.0246436602664809,0.0121159052493963,0.0,-0.0130577774214166,-0.0255403038965545,-0.0379658586745206,-0.0504368517060824,-0.0631194729534346,-0.0756681633137659,-0.0882315307060435,-0.1008410266447854,-0.1133447635253912,-0.1257633083146191,-0.138359418270944,-0.1509944586253319,-0.1636654634029698,-0.17633592293978,-0.1889150042489722,-0.2016772370332672,-0.2141973180099954,-0.226808577425275,-0.2397056746780013,-0.2524312065655836,-0.2652231273770079,-0.2781363914719024,-0.2911538500111755,-0.3040936448339966,-0.3174318696527004,-0.3307749624626744,-0.3438539687084709,-0.3571677220429613,-0.3703481796661712,-0.3837733376213933,-0.397053079489107,-0.4105236814142862,-0.4240529740084721,-0.4379444454525389,-0.4516141551100256,-0.465492700159513,-0.4794037736328138,-0.4933846691973984,-0.5073735257662174,-0.5216638539522497,-0.5358417575264092,-0.5503119502549133,-0.5646484033887141,-0.5794382699712354,-0.5940684531051053,-0.6087785239712462,-0.6236769230153668,-0.6390532178633547,-0.654398874533838,-0.6701379215284364,-0.6858419061217639,-0.7019126396867819,-0.7180042945801688,-0.7338722112674096,-0.7502870934765299,-0.7671589595431832,-0.7840764083284107,-0.8010356000709761,-0.8183604675086731,-0.8356527384731915,-0.8535603154202547,-0.8716541964762726,-0.8898647429805696,-0.9083247813972712,-0.9268796630935386,-0.9458999944730716,-0.9655967322771412,-0.9856246648648692,-1.0059767779214817,-1.0264255812628569,-1.04795141235529,-1.070099621016919,-1.0929394569945594,-1.115792285876705,-1.1394114085188665,-1.1634171203487722,-1.1883561420574438,-1.2140008110790803,-1.2404482009975013,-1.2682201740036705,-1.2964397025672116,-1.3262062804567685,-1.3572421679803506,-1.3896039769435435,-1.4227160382014217,-1.4575617540647885,-1.4951742466288689,-1.5346011566033642,-1.5759470427189484,-1.6194437734972214,-1.6677024485571357,-1.7202248410117638,-1.7782815332615356,-1.843202292717001,-1.9163193988735772,-2.000732116649556,-2.103222051593363,-2.2339013286403917,-2.418446359050934,-2.7513296922591866,,,,,,,,,,,,,,,,,,,,,,,,,,,,,,,,,,,,,,,,,,,,,,,,,
202,2.7570377138311057,2.421181636815574,2.23609253715923,2.1067315113898903,2.0043904962396017,1.9198737910432688,1.8488359388056204,1.7851260905951687,1.7288622220361838,1.675771904965377,1.6281827987196829,1.583070977620138,1.5406782448866827,1.5013412314662562,1.4641956815672177,1.4286540082432129,1.3954409034751507,1.363609347581825,1.332872482251095,1.3031417773939429,1.2747320835588185,1.2469227994384036,1.2207178163352943,1.1950311595472147,1.170016589190955,1.1461345302390782,1.1223472323551955,1.0989069487704994,1.076768575519331,1.0549007776514596,1.0332288086435353,1.012581897345193,0.9921151669898882,0.9719362330559088,0.9522229660727048,0.9327605380516248,0.9137798051110158,0.8952419731004136,0.8766118277808449,0.8582712085264167,0.8404380358685388,0.8227636611791808,0.8052681147979133,0.7884499176394666,0.7715757248086985,0.7552677430061574,0.7389764991916258,0.7226966967115093,0.706355215909477,0.6906401484179362,0.674809227448789,0.6592194694959443,0.6440734295583539,0.62890938538513,0.6139196578884476,0.5989451873437103,0.5843237709711482,0.5693261504008785,0.5547783479449916,0.5405021831593884,0.5260351714121244,0.5117145514058602,0.4974539786131841,0.4834371026219133,0.4693442213567289,0.4554157156465672,0.4418772438857217,0.428453198216492,0.4145992203083611,0.4011428676330487,0.3876364940914943,0.3741571999339743,0.3610507972166158,0.347753926706859,0.3345152142227922,0.3212775342598332,0.3083920775667056,0.295346668272567,0.2824540374311456,0.2695824626170619,0.2567656896491961,0.2440599977139246,0.231436619359151,0.2186463867821718,0.2060408805385404,0.1933863538574446,0.180755366886384,0.1679881132272973,0.155336968105773,0.1428570233612547,0.1303640960124373,0.1179743081125056,0.1057131134256691,0.0932370352703939,0.0808093239473752,0.0683400663249974,0.0558897687861246,0.0434708908758331,0.0307840392937024,0.0183393874785277,0.0058409042824164,-0.0066881839750413,-0.0191803529047215,-0.0315334905979878,-0.0440139291090214,-0.0565482060040589,-0.0688776999311926,-0.0814641836435006,-0.0940356740401329,-0.1065294312860948,-0.1188568599691537,-0.1313751888941984,-0.1439020984691447,-0.1564062577328806,-0.1690337019267633,-0.1817245371222997,-0.1942505875847062,-0.2068342486850949,-0.2193753022821896,-0.2319822045221016,-0.2448428171001786,-0.257428204744465,-0.2702248521269088,-0.2831673493916493,-0.2959607546329972,-0.308971233696437,-0.3223443704709679,-0.3355088677370281,-0.3484558107504397,-0.3618558183730445,-0.3749360819051829,-0.3883548071797542,-0.4016144046927161,-0.414957359417455,-0.4285699377965472,-0.4423873200988967,-0.4559795989733502,-0.4698434498009243,-0.4838028131163259,-0.4976077107549885,-0.5115954330395404,-0.5258063317978172,-0.5400371338309343,-0.5542587470354828,-0.5688196416615322,-0.5833880529167316,-0.5980198159256757,-0.6125686773919431,-0.6276643821381934,-0.6428051723501111,-0.6583582915872187,-0.6739398170346461,-0.6897145855412216,-0.7057710644513805,-0.7217309552265793,-0.7376101919218907,-0.7540456304802613,-0.7709059877725074,-0.7877481680800634,-0.8047381900058542,-0.8219286740921458,-0.839179124972757,-0.8570877897929807,-0.8751415668019301,-0.8933817848835092,-0.9116484189748224,-0.9302179115460169,-0.949260734989124,-0.9689005626652774,-0.9888685280778052,-1.009114290123818,-1.0298007173448862,-1.0511980716489506,-1.0731894548803151,-1.0962429540623402,-1.1188928936561806,-1.1424749653408837,-1.1665794153993252,-1.191410227669662,-1.2170642565584395,-1.243403477041563,-1.271123363040309,-1.299367864898268,-1.3289492793163336,-1.3599313248959484,-1.3922831605227763,-1.4253362267256149,-1.4602673253957517,-1.4977610839209514,-1.5369302607255348,-1.5782364088673313,-1.6218076188580657,-1.669991902757506,-1.7223590473812318,-1.7804130229401025,-1.845354210981828,-1.9182320124698369,-2.0027730075729595,-2.105377037429886,-2.2359449818967683,-2.42071657277928,-2.752769579056037,,,,,,,,,,,,,,,,,,,,,,,,,,,,,,,,,,,,,,,,,,,,,,,,
203,2.7591661331341983,2.4230377720243577,2.238215022702491,2.108724103741398,2.006237367417888,1.921920574136765,1.8509464619395868,1.7874449791948177,1.7314616351824546,1.6782816240271805,1.6306428930746677,1.585748451722359,1.5432693264552122,1.5040362335636015,1.4669910122738707,1.4313361690502264,1.3983294657859169,1.36636035157568,1.335722989785033,1.3059975903654668,1.2776992019630995,1.2498873930993684,1.223773925031843,1.198175004325938,1.173094474430172,1.1492045349877935,1.1253939080124995,1.1023634573548486,1.0800758835231288,1.058215206808348,1.0365910570746466,1.0158822921933404,0.9954422601742436,0.975315827291132,0.9555380671684384,0.9361529615159024,0.9171890861995962,0.8985101190851579,0.8801700392958585,0.8617958702925982,0.8438986810539287,0.8263186497519224,0.8090583033309942,0.7920057038551431,0.7751717977345788,0.7589176204625504,0.7427452732525615,0.7265937224114045,0.710211605446853,0.6945114301446808,0.6788192016939044,0.6631346922339999,0.6478999194325085,0.6329193756580952,0.6179619203591269,0.6030696378836842,0.5884796954177961,0.5735668538849268,0.5590731240254169,0.5446833340386933,0.530363444407871,0.5160921507296367,0.5018150727712366,0.4876995853765852,0.4737349036764577,0.4598048096868457,0.4463135943894001,0.4329096209972991,0.4192740942674739,0.405757475690673,0.3924011486668046,0.3789094287387122,0.365759787600699,0.35258621241084,0.339344309821988,0.3261830307563463,0.3134150696969347,0.300301056165919,0.2875189519408586,0.2745791653085321,0.2618701575054667,0.2490725279453743,0.2365821572582823,0.2239146185805668,0.211352703796867,0.1987012120500778,0.186073994348888,0.1734536027153197,0.1607322251441478,0.1483288075276525,0.1358121606930214,0.1235841712784536,0.1111870327360061,0.0989562150444362,0.0864688295165858,0.0741616697633338,0.0617385021164499,0.0495447039695275,0.0369386812822138,0.0243885706730195,0.011980767889107,0.0,-0.0129302689608682,-0.0252776922655717,-0.0375471233956831,-0.0499313802673835,-0.0624910955213366,-0.0748942283461129,-0.0873677346340154,-0.0997975660301665,-0.1122109740353527,-0.1245584493840018,-0.1369411960320389,-0.1493654647474955,-0.1619586828467553,-0.1743965993847634,-0.187144653459528,-0.1996675195235905,-0.2120847892915581,-0.2244895465014968,-0.2371826223415546,-0.249939072330621,-0.2625015021023588,-0.2752821385914505,-0.2882308120442132,-0.300929191909195,-0.3139773555050562,-0.3270903155220184,-0.3402218904269181,-0.3533367463944033,-0.3665204801090631,-0.3796636802511976,-0.3930013238369872,-0.4062414887032815,-0.4195659351144138,-0.4331526756881368,-0.4468434504652117,-0.4603858276737463,-0.4742326977972186,-0.4881514202694211,-0.5019046428793479,-0.5158368659175225,-0.5299878340109972,-0.5442199808316087,-0.5583534006752862,-0.572993413489527,-0.5874312956999329,-0.6020149737277317,-0.6166728035379057,-0.6317597636468127,-0.646834914105377,-0.662299048047488,-0.6779292514459101,-0.6936720164710982,-0.7096475294039494,-0.7255865127676139,-0.7413353412963947,-0.7577222824394143,-0.7745896126093852,-0.7913538477674261,-0.8083037996394374,-0.8253260263232838,-0.8426979848067896,-0.860546340112297,-0.8785609469108625,-0.8967457933661334,-0.915048527334086,-0.933506364610934,-0.9524998240659462,-0.972145540821768,-0.9920705155541872,-1.0123277575128315,-1.0328348664259244,-1.0543852365665116,-1.0763461002995764,-1.099459617842829,-1.1218512877289228,-1.1453842886390295,-1.1696392503269668,-1.1941527783994847,-1.2198045596727336,-1.246344709900501,-1.2740444361865106,-1.3023236812214247,-1.3315780286833667,-1.3627618826333,-1.3950375090212157,-1.4279310377934622,-1.4628444564742589,-1.5004435199200878,-1.539555624409742,-1.5806020336321698,-1.6241460503408596,-1.672303648600051,-1.7245406479728285,-1.7826790047856018,-1.8473014976693416,-1.9204576972683924,-2.0048044456938023,-2.1072675902119817,-2.237527576200484,-2.4224001011190777,-2.7543565140900594,,,,,,,,,,,,,,,,,,,,,,,,,,,,,,,,,,,,,,,,,,,,,,,
204,2.761294578915373,2.4249286059073083,2.2399845500630096,2.110848287504304,2.0083165954318365,1.9239228417904648,1.8528605414099133,1.789557678081256,1.7335341400824054,1.6805960057774614,1.633027624548418,1.5881127840890077,1.5457426943077184,1.5065622532586769,1.469599858259464,1.4338388020513932,1.400885487747932,1.3691755668980732,1.3384151210775783,1.3086411963453528,1.2806023977575849,1.252819883466005,1.2266821448552658,1.2009108787987486,1.1760869843543842,1.1521895965488511,1.1285323998598495,1.1054507505162434,1.083209124558487,1.0613731364681454,1.0397730796268223,1.019071173317875,0.9985890749918312,0.9785953037351997,0.9588797189876598,0.939503055135551,0.920632841271876,0.9020804915229202,0.8837791289619825,0.8654948041754684,0.8474680321187703,0.8299172965398975,0.8127374720079177,0.7957546105184993,0.7789859117144261,0.7625951612960913,0.7464439168716355,0.7304313345675508,0.7141804946382772,0.6983023366734736,0.6827824541156662,0.667219151360106,0.6519433866608865,0.6368667327630771,0.6220172207378322,0.6072056737486362,0.5926197354846543,0.5778848955416245,0.5632760732662212,0.5489086202934695,0.5346490701862237,0.5204200098563374,0.5062366019677209,0.4923676175225039,0.4781688898255806,0.4643865752781055,0.4507509333991369,0.4374458719795568,0.4240386136910329,0.410295109071623,0.397087378772235,0.3836982045395302,0.3703468193797341,0.3573998862925778,0.3441568983097774,0.3310532260022899,0.3181955909925034,0.3052929648165145,0.2924802379023651,0.2797516734089973,0.2668802108686234,0.2541945083824774,0.241742453993275,0.2291607084602226,0.2165652374165627,0.2040881797502403,0.1913972543210406,0.1789206564332008,0.1663540005813312,0.1537458229567843,0.141430089941228,0.1291152548341271,0.1168603459217196,0.1044749907050038,0.092272023061002,0.0800080109736229,0.067672340821796,0.0554222756498752,0.043068104942403,0.0305339482675788,0.0180581943287521,0.0058022683105373,-0.0065884666206178,-0.0189110888480819,-0.0311588425319533,-0.043310375671987,-0.0559066769002309,-0.0683313378214716,-0.0807074876624941,-0.0930996851657618,-0.1054558587939415,-0.1178469883096619,-0.1301248013956937,-0.1424244721276173,-0.154880303223681,-0.1672036642308688,-0.1797494752534306,-0.1924928264773439,-0.2049837224730077,-0.2171418600539673,-0.2296497255059869,-0.2422977276252913,-0.2549514280500888,-0.2675162397060615,-0.2803378416992316,-0.2930212946899935,-0.3057975243794782,-0.3188584625952951,-0.3318529122679513,-0.3449437712555525,-0.3580456698161353,-0.3711052586646979,-0.3842634842159637,-0.3974733143742265,-0.4106490837927171,-0.4240264924552829,-0.4375485428738571,-0.4512901631536331,-0.4648181713897331,-0.4784805142096686,-0.4924158695031952,-0.5060900789513934,-0.5200563563799536,-0.5341635008171224,-0.5482131350213789,-0.5624275621368754,-0.5770442741951359,-0.5913118394309835,-0.6058930605259873,-0.620675043683872,-0.6355799041106941,-0.6507614748028877,-0.6660392877674869,-0.6818167464651487,-0.6975230294157099,-0.7133273363129589,-0.7292499448199096,-0.7449932149622186,-0.7614595748909676,-0.7782924194490918,-0.7948867447493996,-0.8116974906029538,-0.8288848200868105,-0.8461583039257888,-0.8638782348070848,-0.8819092855616356,-0.8999445578670893,-0.9182955134551264,-0.93673246927258,-0.9558676083558072,-0.9752499216963272,-0.9951790200237106,-1.0154253831092923,-1.0358837417193714,-1.0574145011036045,-1.07945183742306,-1.1023727467191655,-1.124627358943855,-1.1481817191287438,-1.1726721921235808,-1.197058663980777,-1.222763442056635,-1.2492250085027985,-1.2767605873781265,-1.3051074582665834,-1.3343032368779757,-1.3654847175086922,-1.3976800945595913,-1.4304783182838474,-1.4652496645706683,-1.5027260320393911,-1.5420854770004575,-1.58290736591241,-1.6266824749234257,-1.6745871915746438,-1.7268791662633185,-1.7848642309795606,-1.8493836175420253,-1.9224426799879697,-2.0068637392928395,-2.109329081137063,-2.239380227798242,-2.4241322985207283,-2.756110474920575,,,,,,,,,,,,,,,,,,,,,,,,,,,,,,,,,,,,,,,,,,,,,,
205,2.762263831695898,2.426433023331646,2.2416092817741187,2.1125480463791706,2.010287767885996,1.9261188564803104,1.854793722199675,1.7916876528731915,1.7357881100491903,1.682999492722974,1.6353087271059752,1.590631894959653,1.5484202635635764,1.5092606542615326,1.4722994526990263,1.4365041325734411,1.4035908608811094,1.3719386801916549,1.3411789546011093,1.3116098984242384,1.2832334698260726,1.2557506539199756,1.229482926947696,1.203726855987931,1.1789926419349477,1.1550948091055386,1.1315761231681944,1.108533838145738,1.0862871374590792,1.0644779109252391,1.0429676752877457,1.022120080403802,1.001866443547365,0.981938197653956,0.9622683031746828,0.9428824033977764,0.9239167421884414,0.9053659820226616,0.887184882284115,0.8690173198454282,0.8510196032554884,0.8336565019690954,0.8163879786679691,0.7993957963948835,0.7826014926635342,0.7663524065319812,0.7501687430787466,0.7341365497224328,0.7180151763660637,0.702072189025871,0.6865489159980699,0.6709324072540476,0.6557726491923431,0.6406304601009686,0.6259461470257062,0.6111356227793033,0.596477552535959,0.5819715700847222,0.5674333277582053,0.5531571834080996,0.5388515043045964,0.5246690120064627,0.5105682600549422,0.4967726429288173,0.4825080517257671,0.4687672364548247,0.4550815167518353,0.4418615421265819,0.4284414377697176,0.4149576902532016,0.4017988840821859,0.3885068483432898,0.3750736401849112,0.3620435933120143,0.3489552122058288,0.3358237018549991,0.3229697158729624,0.3102502664922929,0.2974482512058387,0.2847288620768788,0.2719049650159276,0.2592712456159596,0.2468214014475936,0.2342934654128715,0.2217055210889778,0.2093124802842703,0.1966760761525592,0.1842080730025105,0.1717210674381971,0.1592664138725855,0.1467700102146803,0.1346175201892693,0.1223229076215207,0.1101609250433334,0.0978417233641644,0.0857056446099039,0.0733785539369466,0.0612307885119378,0.048943275859985,0.0366820391770134,0.0242288783751876,0.0118389356305841,0.0,-0.0127446324357989,-0.0249863116942965,-0.0370414087277954,-0.0493296125970787,-0.0619054622333547,-0.0742294549976796,-0.0864600298092588,-0.098850240293512,-0.1111024305212324,-0.1234491559692593,-0.1356213716661654,-0.1478672034378587,-0.1602178952278949,-0.1727238997238716,-0.1852478722002345,-0.197640694676715,-0.2100408131322047,-0.2223511478147452,-0.2348319298083893,-0.2473446534440473,-0.2598459568088108,-0.27255593610353,-0.2852340120912416,-0.2978588079944123,-0.3107554523969605,-0.3236376729786761,-0.3366766966251023,-0.3496967389103681,-0.3627839309134964,-0.3758060410621001,-0.388769876380011,-0.4019856939619097,-0.4152089703996268,-0.4284757746220646,-0.4420813696198786,-0.4555333100863959,-0.4691829792117651,-0.482722545523559,-0.4966426812385363,-0.5103373842434011,-0.5242958212669255,-0.5383029639864316,-0.5522264907163413,-0.5664527010955112,-0.5810165864515398,-0.5952808991082242,-0.6099427324778941,-0.624545640021627,-0.6394972354009698,-0.6545885507217872,-0.6698221934942427,-0.6855942170446723,-0.7012531409246009,-0.7169949283460292,-0.7328844881307888,-0.7486733351749357,-0.7651722141769793,-0.7819301139501873,-0.7984035117873425,-0.8152770888401166,-0.8324941117171524,-0.8496352099723652,-0.867293057936306,-0.8850742852405552,-0.903265882429538,-0.921459228692895,-0.9398099623496134,-0.9590099712051736,-0.9783695443212742,-0.998351687785003,-1.018493200229886,-1.0388606544306551,-1.0603338179977262,-1.082530408442469,-1.1052145106783309,-1.127478805422333,-1.1510348383781954,-1.1755013762187925,-1.1997316407869152,-1.225546367581034,-1.251870994988176,-1.2794067539523797,-1.307758568761442,-1.3368765545220584,-1.3679489102668625,-1.400211400498253,-1.4330127297723525,-1.4676164717705835,-1.504963963535781,-1.5442865749837926,-1.585002198063702,-1.6289833108219445,-1.6766943272796535,-1.728993413207604,-1.786864186054841,-1.8513505638193355,-1.9243021574794397,-2.00872779023254,-2.111244230070299,-2.2410930399734554,-2.425913821537965,-2.757759312083297,,,,,,,,,,,,,,,,,,,,,,,,,,,,,,,,,,,,,,,,,,,,,
206,2.763814729912283,2.428103868563261,2.2436190463393624,2.114686017942212,2.0125724757772443,1.928208468027555,1.857163709316628,1.7941395076622009,1.7382932047753958,1.685516818971888,1.6377366792266586,1.593104198362926,1.5510026596714417,1.5119165219920756,1.4750712942027997,1.4393550914757067,1.406206838638161,1.3746140096903232,1.3439077962659114,1.3144096487182406,1.2860914090115294,1.2587013328273036,1.232462358726628,1.2067016799679091,1.1818937910349685,1.1579444179836418,1.1346290527018104,1.1116012401580233,1.0894154062248824,1.0675728311991584,1.0461939447882087,1.0252885292957976,1.0051596131824831,0.9851224238691116,0.9655981654779164,0.9462274377376078,0.9272610827482084,0.908666966143874,0.8905011127426958,0.8724826762464741,0.8543865414310605,0.8372525218702258,0.8198915649777239,0.8031138404365628,0.7861854157290032,0.7697943508660312,0.7537343952447659,0.7377683089956154,0.7217152776271064,0.7059206616925103,0.6903426027998057,0.6747719469955092,0.6594955946902209,0.644550192282926,0.6298250068184706,0.6150471855341418,0.6004482945623062,0.58614352233192,0.5715477004214622,0.5572292368614495,0.5430083310072695,0.5289821227673592,0.5148191298259611,0.5010678880822993,0.4869680894035882,0.473236476015888,0.4595204300385488,0.4461485576186468,0.4328462044725921,0.4194705942793594,0.4063290055435887,0.3930284381905491,0.3798173753218098,0.3666446681522799,0.3536535272015597,0.3406421623661556,0.3277154933282837,0.3152080680989795,0.3022594490866818,0.2895922199009362,0.2769138494346711,0.2642158525740392,0.2518357225098019,0.2394022832617281,0.2269883343567219,0.2143944483005046,0.2020649376695995,0.1894315942257315,0.1771417704242998,0.1646570984674556,0.1521617008356496,0.1399817153350306,0.1277897570870701,0.1158148362021102,0.103376825467764,0.0913150874370629,0.0792328063316138,0.0668701321468302,0.0548135076058067,0.0425090842845934,0.030359676794688,0.017914415834744,0.0056985140607793,-0.0065396545016076,-0.018646259926709,-0.0309730415466235,-0.04298343868912,-0.0552816252433827,-0.0677473047677196,-0.0799700129264615,-0.0921306679003749,-0.1044436237953942,-0.1166359590092723,-0.1288483137929082,-0.1411041406272519,-0.1533157636344265,-0.1656768638412243,-0.1780943449686819,-0.1905061833627054,-0.2029203322496415,-0.215235708291422,-0.2274540051017888,-0.2399119235669553,-0.2523705905349339,-0.2648240513949441,-0.277561138688109,-0.2900811322728315,-0.3028573253756369,-0.3156100223688639,-0.328388693575159,-0.3414257468496603,-0.3545414606658519,-0.367520626316506,-0.3803963778466191,-0.3933990517985435,-0.4064632748418674,-0.4197429046706242,-0.4329951310074261,-0.4463885495236257,-0.4600454345887516,-0.4734626290763893,-0.4871314429625709,-0.5009756118588979,-0.5147601448822371,-0.5285095279222907,-0.5424516734783856,-0.5564468983737013,-0.570587650743595,-0.5850516074935238,-0.5995223550823282,-0.6138246593713887,-0.6286386287594709,-0.6434157615252631,-0.6585122526624851,-0.6738675708199341,-0.6894083827816618,-0.705099780757099,-0.7208013444823804,-0.7366040756956814,-0.7525152529978363,-0.7689825445566503,-0.7856508783681034,-0.8018712693477403,-0.8188271531116187,-0.8360361202172698,-0.8532504965325816,-0.8707523243935162,-0.8886408771118618,-0.906664490842902,-0.92476505294946,-0.9431380246054584,-0.9622866560949952,-0.98185023875555,-1.0016225199520088,-1.0218115366855096,-1.0420842870464866,-1.0634869828275162,-1.0857854292230629,-1.1082760171159172,-1.1305672973408365,-1.154260243549803,-1.178504775242032,-1.2027717205994546,-1.2286342752054584,-1.254823899512134,-1.2823213522896135,-1.3105247610835018,-1.3396942238414324,-1.3707499016188398,-1.402770814828496,-1.4354635763542667,-1.4702723823848238,-1.50776108472204,-1.5469439183022058,-1.5874112905517117,-1.6314382529152514,-1.679071743321176,-1.73165347617405,-1.7890676757367263,-1.8536856168441196,-1.9264954954736808,-2.0108500475385545,-2.113459770877583,-2.2429296054745285,-2.427502575666709,-2.7595575886853827,,,,,,,,,,,,,,,,,,,,,,,,,,,,,,,,,,,,,,,,,,,,
207,2.765140639335049,2.429761383778309,2.245549181067636,2.116602797063548,2.014610038874928,1.9304198952197495,1.859222810462372,1.796311197491158,1.7405441814876184,1.6875334485688214,1.6401468921169642,1.5955828016005038,1.5535595794639578,1.5144758154312523,1.4775749075980793,1.4419430816541077,1.4088097340898058,1.3774048680383173,1.346567377715134,1.3173459328576504,1.2889198466768232,1.261539309498542,1.235512797889731,1.209868947716149,1.1848624861269763,1.1610012399371483,1.1375880454450045,1.1147267969543342,1.0926630603075214,1.07078623900987,1.0495183253555391,1.0285917867821386,1.0083067917934172,0.9883817925841352,0.968878989757312,0.9495615625243988,0.9305189128525916,0.9120859183886448,0.893799807298994,0.8760007708720062,0.8579216048816077,0.8406961326444492,0.8234858392624723,0.8067036742868384,0.7900122304788487,0.7733511293061616,0.7575340827362156,0.741544825719769,0.7254505060508772,0.7097352616070915,0.6940990242961379,0.678762277262174,0.6633587980468172,0.6483861385135778,0.6337271628988738,0.6189667775782177,0.6045138051925082,0.5901235284423794,0.5756144957307693,0.5612794590126102,0.5470727487082863,0.5331330781149112,0.5190962945264969,0.5051942151985841,0.4912936238844126,0.4774908749832289,0.4640543138122337,0.4504831512292544,0.4371817595223033,0.423907889185464,0.4108052300575849,0.3975287149145546,0.3844105347256472,0.3713389222065256,0.3583247142467411,0.345350888772159,0.3326013883639974,0.3198584981511093,0.3071084115788993,0.2944715522423684,0.2817544889654474,0.2692653129610811,0.2566505613579101,0.2443442251890101,0.2320070127461494,0.2196047793762719,0.2072488766381411,0.1949055414568292,0.1823082813629098,0.1700131382540746,0.1576037291226956,0.1453130639094045,0.1331670009439812,0.1211559458294298,0.1089868972208568,0.0968561995427861,0.0847697616031285,0.0726730181399087,0.0606009368754074,0.0483252522205347,0.0362738825601349,0.0241361783545749,0.011598892299647,0.0,-0.0125934529199115,-0.0247423989504348,-0.0366554488741042,-0.048881169071985,-0.0612964991546502,-0.0735254552716474,-0.0856737862395939,-0.0978862215622576,-0.1100727846270873,-0.1221397469912271,-0.1344201634363157,-0.1464951692401797,-0.1587800755805671,-0.1710207446384946,-0.1834857939418598,-0.1957475920082972,-0.208151009694973,-0.2203119301860324,-0.2326373091871004,-0.2448883064012314,-0.2573890960952053,-0.2697063325863645,-0.2824552400130413,-0.2950141580315465,-0.3077883990152162,-0.3204365114296401,-0.3331815079514489,-0.3463044113380968,-0.3593321204225189,-0.3721611734365367,-0.385011570815828,-0.3979702303612226,-0.4109750960155577,-0.4243105220772666,-0.4375422174475625,-0.4509714501876413,-0.4644161959043823,-0.4779162798597842,-0.4916472760718179,-0.5053622082810041,-0.5189052194352883,-0.5326856279223324,-0.5467468898721712,-0.5607202528165744,-0.5746789462108136,-0.5892113881239307,-0.603476969584129,-0.6179620024986386,-0.6324950289854129,-0.6472980834473584,-0.662499867005351,-0.6777770639435793,-0.6932979443196341,-0.7089039382056397,-0.7244816361382782,-0.7403268425021575,-0.7563495709962282,-0.772581639521371,-0.7892857260802421,-0.8055242857847777,-0.8223697880241573,-0.8395478908915528,-0.856706072391029,-0.8741749796363912,-0.8920284434935672,-0.9099391901069372,-0.9279984067964347,-0.9463772463488612,-0.9654794634843524,-0.9850217770259644,-1.004858920477884,-1.0248891384057992,-1.045302894557396,-1.0666827766052274,-1.0888745963931548,-1.1112253389563316,-1.1337901091261156,-1.157287366370901,-1.1813887131802043,-1.2058723213087352,-1.2315719824500375,-1.2576129004121976,-1.2850110734955391,-1.3131859707885345,-1.3424337651961935,-1.373414943232644,-1.4053433704457607,-1.4380193546778517,-1.4730822228456075,-1.5104730227691967,-1.5493568610627522,-1.58976454653426,-1.6338570614440735,-1.6815056426445976,-1.73418710919134,-1.7914418178184384,-1.856124620996754,-1.928936693670398,-2.0129012206026204,-2.1153136513724915,-2.244784576060381,-2.429242114242342,-2.7608540935240438,,,,,,,,,,,,,,,,,,,,,,,,,,,,,,,,,,,,,,,,,,,
208,2.7670183823353334,2.431897433249253,2.2476205548596746,2.1184774267973148,2.0165753145820373,1.9326325770499428,1.861457665686014,1.7983394065357765,1.742603565495077,1.6896550621637572,1.6423300195679105,1.5979201890639425,1.5559158563854825,1.5168575792435883,1.4800888359365802,1.4443585926769311,1.411293984528867,1.379835665948309,1.349146212098035,1.3199969720224334,1.2916509974680317,1.2642052192352733,1.2381390411542317,1.2126399187650438,1.1877110056322364,1.1636923868532965,1.1403975664758683,1.117660105972161,1.0955168400007862,1.0738083158347909,1.0525749214086748,1.0316301551183014,1.011570163058214,0.991415201590944,0.97212345454806,0.9527229237362004,0.9337977732415986,0.9154494366297192,0.8970740421594934,0.8791723306391823,0.8613740380132604,0.8441223436744058,0.8270131546574612,0.8101499614504021,0.7935151472984704,0.7769720149152541,0.7610499858836133,0.7451252036982711,0.7291101673196676,0.7133576202959802,0.6977962848469118,0.6826182061257863,0.6671340443165876,0.6521435426039217,0.6374964357743196,0.6229332704438703,0.608443444216655,0.5939782976492881,0.5796867570782959,0.5653688848465724,0.5511998158187564,0.537244605330708,0.5232661830826796,0.5094675293832778,0.4956264200970274,0.4818727948560742,0.4682303625983537,0.4549052277281856,0.4414734227750954,0.4283482775353081,0.4152888096773318,0.4022193237338624,0.389051879843498,0.3761361467487895,0.3629312343996246,0.3501551353966068,0.3372761986096255,0.3246574705913212,0.3119791920918213,0.2993275886132361,0.2866424935384937,0.2740729099237312,0.2616942126673927,0.2493441382543963,0.2370735499418743,0.2247594119318242,0.2123284974039807,0.2000901853944138,0.1877328479595055,0.1753719483357648,0.1630435918770719,0.1506734728394937,0.1385964514174391,0.1265535585601428,0.1145233257757509,0.1025283291803018,0.0903871711676484,0.0783717379796341,0.0664380435929422,0.0543242870545637,0.0421808010519144,0.0299568875973091,0.0178250592307898,0.0056949734052435,-0.0064292068108244,-0.0183376751538779,-0.0304914824920536,-0.0425129645022663,-0.0546257117035782,-0.067054411970884,-0.0790918803212582,-0.0913410009441909,-0.1034756320349764,-0.115444295985125,-0.127689471494214,-0.1396855657515571,-0.1517763721358929,-0.16401919790569,-0.1764007787180236,-0.1886331278434988,-0.2007559836917462,-0.2131734443213853,-0.2252545846136251,-0.2375690670185501,-0.249895718152085,-0.2622255654636516,-0.2746724814496346,-0.2873006389240654,-0.2998028905486714,-0.3124828731464098,-0.3250274127910668,-0.3379924947678964,-0.3510069105633355,-0.3639978544838852,-0.3766516549945469,-0.3895588096366312,-0.4023598353982069,-0.4154987717613574,-0.4287182020516998,-0.4420621644884855,-0.4554337619430814,-0.468834378979777,-0.4821412464195869,-0.4958296577288238,-0.5094701352361625,-0.5231188126931292,-0.5367511947925572,-0.5508549066458998,-0.5647245051260052,-0.5787411295876871,-0.5931383663930152,-0.6073864612428047,-0.6218286855559325,-0.6363176677787642,-0.651205166791505,-0.6664044820603764,-0.6816756216828611,-0.697005825044688,-0.712631441456151,-0.7281582937404567,-0.7439533128182233,-0.7599172314501467,-0.7760895484420038,-0.7926002087993885,-0.8089233076546622,-0.8256847383792406,-0.8429962881289852,-0.8600135267213153,-0.8775317389131279,-0.8953128933299327,-0.9130834246870578,-0.9310579756324484,-0.9495311870644192,-0.9684574789460316,-0.9879728765103912,-1.0078275913789296,-1.0279124266042388,-1.0484158699311956,-1.0696964968839633,-1.091865343217451,-1.1141102856149985,-1.1366991208521264,-1.160220922771726,-1.184028468443941,-1.208479768274889,-1.234243415957377,-1.260445789737718,-1.2877303853782818,-1.3159490585430396,-1.3450629601167672,-1.3760506265218382,-1.4078864900377075,-1.4404417097551805,-1.4754562751466018,-1.5130372555838747,-1.551687882445554,-1.5922527298626916,-1.636001489926713,-1.6836584512901125,-1.7365174506968477,-1.793556681166114,-1.858061685792116,-1.9310110601126005,-2.014783212761764,-2.1173578116561496,-2.2467701280383445,-2.431002579327409,-2.7623101259056906,,,,,,,,,,,,,,,,,,,,,,,,,,,,,,,,,,,,,,,,,,
209,2.7681543841315954,2.433518973628809,2.249340130954534,2.12050657585196,2.018695180252206,1.9346159037045767,1.863292326359879,1.8003008604670057,1.7444231847947864,1.6917800714294289,1.6445215530831807,1.6002956054180246,1.5583266124234267,1.5191711324130153,1.482573868036532,1.44686843218994,1.4139015736234015,1.3823606660533034,1.3516680186840708,1.3225429464186012,1.294251203600916,1.2669768147987726,1.2408679307953498,1.2154281986875426,1.1906000190895236,1.166465843728668,1.1432452522736238,1.1206736044044336,1.098398482158372,1.0768752608741663,1.0557135895037495,1.0346649839428808,1.014568311384524,0.994614528370122,0.9752214910543772,0.9560061028780412,0.9370393529112532,0.9187342696489764,0.9003460803359081,0.8823887113059731,0.8647054799641503,0.8473455481927865,0.8302627474423802,0.8135844216744094,0.7969200031541608,0.7804848024131634,0.7644478510723729,0.7486302340850776,0.7326205776418632,0.7169954639193012,0.7013703571263846,0.6862280465661503,0.6708569963030391,0.6559204777875699,0.6412803542523853,0.6267215479232224,0.6121937006365371,0.5978583098938162,0.5836816919504975,0.569158198660734,0.5552489852250797,0.5412708606579345,0.5273806518927578,0.5134998531239836,0.4997605371005339,0.4860458795836508,0.4725117148869649,0.4591628026669728,0.4457613088683039,0.432680655292127,0.4195587146371067,0.4066187139535003,0.3935379381252684,0.3805840709020746,0.367540770125575,0.3546601236309715,0.3418563019149772,0.3291918609407434,0.3166747284766261,0.3041112606021652,0.2914665634018702,0.278928956218018,0.2664563828365107,0.2542594202190686,0.2420460986778954,0.2298141041952023,0.2173342017445404,0.2051440286963344,0.1929209350217959,0.1807289256268854,0.1682909524227178,0.1559464866658532,0.1438544991131536,0.1319154711644187,0.1198980142249043,0.1078779954167574,0.0957639972639274,0.0838473879219023,0.0719303079310492,0.0599496737183788,0.0480331510687302,0.0357869043599872,0.0235967234191129,0.0116974333101431,0.0,-0.012444256904862,-0.0244628333783544,-0.0364496318496442,-0.0484281120259347,-0.0606007219961005,-0.0728961953868646,-0.0848589014083528,-0.0969535370353382,-0.1090492578610895,-0.1210127971206261,-0.1329710902189505,-0.1451808715088514,-0.1571229844868784,-0.169507133394708,-0.181755923058551,-0.1938456758870178,-0.205983206590596,-0.2182393235312378,-0.2303269650253368,-0.2425473690864788,-0.2548932560149638,-0.2672381498606227,-0.2795566888949861,-0.2921915291022587,-0.304707172566576,-0.3172314518161618,-0.329868280011611,-0.3428251895428426,-0.3556519393079124,-0.3684789531742293,-0.381337277334238,-0.3940812178066661,-0.4069996546383196,-0.4199467163175409,-0.4332456320616779,-0.4465950670873672,-0.4597903981011619,-0.4730900989576118,-0.4865512982863076,-0.4999847368922871,-0.5137851244288382,-0.5271338487036161,-0.540759352041308,-0.5548908562926694,-0.5688079147903513,-0.5828299251559141,-0.5970189391001766,-0.611339105159239,-0.6257346335506727,-0.640226588876837,-0.6551810382185501,-0.6703195122490883,-0.6856288799781152,-0.7009071019679508,-0.7163272600279225,-0.7317505162989506,-0.747631954007479,-0.7635279324987637,-0.7796819105879161,-0.7960811813730087,-0.8123943717312787,-0.8292630759067945,-0.8464372399102614,-0.863421739226598,-0.8809126140324149,-0.8987018065132782,-0.9163255489822432,-0.934423362088845,-0.9529994850529372,-0.9718088855776724,-0.9913266579374244,-1.01107900627227,-1.0310807860424247,-1.0515702313113484,-1.0728028591291794,-1.0949552626137424,-1.1171719456658264,-1.1397439490268948,-1.1631888487895012,-1.18698220574443,-1.211395398331519,-1.2371377648666293,-1.2634786334933452,-1.2905233724878984,-1.3187072859386928,-1.3478230759751424,-1.3788019978895842,-1.4104937154083228,-1.4429845432577066,-1.4780606753523424,-1.5155745691409142,-1.5540684545538046,-1.5948821147657928,-1.6386102205068804,-1.6861211251382353,-1.7389167423527403,-1.7959330287067148,-1.860366994783694,-1.933173680458628,-2.0170526228102115,-2.119791682440713,-2.2488568653463337,-2.433372477915936,-2.764349026648373,,,,,,,,,,,,,,,,,,,,,,,,,,,,,,,,,,,,,,,,,
210,2.7696916741130284,2.4350679093780325,2.251076352443009,2.122251245456979,2.020400842565527,1.936494110137578,1.865273018514918,1.8022979675004476,1.746715454219358,1.6939949411161652,1.646800291333018,1.602617922326296,1.5606620647667715,1.5215845578997385,1.4849945526589476,1.4493135687939953,1.4164495810278297,1.384832203780228,1.3541623439946844,1.325040146289253,1.296954287988764,1.269605477710541,1.243481215157027,1.218194485250564,1.1933700803671647,1.169352974901982,1.1461251812823492,1.123449451101095,1.10142994120098,1.0797799480209955,1.0587286936291491,1.037862324125587,1.0177821454591307,0.9977034283603916,0.9784450499893858,0.9591393590357492,0.9402559575584264,0.9219108946202224,0.9036792751153462,0.8857577593601269,0.8679349061933695,0.8506835796709573,0.8337566574745282,0.8171403637483737,0.8004888622179206,0.7840435375968163,0.7680800190510503,0.7522758436073889,0.7363752169110652,0.7207219044675044,0.7051916115094382,0.689954238879215,0.6747104362573797,0.6597353391485834,0.6451455217309352,0.6306662460982135,0.6161688933894766,0.601744228250663,0.5877327895242084,0.573240032671566,0.5592820305283529,0.5452940343793123,0.5314569119046835,0.5175944032014544,0.5039411262608037,0.4902481620952607,0.4768070888938292,0.4633703224763935,0.450171302946762,0.4369906486017254,0.4238610037493373,0.4110893517801078,0.3979610298916976,0.38506967134082,0.3720305474257258,0.3591840693132161,0.3463912921067369,0.333729008153674,0.32131154685237,0.3087788092858185,0.2962270922030731,0.2837078252398373,0.2712455421383032,0.2590190904243556,0.2469108494994498,0.2347844358401253,0.2223466435936314,0.2101786217308514,0.1979949213509766,0.1858466730304299,0.1737237712347315,0.1612941988511432,0.1491002295499624,0.1371595467320777,0.1252477006056015,0.1132472056670288,0.101300773117665,0.0892458925046875,0.0774090571406787,0.0655356311253231,0.0537338584790714,0.0417176033127351,0.0295462299594431,0.0175673429309408,0.0055595900652536,-0.006343625001655,-0.0183304957104625,-0.0303008090449865,-0.0421515666605926,-0.0541560431158521,-0.0663722433501304,-0.0783191844182029,-0.0904826461618218,-0.1023976602969833,-0.1143550329641784,-0.1262052379583498,-0.138305535095058,-0.1503833401493368,-0.1623474651268792,-0.1746513873831646,-0.1867173989314144,-0.1989242429036183,-0.2110087956250547,-0.2232167796120655,-0.2352313955776421,-0.2474719495821631,-0.2596830957139934,-0.2719575220566846,-0.2843340789711352,-0.2968881401922866,-0.3094696887852166,-0.3218621408523356,-0.3344691997982514,-0.3475461408286937,-0.3601372512129258,-0.3730537728237146,-0.3857879110503848,-0.3985926806846022,-0.4113921949553565,-0.4243950876464308,-0.4375549366301193,-0.4509893559534627,-0.4640195501400843,-0.4773363359327431,-0.4906411806045005,-0.5041252473367873,-0.5178102130376686,-0.5310493976153993,-0.5448692063183349,-0.5588756447330001,-0.5727891361996734,-0.5867061098655427,-0.6008531219494755,-0.615172542855968,-0.6295341924142668,-0.644038956061441,-0.6589279666815584,-0.6741126538878093,-0.6893524684293019,-0.704536689951778,-0.7198935825981436,-0.7353832275213242,-0.7512737345456457,-0.7670264452511313,-0.7832030617666199,-0.7994915331513995,-0.8158587755021899,-0.832666163744931,-0.8498233471257587,-0.8666950779852097,-0.884353210992578,-0.9019383006358112,-0.9196353223975552,-0.9375886465818604,-0.9562156450461016,-0.9750465554922432,-0.9944014728198248,-1.0142023858984517,-1.034128125597819,-1.0546315675808682,-1.0758907636209347,-1.0980599552544852,-1.1201734437032496,-1.1426566411616983,-1.1660444945770652,-1.189711203086048,-1.2142798346269583,-1.2398712551810656,-1.2662378738302644,-1.293317734518476,-1.321438970936609,-1.350508877850841,-1.381449382794954,-1.4130185193161386,-1.4454539485075455,-1.4805676749497487,-1.5179693382825987,-1.5564508215515511,-1.5972920755934057,-1.6407897555890232,-1.6887105749869629,-1.741246794431589,-1.7981316762088733,-1.8623437883422267,-1.9351974676725905,-2.018750907874775,-2.1216184790665125,-2.251082264234727,-2.435263853695543,-2.766044922094268,,,,,,,,,,,,,,,,,,,,,,,,,,,,,,,,,,,,,,,,
211,2.7709388077227297,2.436406632680192,2.2528435231953914,2.123953663420473,2.022308537711933,1.938363940013889,1.8674204810904784,1.804247626239928,1.7488234621747831,1.6961561136403975,1.6488992961444535,1.604839434156225,1.562861131879124,1.5238603508618414,1.4873631532407725,1.4518470556119094,1.418671385765584,1.3872726861271332,1.3568045858023474,1.3276978721348365,1.299624165176223,1.2723072906168436,1.2461577625460754,1.2210130194197033,1.1961623326101427,1.1722073885373885,1.1489557142859248,1.1263792343899874,1.104477588279862,1.0826728423696637,1.061831992770406,1.0410498279468026,1.0208930994030474,1.0007969105874006,0.981687246348484,0.9623723978267548,0.9434040203791476,0.9252084312103618,0.9069207190224826,0.8891235534982327,0.8713907016464156,0.8540415074993732,0.8371973211495372,0.8205046795115615,0.8039917153537772,0.7876097885175277,0.7715797737714667,0.755979668917328,0.7400890139929065,0.7244698787991012,0.7089321496930954,0.6936462001025442,0.6785101659902423,0.6635538594094351,0.6489199866887869,0.6344693645644522,0.6200650107256793,0.6056551295384751,0.5915772719419685,0.5774229946877186,0.5632676833424467,0.5494087088469322,0.5354959739168048,0.5217771869497838,0.508146586123271,0.4945254241205076,0.4809461345146001,0.467726577078831,0.4544603594328677,0.4413392782343746,0.4282196244140687,0.4155037891734299,0.4024360655495547,0.38954870005408,0.376685115271204,0.36368632066715,0.3510162394410358,0.3385181087212482,0.3259784448911073,0.3135585285328975,0.3010421563890086,0.2885013137813961,0.2760521066677256,0.263869292879303,0.2517155267609067,0.2396683682335606,0.2273860488582433,0.2150499498932341,0.2031179488406346,0.1910607579927735,0.1789565425484843,0.166596095078076,0.1544937727621189,0.142440636756622,0.1306128032709783,0.1186448126770054,0.1068156778328342,0.0948452176342933,0.0829572959337794,0.0712337438021895,0.059238501886247,0.0475508046606325,0.0356012296984911,0.0235601992313111,0.0114950810903794,0.0,-0.0122979032675785,-0.0241237539167047,-0.0361782902128334,-0.048009861243584,-0.0598925058521662,-0.0720219845051538,-0.0839385928772596,-0.096029222658118,-0.1079286923192831,-0.1198340781539235,-0.1316316719001278,-0.1437295602794036,-0.1556344621396463,-0.1676431421059973,-0.1797948221515628,-0.1917623123782159,-0.2038885872020087,-0.2160312858012461,-0.2281091691565936,-0.2402090520192479,-0.2523833604817214,-0.2645512593577101,-0.2768017249929887,-0.2891584111752295,-0.3015869734190342,-0.3141410466052889,-0.3265662425267976,-0.3392493233050322,-0.3520973867626786,-0.364871052605925,-0.3774331076349493,-0.3902923567485505,-0.4028245897640622,-0.4158127359242543,-0.4288340425999307,-0.4420423793931463,-0.4551953755758006,-0.4681954806784953,-0.4814168598806631,-0.494758490173909,-0.5083960669762962,-0.521812222456611,-0.5351223585156246,-0.5490120242465515,-0.562758675614392,-0.5765573776970431,-0.5906361190188504,-0.604703443368607,-0.6189411062898628,-0.6332621082898502,-0.6477267179720739,-0.6627207803129037,-0.6777916194136411,-0.6930509335514753,-0.7080328896894907,-0.7235081295328364,-0.7390486865777768,-0.7546801611821513,-0.7704955488671873,-0.786639681017745,-0.8027975323228822,-0.8193704411221404,-0.8360094086865618,-0.8531824852241321,-0.8699997805336197,-0.8875966891551554,-0.9051134983698814,-0.9227931592942088,-0.9407440571068704,-0.9593078807058296,-0.9780925889394584,-0.997571853395974,-1.0171878232271525,-1.037117909172786,-1.057582817125888,-1.0789094790793132,-1.1010149265718767,-1.1230851670342548,-1.145547212636692,-1.1689048575469534,-1.1924849267800857,-1.2171371924136098,-1.2426026899558624,-1.268975743651117,-1.2958531543748932,-1.3240479213036025,-1.353147808186323,-1.3841456828083458,-1.4155418857890911,-1.4480447289165923,-1.4830997068248484,-1.5202910138356822,-1.558763540404999,-1.5994908867622009,-1.6429705676380817,-1.6909131412979146,-1.743402559944633,-1.8000592391631978,-1.8644523131832256,-1.9371163260842488,-2.02061792067974,-2.1234445660725534,-2.2526588198331843,-2.437073252484475,-2.7675127617740274,,,,,,,,,,,,,,,,,,,,,,,,,,,,,,,,,,,,,,,
212,2.7724154184655574,2.4385153466967373,2.2544801819167684,2.125637850245663,2.0243018441480904,1.9403681136535456,1.869342185770969,1.806144420903824,1.751164694900636,1.6984755927743669,1.6512095665787947,1.6070310941261874,1.5651159757723565,1.5261435083745456,1.4896738366261688,1.4542726305981093,1.4209584573030722,1.3897310830769798,1.3593106840850164,1.3301820138004994,1.3022658773957896,1.2749008281532126,1.2489138960327486,1.2237351575199245,1.1989105657305077,1.174882079958319,1.151695823904323,1.1291972942084456,1.1073351587348497,1.0855087944040225,1.0646958181114965,1.0440224275867742,1.0237820988166793,1.003962901694704,0.9848136458086628,0.9656291616998568,0.9466284273762918,0.9282616049117278,0.9102149354452206,0.8923677896716811,0.8746290259989186,0.8572947256149896,0.8405971303028645,0.8238621171202994,0.8075044998634602,0.7910587843747817,0.7751100212686052,0.7593656310249705,0.7437010028205231,0.7281966614752108,0.7126066523039305,0.6972592151806075,0.6821680947341449,0.667230956087362,0.6527121540235717,0.6382998781789347,0.6238309407042181,0.6095760440638466,0.5953773023697241,0.5814015026174092,0.5672731435198525,0.5533426517873858,0.5395921220348562,0.5257485091905071,0.5122585399232211,0.4987607095932881,0.4851782079171134,0.4719086712761965,0.4587639986494479,0.445675023857021,0.4325519292730132,0.4197041487952025,0.4068706651984596,0.3940160094600151,0.3811379559224714,0.3683084951948268,0.3555298529160869,0.3430501439299072,0.3305648250586484,0.3181747597211501,0.3058970937472802,0.2932014334906375,0.2808437176977048,0.268640327296718,0.2565116278894617,0.2444035048466841,0.2322667228092534,0.2202158922569481,0.2080738334177759,0.1960907248849958,0.1841441123764009,0.1717820635586685,0.1596664343335849,0.1476779082449691,0.1358142974398474,0.124034565238069,0.1122358437678015,0.1002630674253395,0.0884293427252802,0.0766693266363233,0.0648823173716491,0.053177724880676,0.0413999082974108,0.0295471368241441,0.0173529155381884,0.0054693867768901,-0.0063116047868127,-0.0181087253501005,-0.0300460484287319,-0.0418497419423873,-0.0536772083140937,-0.0655275078905872,-0.0776702492347777,-0.0895413163720561,-0.1014555040089132,-0.1134696432697419,-0.1251903461627651,-0.1371069812740943,-0.1489351863478295,-0.1609641657648022,-0.1729289064008338,-0.184880783103011,-0.1969539602267591,-0.2089867784780338,-0.2211104764313203,-0.2331819699088476,-0.2452427433575429,-0.2573747127256893,-0.2695209478481021,-0.2815650179359117,-0.2940103728583646,-0.3065530870406442,-0.3188325297182351,-0.3312518559266339,-0.3440844945302549,-0.356802133119517,-0.3693368176883416,-0.381977438247083,-0.3946632102182696,-0.4073060626006732,-0.4201756551824711,-0.4333418788316383,-0.4464222998586303,-0.4595131663892038,-0.4724070015656118,-0.485625177981572,-0.4989226476074526,-0.5125133631782961,-0.525807300483651,-0.5393347952698577,-0.5528662352094502,-0.5666444260595399,-0.5805990771145164,-0.5945647347164128,-0.6086086971717892,-0.6227213214660238,-0.6369923892545514,-0.6515908354206369,-0.6665518206816485,-0.6816725868915393,-0.6967474615663382,-0.7116000746185875,-0.7271539105328984,-0.7426311083987654,-0.7584055354538622,-0.7740499480328683,-0.7901492816087778,-0.8062909245425101,-0.8230407112686493,-0.8395405643991483,-0.8566590436194484,-0.8734366939469083,-0.890967917050665,-0.9085094421977732,-0.9259953066321154,-0.9441127296127324,-0.9626881480852992,-0.9813404091053533,-1.0008414313178695,-1.0201893515760734,-1.040267524646494,-1.0605901376397242,-1.082101473629828,-1.103980942892753,-1.1260678465179743,-1.1485311169776948,-1.1717564590420335,-1.195260222125854,-1.2200433699918505,-1.2454491841818438,-1.271684454599575,-1.2984511290068654,-1.3265770885873247,-1.355733443662941,-1.3865117200342534,-1.417932848180187,-1.450725209839115,-1.4855061191749417,-1.5226548659374404,-1.5611168698409652,-1.6017578766274727,-1.645439586992381,-1.6930745316497309,-1.7456287760807705,-1.8022334385984111,-1.866492427127722,-1.9389735555392984,-2.0228146419157227,-2.1254455556095646,-2.254806891618497,-2.439381746401003,-2.769024975210783,,,,,,,,,,,,,,,,,,,,,,,,,,,,,,,,,,,,,,
213,2.7744153686202613,2.44026041621332,2.256211233808855,2.127695277999901,2.026198526135913,1.9425819669527893,1.87139636930954,1.8081759807934428,1.7531030481665535,1.7004694819882704,1.6532950179669963,1.6091119556612794,1.5675833137241089,1.5285619542889783,1.4918938732932134,1.456788971756108,1.4235353706988716,1.3921128757883596,1.3619211555943127,1.3327941562975794,1.304974570079546,1.277588953083591,1.251564904189868,1.2264998922187829,1.2016706593924915,1.177628820041077,1.154467084405204,1.132169478985205,1.1102513180811966,1.0884597360755703,1.0676651666169017,1.0469485391857922,1.0267792837293088,1.0070326247383514,0.9877162033419424,0.9687913096575784,0.9497195288429646,0.9313807570369474,0.913528972732943,0.895669532880446,0.8778934961706596,0.8605922119356466,0.8439445726845081,0.8270881199409721,0.8108937576441545,0.7946388422005374,0.7785791467589556,0.7628525426333378,0.7472465366935488,0.7319311069144012,0.7162755709231055,0.7011049808876589,0.6858403102843255,0.6710701275758423,0.6564126194827576,0.6421434892553809,0.6277736781474952,0.6135879970744627,0.5994154222954797,0.5853358203881979,0.5712931065237518,0.5574241519033434,0.5438074372571473,0.5299765649107573,0.516342159488314,0.5028756458880652,0.4895312027419406,0.4762526118390036,0.4630314559439321,0.4500155015218965,0.436998987732361,0.4240043583708262,0.4113827122771308,0.3984820763995544,0.3857482850969254,0.3727803506462734,0.360223224612525,0.3476665028179609,0.3352672759100657,0.3228592365314274,0.3105826792180253,0.2980602035577201,0.2854826629108451,0.2734690563878166,0.2612116263769204,0.2492786634123988,0.2372756389729551,0.2250901635165916,0.2130577491226027,0.2011867121669721,0.1893055687177048,0.1771400590439777,0.1647803364713267,0.1528988567167643,0.1410910483503487,0.1292580752160046,0.1176493593391491,0.1057577170642386,0.0939433238184816,0.0822104779526578,0.0703531134448492,0.0587972840480329,0.0470730651562985,0.0353807759928737,0.0233176135971351,0.0113248884020822,0.0,-0.0120496644822266,-0.0238704940842726,-0.0357390857035306,-0.0474748872444065,-0.0593113740077086,-0.0710777670936291,-0.0832397475803253,-0.0950899011908761,-0.1070912872122845,-0.1188846899753413,-0.1304648583599927,-0.142284507703321,-0.1541013288977997,-0.1661142592729079,-0.1779896161944853,-0.1899451534257248,-0.2019793511076688,-0.2140206928743852,-0.2260035160328575,-0.2380651572792702,-0.2499728297544674,-0.2621862939262538,-0.2742820741064541,-0.2863637375411019,-0.2988430145629548,-0.3111937267509227,-0.3235216629710744,-0.3360413305207334,-0.3486556377315097,-0.3612197705741517,-0.3738234034238546,-0.3863963136308675,-0.3989883733584866,-0.4117289327305735,-0.4245935132121128,-0.4376299007120571,-0.4507358767560127,-0.4636015025015684,-0.4766463043410511,-0.4897546867577452,-0.5031782349144178,-0.5165334798884088,-0.5298836889399071,-0.5432615438405921,-0.5568600311409765,-0.570444104654793,-0.5842846671556862,-0.5985145868909636,-0.6123945529187511,-0.6264928642389744,-0.6408247468969659,-0.6554559622872527,-0.6702975893258772,-0.685367561254595,-0.7004208373846836,-0.7152614193187629,-0.7309150792280447,-0.7461840414555062,-0.7618921527191335,-0.7776252731583045,-0.7936184641407593,-0.8097448053862728,-0.8264328708654671,-0.8427277468324044,-0.8598504278653764,-0.8767810878581408,-0.8942702017871358,-0.9116883062843976,-0.929123527871568,-0.9472935610812552,-0.9658053113338412,-0.9845293920496768,-1.003822717151039,-1.0232380227393223,-1.0431579468467267,-1.0636404999665134,-1.0851007412071183,-1.106822868873134,-1.1289638511726778,-1.1512942381656055,-1.1744372456599903,-1.1980067516437731,-1.2228150819894616,-1.2480947553646278,-1.2743853928659836,-1.3009455695132903,-1.32915154201713,-1.3582396328608894,-1.3890723605090507,-1.4203318850402415,-1.4530464601740187,-1.4880188765139846,-1.524974686302767,-1.5633889564472656,-1.604155923254545,-1.6478166217546972,-1.6954009543573956,-1.7477706989089383,-1.8044692783057863,-1.8686468005576684,-1.94119852419674,-2.025168841060897,-2.1275153880855124,-2.256913220076216,-2.441268055076311,-2.770654764352829,,,,,,,,,,,,,,,,,,,,,,,,,,,,,,,,,,,,,
214,2.7761859854314306,2.4419988520183944,2.2581049231033288,2.129524370301413,2.028108890595438,1.944768077843651,1.873489335500844,1.8102347104427736,1.7551560358637006,1.7026788620408777,1.6554888594035095,1.611502497026879,1.5700043939885262,1.5308312374385666,1.494209944347086,1.4592291322757749,1.425903204161994,1.394608668890485,1.364548355686409,1.3353438964446414,1.3075950011080262,1.2802106318215631,1.2542959496686104,1.2291807725311927,1.2042895804442393,1.1802838174485908,1.157159928209778,1.1349093616492163,1.1129874696000233,1.0913579587512534,1.0705011982101986,1.0498917819960376,1.0296570749332192,1.0099745654600347,0.9906197726487236,0.9717855932763196,0.952962579043595,0.9345115714753864,0.9165678136916056,0.8986811522494125,0.8811630284761268,0.8638373432901945,0.8471386884215178,0.8305041495175374,0.8142561650293357,0.7980163843624205,0.7820570812087991,0.766294185387422,0.7506785239378955,0.7353047486140758,0.7200249521978211,0.7047094802437236,0.6894353446588878,0.6747202170811746,0.6601135922181094,0.6457487523699518,0.6315187001565313,0.6173894722880661,0.6031744195312987,0.58918184942474,0.5751455407751354,0.5612796860941527,0.547771755876595,0.5340762571969986,0.5203304058361372,0.5068569890027422,0.493679949556676,0.4803237793845561,0.4672061232414901,0.4541029279048986,0.4413038321660767,0.4281615226708017,0.4156524045935146,0.4028622253528404,0.3901049313108501,0.3772820327429473,0.36468401752591,0.352269441401476,0.3398176745626338,0.3274885545809766,0.3150858372094707,0.3027759741908521,0.2902957715131107,0.2780791276794376,0.2660251328649944,0.2538497067550302,0.2419767424390445,0.2300677616750555,0.2179347390914051,0.20609339791199,0.1943462276272457,0.1822605847765196,0.1699115479886526,0.1579815888366977,0.1462500726070766,0.1346352001977125,0.1228451468660025,0.1110651759443413,0.0993459089065796,0.0874611310089712,0.0758429800566533,0.0642086038178941,0.0526516758140025,0.0409748484584751,0.0291249839964043,0.0171759492586795,0.0052929176475974,-0.006358939059863,-0.0178054421676194,-0.0297699899107099,-0.0414255979225179,-0.0532748925882116,-0.0649936227026422,-0.0767718150355147,-0.0887423725474845,-0.1007106275855968,-0.112545667632414,-0.1241900074936651,-0.1358025999834664,-0.1474456287370505,-0.1594413392856828,-0.1711679910727954,-0.1830592249559715,-0.1951116708870198,-0.2070480608377065,-0.2189622993928746,-0.2310112441919349,-0.2429352946642975,-0.2549180138777252,-0.2669888372272372,-0.2789498288621193,-0.2912362661974773,-0.303528774534028,-0.3159175924513513,-0.3282317104544002,-0.3406691780691434,-0.3531776504289489,-0.3656746538791535,-0.3783674956923324,-0.3907547261183507,-0.4033430739518718,-0.416119230659002,-0.4289590341137991,-0.4419989519641196,-0.4548789784501597,-0.4677712892337805,-0.4808500780098078,-0.4940539160643284,-0.5072847596421319,-0.5205270459539313,-0.533955649375155,-0.5471800187430311,-0.5608150188384923,-0.574361230886513,-0.5882617788995856,-0.6022646871182884,-0.6160674274882195,-0.6303552288774196,-0.644534443116936,-0.6591929809804026,-0.6741455183475978,-0.6890161793770307,-0.7040939906386633,-0.7189673564759563,-0.7343640533490003,-0.7498126327108373,-0.7653470303206065,-0.7809764944236678,-0.7971036883871556,-0.8131954445903133,-0.8297397654070578,-0.8460354461962328,-0.8631192288780228,-0.8801304880061609,-0.897383075061429,-0.9148691158127964,-0.9323348446818778,-0.9503794693017726,-0.9688893860056512,-0.987479000765807,-1.0069176127058954,-1.026229119962774,-1.0462401106800323,-1.066584605101489,-1.088011260585359,-1.1098121150303462,-1.131880406989053,-1.1541211711761026,-1.1771598573682498,-1.2009415301933923,-1.2255375696093795,-1.2507854849755702,-1.2769427933134443,-1.303517520141766,-1.3317632326848692,-1.3609634042259624,-1.391499228804738,-1.4229820160678417,-1.4555070222396975,-1.4905740263591098,-1.5273883013444134,-1.5658918813667129,-1.6063730920713095,-1.6500344746846156,-1.697613674235093,-1.7497911805089217,-1.8063168402027263,-1.870696735551824,-1.943008395052637,-2.0270294950905767,-2.129203327569521,-2.258566198573972,-2.442528774710861,-2.7720219707258087,,,,,,,,,,,,,,,,,,,,,,,,,,,,,,,,,,,,
215,2.7778673476345515,2.443745130752524,2.259791381339111,2.1313765228971437,2.030092151966409,1.946750329349167,1.875401973187948,1.8124910432037704,1.757322646966152,1.7047293012503233,1.6577416033501915,1.6136944808712006,1.5724127672197632,1.5331404609579062,1.4964761034733998,1.4615942224927287,1.4284824293446787,1.3973346795162769,1.3671072618172242,1.3378991537604648,1.310233312607148,1.2827529363068984,1.2570251028433026,1.2316819914142685,1.2070576312299706,1.1829424169056113,1.1599277619209885,1.1377199512709557,1.1158849553682826,1.0943610436402589,1.073382742717517,1.052826090996272,1.0325892861356816,1.0131353437742554,0.9937558050158424,0.9748153076151368,0.9560859479462822,0.9377039935930664,0.919712830775026,0.9018720191324554,0.8844253657629002,0.8671981065104188,0.8505476410760975,0.8338292656976449,0.8175590175728243,0.8014768786182712,0.785514688373743,0.7698135493929138,0.7542530433469812,0.7389122977013826,0.723651016119767,0.7084065530725957,0.6932488829808113,0.6785273612073772,0.6637956330311298,0.6494911031424695,0.6352490075690961,0.6211285096341678,0.6070995909695867,0.593150642365558,0.5791827290722547,0.5652393287273055,0.5519163169809405,0.5383713529416163,0.5245133106775959,0.511061323138701,0.4977079620645682,0.4845805345689928,0.4713491933165422,0.4583146959103721,0.4455622420097551,0.432524503050343,0.4198923562896558,0.4073130087800501,0.3945534146894941,0.3817280504469301,0.3692359698927432,0.3567751134646034,0.3445169800276818,0.3319737753887913,0.3197048203937596,0.3074199492774655,0.2951078491263286,0.2828014004774782,0.2708614162864884,0.2587399704664391,0.2467092960209717,0.2350379085506496,0.222870092230288,0.2110525713795147,0.1993434112210662,0.1874656211278375,0.1751677814887053,0.1631627155781205,0.1515094106686846,0.1398932183012106,0.1282383737744894,0.116461808458166,0.1047911389644237,0.093130453216761,0.0812737323632715,0.0696964244386559,0.0582120213170482,0.0467301534860515,0.0349954007412778,0.02303689383543,0.0112754801060936,0.0,-0.0119030830406085,-0.0235404805125153,-0.0353096807856376,-0.0471500966650634,-0.0588296783993944,-0.0703717729673417,-0.0821324565779438,-0.0942128328217864,-0.1059387102965728,-0.1178016953453613,-0.1293152365609799,-0.1409544112974904,-0.1525928596994884,-0.1644067386350606,-0.1762243210570094,-0.1879784803405809,-0.2000426434627993,-0.2118563444318237,-0.2237366698706436,-0.2358157460546059,-0.2476119535990187,-0.2595780911622242,-0.2716785917454173,-0.2835243765313352,-0.2957928032993154,-0.3080107569448919,-0.3204022449959254,-0.3328095835826166,-0.3450895774526075,-0.3575810980737901,-0.3701241922933829,-0.3825332844640893,-0.3949724416582296,-0.4076269275296956,-0.4202449964820254,-0.433293254110082,-0.4461137016330871,-0.458917316865192,-0.4717988030405653,-0.4848224705082846,-0.4980340643655403,-0.5112333090897945,-0.5244310405858812,-0.5376793018152471,-0.551147169996992,-0.564588729542538,-0.5782467070531684,-0.5919930600374064,-0.6059256456232565,-0.61965595257508,-0.6339304930190413,-0.6481012216615274,-0.6628645933650682,-0.6777206014599702,-0.6925785712631299,-0.7074766333298813,-0.7224760111663044,-0.7377974153227456,-0.7530850020996303,-0.7687066578976468,-0.7842769577444113,-0.8003754487480762,-0.8164484196917756,-0.8330128017887503,-0.8493359845021918,-0.8662822984443932,-0.8831640489148441,-0.9004748619939604,-0.9177554623266766,-0.9352918058541336,-0.953249140983634,-0.9716865935428513,-0.9904675853881768,-1.009753586143084,-1.029181977053386,-1.0491345919433173,-1.0695625576709755,-1.090876530551152,-1.112675027890897,-1.1345389831850026,-1.1569051488876572,-1.1797205641486073,-1.2035728011485294,-1.228143041648251,-1.2533827154152293,-1.2794337493070012,-1.3061397109090584,-1.3343880722383037,-1.3633857503210065,-1.3940148217661512,-1.42530105997508,-1.4578493256283636,-1.4929351055822009,-1.5296318816337058,-1.5680864837943425,-1.6084230224538685,-1.6522036434052398,-1.6997401430451076,-1.7517145273611288,-1.8082936887399248,-1.8725652467024687,-1.9451471526127049,-2.028900195338916,-2.1312247172622056,-2.260387304856752,-2.4442647703072646,-2.773698195873169,,,,,,,,,,,,,,,,,,,,,,,,,,,,,,,,,,,
216,2.7793177167808643,2.4457665270783067,2.261693895218707,2.1330650881776325,2.0320750705875863,1.9486540778743524,1.877505942769348,1.814766499100132,1.7595649666991608,1.7066737023067886,1.6598390249607706,1.6158914717981678,1.5747529422514042,1.5354920599879578,1.498904221216185,1.4639323131820643,1.4308301199890887,1.3997295877549845,1.3694815428858012,1.340470868653975,1.3126125756295923,1.2852418973239632,1.2596961603811976,1.2344245589150555,1.2098003439246905,1.1858354536350668,1.1625816807091782,1.1404260870272682,1.1187527087032936,1.0972592271385584,1.076167278837895,1.0557746413119802,1.0355670496873857,1.0162058006039023,0.9966489360417298,0.9779155041700028,0.9592377241127964,0.940857208116054,0.9227672834103656,0.905226696055034,0.8877460967194593,0.8704340683524834,0.8538408106594699,0.8371968559239492,0.8207733898905725,0.8048946297667806,0.7890256492012713,0.7732261446004699,0.7577464101944233,0.7423138937793979,0.7271498050647092,0.7119968874693438,0.696816169468523,0.6821762551376447,0.6675882136439323,0.6531763476128457,0.6389225360983568,0.6248734778018235,0.6108051920884892,0.5970142799457705,0.583049595980511,0.5691319833364712,0.5556777741789644,0.5423952837446361,0.5285769437223393,0.5150680179068758,0.5017440286387868,0.4886452606233946,0.4754349184412795,0.4625019239275656,0.4496949996222565,0.436859951650724,0.4240811866109481,0.4115114466078444,0.3989099753647355,0.3862376474693484,0.373600010103989,0.3612629482292998,0.3489850191934519,0.336542776320204,0.3242650405624172,0.312039615658745,0.2997300828362939,0.2875567204908657,0.2754708936000318,0.2634935144530324,0.251476530790492,0.2397089367623601,0.227809147081183,0.2159123894774154,0.2041847948419622,0.1924434895722115,0.1804360221405215,0.1683120772028622,0.1565775006370148,0.1448939049178365,0.1334051149458267,0.1216593489284441,0.1099402874123593,0.0983678364426956,0.0868354303228506,0.0751033920793764,0.0636142182000574,0.0522208363250408,0.0405914684423073,0.028812935739054,0.0170607751431123,0.0053093184721845,-0.0061982355726779,-0.0177002378866058,-0.0293378866035699,-0.0410194330688542,-0.052757643778477,-0.064382307043812,-0.0760002593443852,-0.0878284452707603,-0.0996737306363999,-0.1113748988108554,-0.1230546138641681,-0.1345029977693636,-0.1462200660466061,-0.1577987490785881,-0.1695320075541664,-0.1812278060680512,-0.1931028458210742,-0.2050395039013099,-0.216735567311652,-0.2286790098677763,-0.240561725330202,-0.252294124738185,-0.264346536809971,-0.2762153443601006,-0.2881737349971659,-0.3005235293364214,-0.3127744149048041,-0.3250025878827234,-0.3373157625545118,-0.3495775823879578,-0.3621184727073274,-0.374572965398405,-0.3869005260562294,-0.3993552152036485,-0.411941647576242,-0.4246605883182639,-0.4374416446113135,-0.4503368448635669,-0.4630371401804001,-0.4758873031930881,-0.4888794126810259,-0.5021565695061921,-0.5151849808098707,-0.5283891275951346,-0.541664389737728,-0.5550747764387148,-0.5683486381447418,-0.5820589566604716,-0.5958063238959385,-0.6096337918555681,-0.6233705626189129,-0.6376434806131686,-0.6518339416024779,-0.6664833991711862,-0.6811767880409437,-0.6961198201533996,-0.7109869983718928,-0.725951714869148,-0.7413033044759343,-0.7564991021155766,-0.7720751796049465,-0.7875695848428506,-0.8037297374185176,-0.8198044063288881,-0.8362980007095986,-0.8525439975964672,-0.8693188036042511,-0.8862873625946671,-0.9035018698217528,-0.9207665284551572,-0.938298057158692,-0.9561917526764824,-0.9747577504197972,-0.9935082656534764,-1.012641720841329,-1.032073073236172,-1.052103723004455,-1.0724840749081328,-1.093598929352818,-1.1155221901291716,-1.1371916184224924,-1.159516723723522,-1.1824839284765984,-1.206193851393908,-1.2306695925220676,-1.255930495401229,-1.2820135222522049,-1.308742616940192,-1.3369106352921265,-1.3659185914107994,-1.396485101082407,-1.4275497169117937,-1.4602541406474965,-1.4950219275132055,-1.5319483382856232,-1.570378695070346,-1.6107262268329336,-1.6544171264703549,-1.7019232147345895,-1.7539109845291507,-1.8105544528484323,-1.8747003243690543,-1.947182302654744,-2.031117892357204,-2.1331790583940897,-2.262031224606897,-2.4461643536249773,-2.775301200077671,,,,,,,,,,,,,,,,,,,,,,,,,,,,,,,,,,
217,2.7812964121368013,2.4478620176033643,2.263332234568384,2.134879591975524,2.034016225140276,1.950464238678197,1.8792302721389569,1.816675880233304,1.7614584600568683,1.7087423691140022,1.661966137467089,1.61795088779998,1.5770328730935017,1.537822053789215,1.5012425328567411,1.466411034747024,1.4331413916307676,1.4020556736249952,1.3720307702922592,1.3429946707589246,1.315069326590626,1.2878929331392437,1.2622932869642154,1.237188224038949,1.2125167959551095,1.1888206825480272,1.1655276499610383,1.1432073828988352,1.1214598938491136,1.1000173216343414,1.0790572273677956,1.0586674693972151,1.0384498046107171,1.019267900541434,0.9996355172465876,0.9806770768551752,0.9623561846988334,0.943911030063722,0.9257726793473856,0.9083066083856072,0.8909298293914344,0.8735711390423667,0.857033288077945,0.8404589011312608,0.8241017945304284,0.8080834453421357,0.7923646885077728,0.7765231090418896,0.7610639406760298,0.745584716847725,0.7305067014682521,0.7154674128081403,0.700424491225533,0.6857485376094278,0.6711172093031827,0.6567069523811049,0.6425913653271873,0.6284907122933566,0.6145142554117545,0.6006337564780372,0.5867752731726862,0.5729449076383357,0.5593058506228927,0.5461887271578968,0.532484537711577,0.5190070029092725,0.5057870451535712,0.4926891068214476,0.4794990155996921,0.4666774973421462,0.4538581795420662,0.4410821501569215,0.4283518216486043,0.4157220501145926,0.4032064960458083,0.390668351862018,0.3780752218491843,0.3654949736722994,0.35340244506768,0.3410853773829551,0.3288094519319191,0.3166557273500002,0.304426455470409,0.2922105290621313,0.2801857506469107,0.2682945606459647,0.2562287848875931,0.2444829744789184,0.2326701783391762,0.2208327763426301,0.2091477511341969,0.1974359169104645,0.1854888677468837,0.1735407327192266,0.1617724082435785,0.1501019327065208,0.1384938497579469,0.1269711424647949,0.1151737454061555,0.1038012978631349,0.092245480418517,0.0806483488966597,0.0690909203380112,0.0577550749839766,0.046317058115468,0.0345701688192956,0.022779440403271,0.0112116699116972,0.0,-0.0119896010468764,-0.0233536913168059,-0.0351068646058454,-0.0464792370907963,-0.0583162201023845,-0.069902484295936,-0.081500896481214,-0.0933319792153491,-0.1051006994225705,-0.1166425088635088,-0.1280502292175766,-0.1396677970866726,-0.1512336247959727,-0.1628786969901745,-0.1745135961136591,-0.186246091976902,-0.1980650014139234,-0.209963485873216,-0.2215850489515463,-0.2334483477996192,-0.2452209105194021,-0.2571924145231833,-0.2690715336937661,-0.2808242847543183,-0.2929073008320224,-0.3051351113486253,-0.3173129740038726,-0.3295166515615241,-0.3418650619881915,-0.3542025001596745,-0.3665920256431888,-0.3789986979282244,-0.3913401761050791,-0.4037289451249202,-0.4163559887531137,-0.4289302195509457,-0.4417076714276131,-0.4544415059126002,-0.4671740310230631,-0.4799477918734073,-0.4929533905081279,-0.506204526107824,-0.5191733883744769,-0.5323753102118987,-0.5455790861821134,-0.5590434051250107,-0.572170020290143,-0.5859044302038903,-0.5996547507937524,-0.6133342846662582,-0.6272153485711448,-0.6413068123592088,-0.6554955137783147,-0.670259799287439,-0.6849808880834525,-0.6996660472256886,-0.7146086637466931,-0.7295810774526669,-0.7447564334917465,-0.7599941199254092,-0.7756265015606509,-0.7910246189597192,-0.8070826517240868,-0.8230726208303597,-0.839672489167126,-0.8557467832854975,-0.8726516856881444,-0.8897088765936482,-0.9066831426201044,-0.92389117343685,-0.9413484817327492,-0.95933903143942,-0.9777875201825728,-0.9965872274836856,-1.015705020830295,-1.0349705622382306,-1.0551534418078794,-1.075405408444685,-1.096615986881159,-1.1183638578416404,-1.1399584062751489,-1.162449374564116,-1.1853739636770897,-1.2087985884689096,-1.2332931707819792,-1.2586041820258296,-1.284718844023544,-1.3113915163392975,-1.33933183111025,-1.368474945565949,-1.398792887856848,-1.4299040835626082,-1.462645551248944,-1.497461636230469,-1.5342178296959266,-1.572694900501942,-1.6128488809310326,-1.6564020527897578,-1.7039069064400798,-1.7559522544596602,-1.812678839694388,-1.8768706351958324,-1.9490511758733815,-2.033238847964874,-2.134994979072981,-2.263603238941508,-2.447659493994762,-2.77655735640401,,,,,,,,,,,,,,,,,,,,,,,,,,,,,,,,,
218,2.7830989330275213,2.449708503120821,2.265096724269407,2.136489034996449,2.0360120828861668,1.9524661733365571,1.8812140829264457,1.818794168976012,1.7634917958227827,1.7108853473671737,1.6640597420911158,1.6203433397053533,1.5794334631650404,1.5400490450819904,1.503661333166982,1.468790214364207,1.435667500898463,1.4045982940293351,1.3745467440421255,1.3455802852323753,1.3177500834880014,1.290460042961301,1.2649266635614167,1.239985268497272,1.215298023426477,1.191627080853812,1.168364026871102,1.1459711022811383,1.1244896221439622,1.1030263068685862,1.0818937099172998,1.061597502759754,1.0413540253835176,1.0222610564233283,1.0026565626633508,0.9836893308318552,0.9654159823345332,0.9472401278522848,0.9288991356089996,0.9113772713347286,0.8941378643981032,0.8768246555263919,0.8601914626657133,0.8437565976387045,0.8273219555989785,0.8113136061729495,0.7957449812033199,0.7799163810726109,0.7645170875326184,0.7491165618070194,0.7339462362700461,0.7188956909350461,0.7038953625665926,0.6892923619615098,0.6746222172211909,0.6603678369872161,0.646300046559619,0.6321321695895334,0.6182939448176319,0.6043262991521029,0.5906537105700125,0.5768104548090387,0.5632513197909524,0.5501204708147347,0.5365175975406393,0.5231288053117642,0.5097728424035681,0.496704070738112,0.4837057838940835,0.4707676959912449,0.4578348924465577,0.4452549999390385,0.4326004544183582,0.4200514486825062,0.4074485209528403,0.3950654919778164,0.3825084947106069,0.3699902953047953,0.3577567243790781,0.3455754643287096,0.3333314479223959,0.3212630902095169,0.3090908211690448,0.2969273898753924,0.2847768608560246,0.2730127824825282,0.2609719375412799,0.2491941497172782,0.2374628764930331,0.2255907459957093,0.2139962189622406,0.2023558543536983,0.190476922374346,0.1785970434162882,0.166820895637472,0.1550449108611692,0.1435012624124586,0.1320497600175589,0.1204655560937214,0.1088820438939961,0.0976649143325552,0.0861015903285477,0.0745833013823212,0.0631248695578035,0.0517872872169256,0.0401987490223895,0.0284243282109224,0.0170288965728698,0.0054778465687392,-0.0062283992460389,-0.0175102444321092,-0.0290746887524227,-0.0406661177862312,-0.0521867264735241,-0.0637847561676503,-0.0752094846502295,-0.0870529175007059,-0.0987520594735089,-0.1103645389487934,-0.1216929447102767,-0.1332747648017675,-0.1447445239191494,-0.1563684618387479,-0.1679378404710656,-0.1795616832147543,-0.1911804262239785,-0.2029836835382054,-0.2146296319585613,-0.2264151926145577,-0.2383516453392986,-0.2500154610719755,-0.262007333405186,-0.2737100110259632,-0.2855333686354693,-0.2976187149638148,-0.3098582145853678,-0.3218731291266877,-0.333962750046716,-0.3463711604940056,-0.3587148431820783,-0.3709783702322622,-0.3833607424223674,-0.3956576205375108,-0.4079184749118504,-0.4206118985729126,-0.4332634059797148,-0.4460025824321851,-0.4586028713902001,-0.4712041563748504,-0.4840351248482931,-0.497075128406664,-0.5101166506284556,-0.5232422869709813,-0.5363259623036972,-0.5495714439834516,-0.5628432573402431,-0.5760380762096083,-0.5897924910580447,-0.6033510572816742,-0.6171569477200571,-0.6311002885417477,-0.6450706892962087,-0.6592135515227555,-0.6740643479837094,-0.6887134453278557,-0.7035067251878223,-0.7183084207721356,-0.7331878691250868,-0.7483536011087241,-0.7636366624511665,-0.7790547897214946,-0.7945534841862711,-0.8104649731503465,-0.8265990994207665,-0.8430104736786938,-0.8591683696195832,-0.8759933144176788,-0.89293874641043,-0.909952033880778,-0.9270570066445464,-0.9445042082408494,-0.9625760465948082,-0.980914074067784,-0.9996892228006522,-1.018743796669068,-1.0381405313539314,-1.0583561276417386,-1.0784545974344522,-1.0997806499295664,-1.1212472692902264,-1.14298858747531,-1.1655654691767352,-1.188179680411846,-1.2116371654600029,-1.2360568571732593,-1.261259923902671,-1.2876390433023952,-1.314165940532943,-1.3419471691095552,-1.3710942007891471,-1.401391239299124,-1.4327180592457205,-1.4651606804806732,-1.5001238114924205,-1.536732337985459,-1.574982990824802,-1.615266347674161,-1.6585116728459994,-1.70620496375391,-1.757803262960231,-1.8148846875024431,-1.879049052224879,-1.950986596918062,-2.035080495133296,-2.13685507749912,-2.265511269891101,-2.4495149857435674,-2.778278076413743,,,,,,,,,,,,,,,,,,,,,,,,,,,,,,,,
219,2.784581607462376,2.4513181368020125,2.2668180366107413,2.138395042553091,2.0376242108521385,1.9544190144060227,1.883432927458237,1.8209265361749096,1.7657822941841557,1.713256299021883,1.666293158581351,1.6228527446099184,1.5818401201488614,1.5425138827382878,1.506167971920412,1.4712849865278324,1.4381053396353116,1.4071583089014696,1.377191031332148,1.3483379251940306,1.320430238486886,1.2931404637150892,1.2675016572491589,1.242634112148093,1.2180204668329713,1.1944325572773071,1.171243034324456,1.1488967017559382,1.127312221713112,1.10585839778274,1.084872961415096,1.0645071598814173,1.0442986321422325,1.025135561704382,1.0058338090943866,0.9867820952936458,0.9684232456859688,0.9502390343461798,0.932104028482814,0.9144779339343077,0.8973519804362191,0.8800919351934604,0.8633554216325314,0.8470399286727343,0.8307169966917268,0.8145667883730121,0.798979762339935,0.7832926438054186,0.7679308489329414,0.7526046807393344,0.737231545748393,0.7225090764819863,0.7075236294262519,0.6928360684555135,0.678203129194556,0.6641108748376221,0.6499074997565478,0.635829403873375,0.6220121418463607,0.6080846422186563,0.594367802768193,0.5806920832785467,0.5670282535121558,0.5539763570802296,0.5405740287198161,0.5270853955705088,0.5137590179936653,0.5007043834124734,0.4877697226917038,0.4748834763327666,0.46197777551965,0.4492904777990102,0.4367949923047878,0.4242861534263217,0.4117721047792149,0.39928319050815,0.3869958620386314,0.3743747115630083,0.3620341880288603,0.3500777464392581,0.3378599068153243,0.3257910183582689,0.3136054319285147,0.3015413301084733,0.2893931219962126,0.2775626927445406,0.265635499801684,0.2538610045650424,0.2422109526546836,0.2304654168271833,0.2187573318969101,0.2071768565369865,0.195415172848353,0.1836942833152633,0.1718209886842778,0.160048522173776,0.1485884733806403,0.1372005120945245,0.1256298376753866,0.1140133230829902,0.1027587416125667,0.091372593461084,0.0800163052778655,0.0684595382866766,0.0571313116247766,0.0456927644181203,0.033957037760845,0.0225491003338068,0.0111326613899524,0.0,-0.0118912261210313,-0.0233255065895604,-0.0347812205414146,-0.0463122278170978,-0.0577973534829479,-0.0691923492852772,-0.0808062361040026,-0.0925361809382171,-0.1041834695639536,-0.1156198490841369,-0.1268298628406423,-0.1384234872668598,-0.1499758877126746,-0.1614096569358148,-0.1730084805533573,-0.1844869493172193,-0.1962525838042101,-0.2078006053318002,-0.2195335667708998,-0.2313535153309681,-0.2430277356284995,-0.2548718544822572,-0.266662210219333,-0.2783347097917042,-0.2901645171539846,-0.3024144120479709,-0.3144572841223391,-0.3263528863530854,-0.3384831770231546,-0.3510219330509972,-0.3630793990174764,-0.3753851318130898,-0.38768388700271,-0.3999486565726328,-0.4122475259852001,-0.4248917841381747,-0.4374564866409902,-0.4501476753558792,-0.4626617461408348,-0.4751491995495403,-0.4881474802507575,-0.5010768452152714,-0.5141061361386806,-0.5271303933626659,-0.5402880443319794,-0.5533933551083764,-0.5664996569435113,-0.5798617284922212,-0.59359351574033,-0.6070491647964261,-0.620852820213062,-0.6348891958139631,-0.6486134261968335,-0.663021519040043,-0.6776543936610486,-0.6922470705442604,-0.7071284161693224,-0.7218458907122376,-0.7365844575569225,-0.7516409826703463,-0.7669313071256499,-0.7823754456601726,-0.7977658917512499,-0.8137638532147734,-0.829891495337185,-0.8461947970488877,-0.8623456049361339,-0.8792698275889798,-0.8961555308224504,-0.9130979048213134,-0.9300117030856448,-0.9476221148244798,-0.9656121545664038,-0.9839035118673488,-1.0026881453828416,-1.0217386645554296,-1.0411112342255393,-1.061303235923501,-1.0814506310401295,-1.102766021974036,-1.1241472754005537,-1.1459219622658718,-1.1682415430102588,-1.190891097926451,-1.2142465527949924,-1.2388901042546765,-1.2638264325380582,-1.2900441805925429,-1.3167611632176763,-1.3444349609867572,-1.3734674488077507,-1.403829786454451,-1.4349988615021485,-1.4675340423753844,-1.5023891770715174,-1.539009950094623,-1.5771408727784662,-1.6173797152368965,-1.660810252052623,-1.7081768996476618,-1.7600765104477103,-1.8169582081735405,-1.8811300641882505,-1.9529741204907145,-2.0368769616914064,-2.138800541142702,-2.267307596588825,-2.4509304829969225,-2.779951952481688,,,,,,,,,,,,,,,,,,,,,,,,,,,,,,,
220,2.7859740369663597,2.4529723950635787,2.268689897822219,2.140389773313361,2.039512330553467,1.95656753764892,1.885498451427172,1.8232182372799617,1.7678644437767816,1.7152987389321592,1.6686974178985263,1.6252586050145883,1.584067095666247,1.5449789254079849,1.5086173226363793,1.4739321735521291,1.4406525959431755,1.4095281726175424,1.3798726400242882,1.3507855272857614,1.323021656824861,1.2956339993974726,1.2701353068367618,1.245279172908628,1.2208684185379044,1.1969991599781435,1.1739775789956992,1.151551506448939,1.1301731203426617,1.108739411400663,1.0878003692000402,1.06745600487802,1.0472066678670038,1.027996433953417,1.0087359485221346,0.9898651972735424,0.9715097331398608,0.9532545503352934,0.9353198277547844,0.9176372120314976,0.9004027698763901,0.8834929123250027,0.8665959561465882,0.8502442843749921,0.8340296290180748,0.8178696488372195,0.8021629963011514,0.7866583504848997,0.7713133995568782,0.7560641694214009,0.7407576128829619,0.7260046231896484,0.7110733221928732,0.6963699440366757,0.6817284921988045,0.6677236014819401,0.6535426470747684,0.6395481438036295,0.6256028620356158,0.6118776317300584,0.5980480999141784,0.5846016018385237,0.570842474240667,0.5577050359497824,0.5445377357473561,0.5311916882650297,0.5177855089099623,0.5046570378116664,0.4918698983756726,0.4789393190014366,0.4661429255566584,0.4533695503320525,0.4409980507787319,0.4285597551006475,0.4160308024759616,0.4036083771053913,0.391378137501934,0.3788889005666329,0.366475740353249,0.3544296903942703,0.3422728730418514,0.330254318880027,0.3182246372177128,0.3061690421624853,0.2939400807575821,0.2821467646688584,0.2703769904719013,0.2585903701199816,0.2470039992526555,0.235184794838441,0.2236139817983214,0.2120041849462617,0.200312230882476,0.188717631626345,0.177059715601946,0.1652051371073042,0.1537319747053024,0.1423620963523962,0.1308792944358193,0.1192390674092659,0.1079191527128299,0.0966712415811235,0.0852772378481513,0.0738806743097886,0.062576674201826,0.0512397758840097,0.0396637900294921,0.028130896536242,0.0168192746908407,0.0052103380224712,-0.0060629200493013,-0.0175095923429798,-0.0289542726591345,-0.0403954097583747,-0.0519708525188766,-0.0632664742355553,-0.0748399087241388,-0.0862925774417976,-0.0980207572383701,-0.1095294476297464,-0.120672628070959,-0.1319448692417312,-0.1436079227306137,-0.1548904964472233,-0.1663785431606506,-0.1779075570265889,-0.1894309533012102,-0.201020006163323,-0.2127640717781657,-0.2243654328898268,-0.2360298974989288,-0.2478151984282105,-0.2595591774173212,-0.2712141758159269,-0.2830043432224228,-0.2949430147534063,-0.3070590897541508,-0.319028932638944,-0.3309230935101887,-0.3431627621003252,-0.3554582974199732,-0.3675418297319452,-0.3797390045932783,-0.3921677998210197,-0.4042785335095892,-0.4166919739462946,-0.4290860835590083,-0.4416937877656756,-0.4542846583155785,-0.4667323557086369,-0.4793325565216859,-0.4921951530419226,-0.5050798413167162,-0.5180712197321675,-0.5312465342860261,-0.5441312753219276,-0.5573036296731718,-0.5703284247812657,-0.5837952255120367,-0.5973920200124978,-0.6108504234809237,-0.6246313615866619,-0.6385447598406135,-0.6523728821513427,-0.6667608133132458,-0.6813393831776547,-0.6959358780198558,-0.7106441678970464,-0.7254690813727392,-0.740194118735844,-0.7551262368742632,-0.7703805074896034,-0.7856734313796212,-0.8010764529750605,-0.8170782491621882,-0.833225348738534,-0.8493396854219256,-0.8655931993625549,-0.8825510124748702,-0.8993257519150675,-0.9161255985156468,-0.933168200186919,-0.9506389025559918,-0.9686938835004488,-0.9868948916992748,-1.0055522650772717,-1.024515621982707,-1.0440652049627748,-1.064162464999011,-1.0843205209116686,-1.105600609458657,-1.1269570024288331,-1.1487491086317716,-1.1710771871509158,-1.1935630412711953,-1.2168852045312384,-1.2413849931729644,-1.266468186286398,-1.2926517218297306,-1.3193406828085092,-1.347005032659983,-1.375972685491633,-1.4062249774301654,-1.4373667150116367,-1.4699733274593625,-1.504685719644732,-1.5411618952188368,-1.579434994498775,-1.6196586331980976,-1.6628306122220575,-1.7102868811315537,-1.7621731333974104,-1.819089388562928,-1.883014181864091,-1.9547035234964156,-2.0386974916626306,-2.1408838268719483,-2.268875208648556,-2.45242914203402,-2.78110141948048,,,,,,,,,,,,,,,,,,,,,,,,,,,,,,
221,2.787387140131009,2.4547709363867654,2.2707509070229714,2.142266826653098,2.0413683140924825,1.958495329233628,1.887537841316196,1.825336362840583,1.7698738541444312,1.717542714557016,1.6706584659500756,1.6272643380034313,1.5863285112914818,1.547024778614298,1.510837410033104,1.4761036933665082,1.442908098706538,1.4116676291289854,1.381960910070199,1.3531860958254485,1.32537389958995,1.2981749164863037,1.272663575725213,1.247675684103971,1.223422492255695,1.1997227220395286,1.1766446698082669,1.1542891405044695,1.132835237896776,1.111705718354266,1.0907155547417131,1.0704422674837002,1.050172105481802,1.0309757517795803,1.0117448183572213,0.9929321802269656,0.97457745065975,0.9562508614837952,0.9384319197395138,0.9208014564651708,0.9036191690956556,0.8866228909675334,0.86990593459606,0.8534616638709587,0.8373399523786458,0.8212319298153868,0.8055203577924652,0.7900131316855269,0.7746160044872166,0.7593929259577319,0.7443262315953345,0.7294151900157816,0.7146420108964259,0.7000412083037496,0.6852977682306584,0.6713160929201936,0.6572890077389762,0.6433506043852927,0.629353249690226,0.6156355408302874,0.6018611007580583,0.5883874400520499,0.5748110585497663,0.56161253349995,0.5484816362781542,0.5352073535279206,0.5218804664784988,0.5087261798798243,0.4959716104059873,0.4830994101275599,0.4702244764276325,0.4575931084536809,0.4451405887779632,0.432711452866188,0.4203659847945533,0.4078867945520982,0.3956117269720122,0.3832887173677792,0.3709163333703769,0.3588222975744818,0.3467173078988996,0.3347605159482156,0.3228006051255881,0.3108503773444953,0.2986183151713951,0.2868214157322175,0.2750464968481498,0.2632662281466505,0.2518339642545729,0.2400540220298958,0.228421680515332,0.2169347502723299,0.2052646628833969,0.1937901953323807,0.1821114064386335,0.1703901322451319,0.1587594151991111,0.1472743639755569,0.1360843723155399,0.1245273154796891,0.1131246058178065,0.101923614201156,0.0905947701861987,0.0791854746230195,0.0679845010638645,0.0567869859904274,0.045417725526343,0.0338449553563939,0.0224679166506404,0.0110330114814703,0.0,-0.0115957909009576,-0.023002369469466,-0.0344006326956956,-0.0459467775242303,-0.0572996720684583,-0.0685896405992606,-0.0800847689636261,-0.091630821033281,-0.1032085975790185,-0.1146126609337531,-0.1256824522741249,-0.1370862386088959,-0.1485522675466633,-0.1598799265690868,-0.1713485738454054,-0.1828567142891985,-0.1941928209980674,-0.2059393073806919,-0.217518102715226,-0.229050205467222,-0.2408249067774909,-0.2524993732381082,-0.264287515952672,-0.2756972082013386,-0.2874898758171179,-0.2994116105356113,-0.3114644878481981,-0.3234170192738423,-0.3352950386272002,-0.3476630597097632,-0.3598088396069117,-0.3717364182308331,-0.3839894794905856,-0.396323298863764,-0.4084076042053641,-0.4207153539292251,-0.4331242886281005,-0.4457404281363093,-0.4583084342106821,-0.470709399089639,-0.4833144302793894,-0.4960747372058586,-0.5089795096803519,-0.522029522893188,-0.5349650890518406,-0.5479319399109961,-0.560982961657443,-0.5740073627634089,-0.5874111002258137,-0.6010419925814043,-0.6143773683030833,-0.6282326200560254,-0.6420392735169042,-0.6558981665682609,-0.6702502133050702,-0.6848681843883418,-0.6993824069914699,-0.7139727726161498,-0.7288552891576126,-0.7436503208945624,-0.7584384074121242,-0.7737202400231398,-0.78900607028922,-0.8043196413872582,-0.8204669375558636,-0.836370004520191,-0.8524251445877344,-0.8687529399054594,-0.8856847741945639,-0.9023264688538036,-0.9190362023602284,-0.9361548045705,-0.9536048705482536,-0.9716013651348074,-0.989805275450404,-1.0084366220955707,-1.0273608658224327,-1.046795024263885,-1.0668630934588876,-1.0870623520034566,-1.1082500129747006,-1.1296443762808082,-1.1514410121337648,-1.173670689961201,-1.1961727554206008,-1.2195941625130766,-1.2438073758860448,-1.2689152851103356,-1.2949879093050445,-1.3217359872136778,-1.3493381756057676,-1.3783383856550802,-1.4084942834674656,-1.4394766895015618,-1.472238398047632,-1.5069400934888155,-1.5434230012864425,-1.581511541601634,-1.6218034148174485,-1.664900034339174,-1.712365870387122,-1.764038642618902,-1.820780010748612,-1.8849033248540144,-1.9565889852580345,-2.040744851435904,-2.1425509399629044,-2.270538652418047,-2.454306800497294,-2.782571566402274,,,,,,,,,,,,,,,,,,,,,,,,,,,,,
222,2.788300101833783,2.4562456670419426,2.2726788682283763,2.1444268299304974,2.043451352178463,1.960341442151134,1.8895589856732449,1.827432415157716,1.7719146506982488,1.7196294384240656,1.6728971265983346,1.629470740269397,1.5885977639227022,1.549415102725645,1.512992044109567,1.4784521545066491,1.4453603632563166,1.4141922747139506,1.3844588430468932,1.3557076984891294,1.3279336426555002,1.3008201432418889,1.275290037287179,1.2503449607185395,1.2260626821963532,1.2024654983512784,1.179422204691988,1.1570974905607756,1.135735024096972,1.1146525984367708,1.093545208645132,1.0733211038982338,1.0531726671127843,1.0338349631008503,1.014681854585893,0.9959514984718276,0.9775513722541376,0.9592975314104568,0.9416599067279428,0.923891656143143,0.9066952326509496,0.8896475194935116,0.87307991738415,0.8567959866631399,0.8406011873104053,0.8246275016920256,0.8087238682619695,0.7932985079729377,0.7780141606860661,0.7628612357824777,0.7476850319618729,0.7330083933566215,0.7181011765793691,0.7035115767494127,0.689016246631455,0.6748787475965082,0.6608895536057536,0.6469625857367537,0.63308343310678,0.6194232109940458,0.6055965048158035,0.5921016240778648,0.5787045519969335,0.5653849613544889,0.552246716544983,0.5391533518733308,0.5259265132095516,0.5126639768591194,0.4999677322761673,0.4871017557544117,0.4741987797734127,0.4615889680203235,0.4492178037885727,0.4369099103516749,0.4244282269426305,0.41213552950302,0.3998729512311741,0.387608812228682,0.3751754690909674,0.3631269651827764,0.3510776439643342,0.3390263066026753,0.3271692559365212,0.31542510493122,0.3033965833451435,0.291377157991448,0.2795845066149112,0.2679067209031923,0.2563590756574285,0.2448507366359949,0.2331797093537892,0.2216672487257405,0.2101495872986085,0.1986055997682368,0.187033253356259,0.1753660634296798,0.1638291512426403,0.1523617933860152,0.1409285852094261,0.1296293099993527,0.1182991724288764,0.1070333629299391,0.0958479391864758,0.0845111512664437,0.0732052083267026,0.0620841555069543,0.0509370737313103,0.0395343779451381,0.0280151443987735,0.0166168955458017,0.0052646489706877,-0.0059467794932529,-0.0172429064246888,-0.0286912748585369,-0.0399693554601501,-0.0514569629496492,-0.0626621315142461,-0.074019067820032,-0.0854653124836714,-0.0970208904140859,-0.1083712023260146,-0.1196060773686736,-0.1307437963650109,-0.1421251342868167,-0.153466026648921,-0.1648207967610719,-0.1763096460009565,-0.1877097454282117,-0.199055809906616,-0.2107743159532646,-0.2222736549757905,-0.2338275510241465,-0.2455468839228901,-0.2572474881822778,-0.2688214005151716,-0.2803785799860555,-0.2921173600771005,-0.3040761043698402,-0.3158805914133348,-0.3278510665121077,-0.3398452781041544,-0.3520247432648968,-0.3640615873545456,-0.3760204018420892,-0.3882835278679378,-0.400499697628988,-0.4126930567050435,-0.424935396672452,-0.4373255432822332,-0.4498048491677053,-0.4623499900485089,-0.474768165373588,-0.4873229824402211,-0.5000146638345077,-0.5129634494105371,-0.5259060092213381,-0.5387474895458269,-0.5517325681499963,-0.5648017175695189,-0.5777924773862971,-0.5912543787703702,-0.6047411133266278,-0.618124682386646,-0.6318825985826722,-0.6455898816229722,-0.6595221049234683,-0.6739398852844417,-0.688366056097626,-0.7028855575685319,-0.7174219755308423,-0.732131158267862,-0.7469744684311443,-0.7618725353808912,-0.7771097338043951,-0.7923493895871803,-0.8076036639576282,-0.823700944237062,-0.8394918651238511,-0.8555253859257415,-0.8720149489961874,-0.8887953082149562,-0.9053381610018084,-0.9219844551913068,-0.9391795465569598,-0.9566690240941754,-0.9747139687424032,-0.9926901223231448,-1.0113660961881004,-1.0303081123665572,-1.049628044672932,-1.0697437577801476,-1.0899930407230285,-1.1110470368716652,-1.1324504934873478,-1.1541331529579528,-1.1763360599997592,-1.198877427270082,-1.222387576557067,-1.246546454809377,-1.2715674758595872,-1.2975282096881242,-1.3241563265881535,-1.3518380630537064,-1.3809164929034146,-1.4108846850265884,-1.4418101112877244,-1.4745254765710043,-1.509281302638682,-1.5456782570884986,-1.583796799820918,-1.6240265793026816,-1.6673149941721328,-1.714644165775274,-1.7660322042002692,-1.823053821325877,-1.8869332511363277,-1.958614553200236,-2.042850711456834,-2.1443954688364384,-2.272149737528948,-2.4559745032546694,-2.7838251737146966,,,,,,,,,,,,,,,,,,,,,,,,,,,,
223,2.789631581981177,2.4579674248733414,2.2743983670295296,2.146277751380905,2.045401962922267,1.962473168046024,1.8917139159607488,1.829479580537809,1.7739671877858367,1.7219038274346408,1.675208877022058,1.6315489810545896,1.590775220702845,1.5516667171928389,1.5152964440341308,1.4809236267332726,1.4478514204146993,1.4164447229488644,1.3869867757951944,1.3582255742577891,1.3303847142693273,1.3034699069446316,1.277986882369745,1.25302883278442,1.2288023074839312,1.2051760491360897,1.1819998443145476,1.1598774892555412,1.138410802114035,1.1173932981082075,1.0965225449585247,1.0762384616210363,1.056122188990389,1.0368159535550254,1.0177611381123512,0.999053062977584,0.9805133651394332,0.9624270256469354,0.944816967109235,0.9268753480474836,0.909786319087338,0.8927670097215319,0.8762716305993068,0.8598416019209031,0.8437311413728046,0.8277361451834109,0.8121635750240551,0.7965777411396239,0.7813096791391941,0.7661937340588568,0.7510787734334057,0.736448397297916,0.7215732577180737,0.7070166537530005,0.6925969954313526,0.678446174681676,0.6643781151721374,0.6505552866765494,0.636649841960058,0.6230869377790952,0.6093770256353154,0.5957814007581623,0.5825278142537431,0.5692546960011936,0.5561055242846497,0.5430638196654975,0.5299634346226819,0.5168215694840207,0.5038558046586642,0.4912343746684152,0.4782830268850889,0.4657127634583209,0.4533343063319154,0.4411091177631152,0.4286860577173789,0.4164187991084978,0.4042135423852296,0.3920250861078195,0.3796054370126231,0.3674230994653585,0.3554961893780345,0.3435036563788652,0.3315307790782631,0.3199030239176066,0.308042266710436,0.2959600374741633,0.2841763945723563,0.2725319098025539,0.2609954825653492,0.2495595473590585,0.2379936540032852,0.2264628943162649,0.2149340078050036,0.203472522596827,0.1920362071148256,0.1803689574768028,0.1688196793583001,0.1573212604096222,0.1460166021048237,0.134744009854102,0.1234330940340643,0.1122077194450672,0.1011148160463455,0.0898314082513055,0.0786168520167666,0.0674426308139643,0.0563421204994777,0.0451161493470369,0.0337049719001122,0.0223235138630048,0.0109444222635065,0.0,-0.0114678901029903,-0.0228156351953964,-0.0340026386708904,-0.0453669175017963,-0.0567845644444925,-0.0679312434370099,-0.0792976851127447,-0.0908086641402129,-0.1021884427348099,-0.113382072052373,-0.1245889761279135,-0.1357841500397123,-0.1470898425604562,-0.1583806940623224,-0.1697551304151989,-0.1811377204093362,-0.1922711475437302,-0.2037998678631578,-0.2154440448780404,-0.2269578877397884,-0.2384025422474136,-0.2501614701012093,-0.2617920307973289,-0.273271563879794,-0.2847616548040004,-0.296487015383889,-0.3085086340646989,-0.3201790764674491,-0.3320844898417682,-0.3442871172338316,-0.3561963015499944,-0.3682016577523516,-0.3802082935914087,-0.3924642860797659,-0.4045448416782337,-0.4167582044671187,-0.4289375564337102,-0.441297051460857,-0.4536839110326322,-0.4662590195349261,-0.4785735284858208,-0.4911557002411753,-0.5038539430806636,-0.516803506696572,-0.5295106762719514,-0.5425428588587925,-0.555432651911362,-0.5682769278094374,-0.5814747325768559,-0.5948370420611664,-0.6082051228885493,-0.621766304031864,-0.6352898481827957,-0.6491031218050884,-0.6631703690447214,-0.6773511225063507,-0.6918491125015925,-0.7063673498114782,-0.7207475009899851,-0.7354755919267967,-0.7502471072129434,-0.7652075310838452,-0.780249508541769,-0.7956368704905109,-0.8109570529341917,-0.8269318127005653,-0.8427396126771055,-0.8587571917994679,-0.8752125343980424,-0.8917331965003292,-0.9083622295540944,-0.9249776638141982,-0.942200660938608,-0.9596993183407136,-0.9777094240902704,-0.9955013017312682,-1.0141891040255342,-1.0330736322445402,-1.0525291367474792,-1.0725917473196949,-1.0928766035178534,-1.113874171404013,-1.135085586561579,-1.1568999665298725,-1.1788068578560231,-1.2016218220030777,-1.225002858571132,-1.2490168631448657,-1.2741417455645916,-1.3000989821557845,-1.3269550537786077,-1.3542684809683372,-1.38343554354051,-1.4131954586462363,-1.444027823788129,-1.4768946885908478,-1.5116799707787008,-1.5477715448452785,-1.5859282191294637,-1.6260287210783109,-1.6693337161838129,-1.7167115687535264,-1.7680071846644831,-1.8249540409914904,-1.888813713828888,-1.960559986393184,-2.0446901078541626,-2.146441371058861,-2.2736358187455257,-2.4573754779481454,-2.78506564511192,,,,,,,,,,,,,,,,,,,,,,,,,,,
224,2.790923012826035,2.459599769468105,2.276091823761279,2.148109983116727,2.0473185416802977,1.9643427563212408,1.8938388682226504,1.831532980384723,1.776085781970999,1.7240863559898767,1.6773754378928778,1.6336926927309985,1.5930623433988556,1.5539497199033545,1.5177952483647008,1.4832682716381482,1.4503025112764472,1.4188726309555135,1.3893779112002391,1.360551504516096,1.3330118899350465,1.3060731198616249,1.280585598490403,1.2555691685830477,1.231408556711288,1.207653903296526,1.1848535022505535,1.1624605468752407,1.1410750668335203,1.1201619236589802,1.0994084954657144,1.0790934691515128,1.0589927929471954,1.0397566030793264,1.0208263552048824,1.0020807708172803,0.9836004692119864,0.965511063872592,0.9478820947270552,0.9300170802428052,0.9129072776816428,0.8958876086636582,0.8794892258706198,0.8631129235229688,0.847044943121347,0.8310984590822944,0.8154181090518098,0.8000779279774257,0.784702882934029,0.7695511668546055,0.7545993448383415,0.7399230812281543,0.7250062896801808,0.7106654640504002,0.6962461402912582,0.6820601528441534,0.668053405181563,0.6542291519426561,0.6403824211873054,0.6267534534376278,0.6132692550704308,0.5995639556800301,0.5863580914885472,0.5730716415074939,0.5599784241516305,0.5470274441861378,0.534003190926997,0.5209214593958652,0.5079172737580844,0.4952453511560988,0.4825109384137231,0.4698156944423844,0.4575574519431378,0.4451817911708962,0.4327409213525579,0.4207122965804481,0.4085051015365133,0.3964622197087443,0.3840147701827612,0.3718576642614112,0.3597802265026135,0.3480180159102037,0.3359946541958926,0.3242875670198732,0.3125867221661232,0.3006259737161081,0.2886969655430169,0.2771239937857668,0.2656378234621588,0.2542074965992288,0.2428155215155797,0.2312439695813995,0.2198372910073602,0.2083719676225835,0.1969204622890344,0.1854785921422163,0.1738949284115061,0.1624094389588925,0.1511271628088077,0.139799569537429,0.1286145527715695,0.1173252439346232,0.1062450757319476,0.0950967383221587,0.0839743321371788,0.0728724925686687,0.0617048011931929,0.050574454304287,0.0392535594854239,0.028044970038647,0.0167100326694521,0.0053892820333313,-0.0057637863070524,-0.0169529621487603,-0.0281471695254703,-0.0394548378108001,-0.0507374352551255,-0.062042222796129,-0.0732605195637136,-0.0844854016973864,-0.0960644554502335,-0.1071882346256079,-0.1184708410800844,-0.1295752337506801,-0.140704035432995,-0.1519711037796121,-0.1633493945517461,-0.174622252289976,-0.1857658528025401,-0.1970335444999021,-0.2086104365917576,-0.2200851260057481,-0.231677615544079,-0.2431729411498305,-0.2547048840154632,-0.2663004355017113,-0.2777190860946543,-0.2893244057852777,-0.3010822956021134,-0.3129556571415999,-0.3246422752081423,-0.3365425007239201,-0.3486462744872489,-0.3605350631154053,-0.3724806570786133,-0.3845182118445986,-0.3966204867637458,-0.4087562012859412,-0.4209401517853682,-0.4329778911825366,-0.4453062248591783,-0.4577262771911918,-0.4702134529850211,-0.4825252539709365,-0.4951790137892209,-0.5076710718486792,-0.5206215478480608,-0.5333216543411471,-0.5462290481780545,-0.5590763589302058,-0.571879879548466,-0.5851917031549788,-0.598425642438692,-0.6118397949569749,-0.6254007466493915,-0.6388382182686227,-0.6526629153218754,-0.6667365699595688,-0.6809307177174255,-0.69523510991591,-0.7098464552228685,-0.7239778962394355,-0.7387858368127963,-0.7536921374787215,-0.7685748276655632,-0.7835992118743401,-0.7988122977437541,-0.8142989835170625,-0.8301486934768826,-0.8459401784650156,-0.8619728749895214,-0.8782379660757641,-0.8948996826157317,-0.911353552616263,-0.9280127546390736,-0.9451597023193432,-0.9625874230339196,-0.980600683910476,-0.9984002642143726,-1.0170148858488148,-1.0359101805955842,-1.0554462018804844,-1.0754551892995745,-1.0958541850122805,-1.116720846627892,-1.1378004773074422,-1.1596214286174484,-1.181541731412442,-1.204195109283018,-1.2276282394900595,-1.2516292676608165,-1.276776487032188,-1.3026304600124936,-1.329346629195408,-1.356771730136761,-1.3859718531071683,-1.4155790419363794,-1.446337950466759,-1.4791601296378736,-1.5138600177437505,-1.549899836065519,-1.5881372124107986,-1.628087235593651,-1.6715251426370483,-1.7188164068683132,-1.7700367149169458,-1.8270015928226744,-1.8909013280636648,-1.962482448733441,-2.046610339738167,-2.1482213912812598,-2.275449046310112,-2.459578770326824,-2.786315617808764,,,,,,,,,,,,,,,,,,,,,,,,,,
225,2.7923328942937817,2.4615718378182048,2.2776802758111696,2.150080967209244,2.049204062466399,1.966109488132564,1.895705345780046,1.8334924822871812,1.778017927601404,1.726192306896699,1.6794586762180508,1.635655315949513,1.5951000061291225,1.5561035088634816,1.5199054228925204,1.4853366064791524,1.4525018618815204,1.42109443078673,1.3917539642957677,1.3627561597406184,1.3353572167957026,1.3083778251375744,1.2830453526972594,1.2578995458959052,1.2338955312633857,1.210210640398529,1.1874437693083713,1.1648795788868005,1.143518994405528,1.1226560033457431,1.1019492401323754,1.08184796813741,1.0615531626673216,1.042366606167069,1.023577864436377,1.0048042823431445,0.9862358268092624,0.9683770485595876,0.950841928294708,0.9328624643240012,0.9158132845166777,0.8988107373601902,0.8823062957023116,0.8662248595536761,0.8501311860547661,0.8340145418949217,0.8184744554164465,0.8030966792736842,0.7877871846217566,0.7725993244680817,0.7578724886212418,0.7430747249144003,0.728335798167628,0.7138248787676679,0.699638156748311,0.6853752805585873,0.6712911218749551,0.6575696728010924,0.6437885047398346,0.6301224191963987,0.616745651275109,0.6031274156662961,0.589846715278463,0.5767034578078639,0.5634602426788816,0.550565016905416,0.537575875004154,0.5246003975100768,0.511595168226691,0.4988946872741454,0.4863583564160915,0.4737346165951738,0.4613909623568702,0.4490096641286859,0.4367145432450343,0.4246211188706373,0.4125429314371883,0.4003783725518897,0.3882152149026127,0.3760680213673831,0.3639979838303358,0.3521260562077236,0.3402727427051786,0.3284780592708247,0.3167864088810652,0.3049958108043941,0.2931462333933903,0.2813940366702285,0.2700390997583776,0.2585175800141169,0.2472795420324023,0.2358433184953725,0.2244764892207392,0.2128942542911899,0.2015875321813962,0.1901447299814443,0.1787476510525953,0.1672353127448509,0.1559033925138901,0.1447210761188543,0.1335266018906425,0.12229946351391,0.1111237428062552,0.1000268842282874,0.0890090276828147,0.0778780464435695,0.0668614916765392,0.0558845228053222,0.0446412852068606,0.0334355375475013,0.0220917553927296,0.0108204116937403,0.0,-0.0114425763227033,-0.0225203067474744,-0.0336860319156416,-0.0450408947606671,-0.0562908723469501,-0.0674145488371343,-0.0786354644114404,-0.0900348020350578,-0.1012533074203698,-0.1122921885678922,-0.1234905725451292,-0.1345459198791905,-0.1457912058464902,-0.1571336506197136,-0.1683050647570221,-0.1794151069800031,-0.1906891221356737,-0.2020104568186754,-0.2134292201848167,-0.2248917329248752,-0.2363659946679865,-0.2478784254121917,-0.2594063885716008,-0.2708319711399801,-0.2823533890426908,-0.2940349423718299,-0.3057401590968518,-0.317420468529457,-0.3290906522156984,-0.3410776492377641,-0.3530694962566031,-0.3650311038242476,-0.3768085726886162,-0.3887979372203807,-0.4009728690252543,-0.4128993232864529,-0.4249462890559026,-0.437117054301176,-0.4494711341731281,-0.4617985927535061,-0.4742742563416345,-0.4866684326780849,-0.4991172467713352,-0.5118628511823543,-0.5245470937573388,-0.5372581016609708,-0.5500687187982382,-0.5628642572108794,-0.5757768365961271,-0.5891551687925315,-0.602186491975276,-0.6155549106276028,-0.6291732098471823,-0.6425200960043117,-0.6563913621992626,-0.6704954658860329,-0.684674292101026,-0.698854623667071,-0.713195687554367,-0.7275957467483658,-0.7424045843698442,-0.7570948397162583,-0.7718874713610876,-0.7870068780610442,-0.8021523731537223,-0.8177027065180534,-0.8335008187953623,-0.8491405947681393,-0.8651358304112724,-0.8816191344007289,-0.898098215340151,-0.9145403157882468,-0.931102704247332,-0.9481242852879972,-0.9657746373892262,-0.9836727110614468,-1.001467368412128,-1.0200934213118922,-1.0389710318430692,-1.058452746131446,-1.0785301881314502,-1.0988894658088777,-1.1197540377007813,-1.140772904940128,-1.162387683674422,-1.1844236386207518,-1.2069321489287532,-1.2303857210663098,-1.2545031480785571,-1.2794654744606635,-1.3054791713188902,-1.332114985417845,-1.3594373803904265,-1.3885814843755824,-1.4180752862781951,-1.4488481230827226,-1.481714023241471,-1.5162469626785968,-1.5521852412778043,-1.5901913320467511,-1.6303853870694227,-1.6736668191950026,-1.721004135800151,-1.77232060972308,-1.8292069114310296,-1.892928578163279,-1.9646346353476665,-2.048568549942672,-2.149804305231324,-2.2773289143086344,-2.46116953203323,-2.787971331026444,,,,,,,,,,,,,,,,,,,,,,,,,
226,2.793407826621312,2.463017714120169,2.279323407846125,2.1517488395303968,2.050902982490012,1.9678971813056771,1.8977260262026676,1.8354565570190744,1.780210755465379,1.7282914647117231,1.6816167193937848,1.637907571497948,1.59740148275867,1.558441894911082,1.5221643331486183,1.4877044916812137,1.4549752496453765,1.4234515755128774,1.3942215635028,1.3652053795448529,1.3378230033662857,1.310946897607512,1.2856352519397234,1.260553383055159,1.2364918061087646,1.2129540808040935,1.190178239083418,1.1676669401319986,1.1461617441226566,1.1253044554923537,1.1047894213929752,1.084681126757166,1.064475522173437,1.0451846091630803,1.0264369160676792,1.0078440586255333,0.9891529063131868,0.9712130917663264,0.9538821211663352,0.9359911743136896,0.9187819137499466,0.9018624187014468,0.8854439897423666,0.8693180130762328,0.8533746240814583,0.8372515519337479,0.8216401016786216,0.8063898035284596,0.7909512195052597,0.7759153245735646,0.7611325224280893,0.7464329626914014,0.731833262225928,0.7172681733858267,0.7031104202825118,0.6887247751803242,0.6748153725193516,0.661102939484307,0.6473116882568525,0.6336980061017441,0.6202842593406335,0.6068467254665935,0.5935405219248251,0.5804914115414115,0.5672100661371314,0.5542865309318379,0.5413383476970901,0.5285158099184314,0.5155148705350193,0.5027906037749411,0.4903041607172587,0.4777463382923739,0.4653522018595304,0.4530760031432038,0.4406550966899162,0.4286183033772994,0.4167265843473164,0.4047125217267963,0.3924990681850623,0.3803070390803518,0.368253253082615,0.3564211361901933,0.3446455607633885,0.3329221635608448,0.3211421846662002,0.3095186578773224,0.2977064535213846,0.2859916915248324,0.274458043793617,0.2630142286101191,0.2517409176785727,0.240545764920803,0.2290348072090652,0.2176257541987558,0.2063566429227366,0.1950508527327303,0.1836278594497385,0.172178405500151,0.160824315969412,0.1496522624154714,0.1384993523005669,0.1273200791841751,0.1162106239998933,0.1052382528690616,0.0942000100439809,0.0830542178207344,0.072035971996643,0.0611712180373709,0.0500206519663977,0.0389148808363506,0.0277010333308151,0.0164738029827718,0.0053170626865748,-0.0057954001125276,-0.0168776898525683,-0.0279233555782099,-0.0391212585946101,-0.0503211380105558,-0.0615375211811491,-0.0726633074796358,-0.0839558411338131,-0.0952733207216277,-0.1062457896023119,-0.1172171683971211,-0.1283463807511742,-0.1394613574342597,-0.1507203539079141,-0.1620543304682093,-0.1731328556084385,-0.1842046150654402,-0.1953979764902374,-0.2066295774509134,-0.2180612549913459,-0.2294688953041363,-0.2409595237709644,-0.2522850847975454,-0.2638272723207349,-0.275250187406525,-0.2867882285606722,-0.2984095156325851,-0.3100929480467771,-0.3217129394816344,-0.3334380236481891,-0.3453192832169896,-0.3571145510842161,-0.3690600210094633,-0.3808635022587919,-0.392877330136672,-0.4049380328430639,-0.4168377290700842,-0.4288124067782619,-0.441036992147636,-0.4533469801711581,-0.4656511878578794,-0.4781163775612042,-0.4904093105272742,-0.5029598104212292,-0.5155490244270423,-0.5282969645525838,-0.5409413105477137,-0.5536531026829055,-0.566441204594662,-0.5794298749181261,-0.592672469253362,-0.6057435275898085,-0.6191126127018135,-0.6325317138953306,-0.6461779541703943,-0.6598120469908696,-0.6737856640788367,-0.6880229315890283,-0.7021944018586459,-0.7165102323973972,-0.7309838502057789,-0.7457116075615501,-0.7603510931850009,-0.7750088904062783,-0.7901702691793059,-0.8053004567719643,-0.820753853080445,-0.8364977216011524,-0.8521636904171628,-0.8682969596433315,-0.8845603069849974,-0.9010415245634364,-0.917395872232786,-0.9338910256357622,-0.9509533778089272,-0.968580060093618,-0.9863779428835528,-1.004233476954056,-1.0227605856920494,-1.041769292118266,-1.06096352838369,-1.0811455252036226,-1.1016011580058522,-1.122292878421236,-1.1433622524792295,-1.1649068810424037,-1.1870859615673728,-1.2094139891845432,-1.2328766567035132,-1.257055691674157,-1.2818256175474203,-1.3080278444152642,-1.334426480782663,-1.361745294557406,-1.3907728954506202,-1.4204252226141827,-1.4511718301939935,-1.4840471954837815,-1.5184843746353454,-1.5541631842493209,-1.592139070508007,-1.6323453238309336,-1.6756823449630531,-1.7229996184841847,-1.7740848494747523,-1.8311082792973168,-1.8946079300907035,-1.9664617804278248,-2.050467145239881,-2.151653282720081,-2.2793107649302304,-2.462772424814586,-2.789848476577072,,,,,,,,,,,,,,,,,,,,,,,,
227,2.7943843631170666,2.464640947439827,2.2813027835082136,2.1533557331459883,2.052890775399738,1.9698705613832652,1.8996806604788223,1.8375778161880665,1.7822912802638893,1.7303286843118473,1.6835743413782556,1.639795055116769,1.5995354732206015,1.560476810714341,1.5244983508686205,1.4899318884758952,1.457249811034255,1.4257178761670195,1.3964645172868864,1.3677035741423482,1.3401190406666736,1.3134015556216778,1.2880670816527051,1.2629856105233752,1.2389918672174658,1.2155347730267896,1.192877591079831,1.1704401282694854,1.148921765390457,1.1279890612999344,1.1074678601665255,1.0873532209150294,1.06742420386736,1.0479808285859242,1.029215200695348,1.0107745682599871,0.9920334423663144,0.9741629969678348,0.956766281647778,0.9391311000403963,0.9219142811205664,0.905008441255311,0.8885047876651317,0.8724490583766583,0.8565325549862574,0.8404926720191718,0.8247523493450959,0.809540333194827,0.794323541837351,0.7792095744251593,0.7643634423291338,0.7497305775915505,0.7351867198426942,0.7207682681025379,0.706443196999579,0.692255503415833,0.6782320768790784,0.6646647305580798,0.6508248672904055,0.6372648352268933,0.6238402539056861,0.6105186963486935,0.5972219948120099,0.5842283224984196,0.5710520255177146,0.5580757036584624,0.5451512142253389,0.5322971940263306,0.5194519806693605,0.506802697572112,0.4942167939214695,0.4816644053606265,0.4694296461486222,0.4571690612397348,0.4447200632552707,0.4326146161305074,0.4208550047396395,0.4088405563572833,0.3967209917387861,0.3846048890868239,0.3725732725951305,0.360700225299035,0.3489600192884386,0.3373199312325178,0.3254885750987261,0.3138959456111868,0.3022673774322922,0.290577858304623,0.2789663325946732,0.2675333218748448,0.2562950905656617,0.2451309134449981,0.2338074766399075,0.2224137155580715,0.2110779206551547,0.1997589369574698,0.1886171758214659,0.1770884906915001,0.1658031303695237,0.1546307665407875,0.1435074290407858,0.1323635587287169,0.121334183808066,0.1102765098285666,0.0993702094437805,0.0883827383825599,0.0772051054289892,0.0663088607772616,0.0553309938483968,0.0443258562914638,0.0332251149046046,0.022056428634292,0.0108874829595857,0.0,-0.0112616948727116,-0.0222728374493033,-0.033313390513394,-0.0444859958757984,-0.0557180600047404,-0.0668111783061912,-0.0779751171529188,-0.0892105996728028,-0.1003658809666495,-0.1112628514973236,-0.122241623447355,-0.133380416141445,-0.1444616669345196,-0.1557138853110189,-0.1668722398664991,-0.177830161592056,-0.1889215124527925,-0.2000981313989461,-0.2114002315007672,-0.2227835021513728,-0.2340616986933464,-0.2455874602137838,-0.2568805123140011,-0.2684133289411224,-0.2797420020574978,-0.2912998303009766,-0.30284107733713,-0.3144755491445138,-0.3261189674625424,-0.3378820763752128,-0.3496375093933893,-0.3614337508766151,-0.3733567065747293,-0.3850267203398937,-0.3970657742380735,-0.4089385494694854,-0.4207145190827283,-0.4329266996048736,-0.445083563177458,-0.4572782322762062,-0.4696359546933652,-0.4818518473244359,-0.4943831277216338,-0.5068346028012766,-0.5195134391775,-0.5320354108696052,-0.5446947874321042,-0.5573009590489545,-0.5701367875735552,-0.5832157370150718,-0.5962785492530219,-0.6092810176196809,-0.6227458268651452,-0.6361474743120944,-0.6497447912249743,-0.6633157457155076,-0.6773662358910751,-0.6914826688702012,-0.7056811504738594,-0.7198579869385008,-0.7343974765565109,-0.749066001727977,-0.7635979715739329,-0.778277906920961,-0.7934364907785583,-0.8085196735251324,-0.8239073517858471,-0.8397071084212617,-0.8551976552963151,-0.8714357711292813,-0.8874636885568862,-0.9040605204210884,-0.9203305351037184,-0.9368438471544832,-0.9538992732822118,-0.9713762713315538,-0.9891760969277752,-1.0070684711284326,-1.0256431072636336,-1.044578681992746,-1.0637331122680451,-1.0839441433352046,-1.1044068692508875,-1.12495219584845,-1.1460129201511593,-1.1674254297342062,-1.1896903518691428,-1.2119946381751536,-1.2353249476358452,-1.259480409362123,-1.2843320790488182,-1.3103235532928614,-1.3368031024777565,-1.364181275072612,-1.3930429425090638,-1.4227471745387206,-1.4534346610679438,-1.4863017096118532,-1.5204824826707355,-1.5562513158336524,-1.5941564777773185,-1.634579058251786,-1.677853421876051,-1.7250172127849506,-1.7762049206868291,-1.8332782106000949,-1.896686343694717,-1.968414841006833,-2.0524167041795374,-2.1535093177520803,-2.281115085338836,-2.464334823599156,-2.790770948142275,,,,,,,,,,,,,,,,,,,,,,,
228,2.796325765387307,2.466398081827175,2.2834491496035887,2.155264602316856,2.0549150591866647,1.9721229270819545,1.9017199118515744,1.839690637423792,1.7843166046496848,1.7325708554299093,1.6857904991491142,1.642176021163924,1.601686228716197,1.5627730432071407,1.52681371422097,1.492543992447595,1.4596214589712992,1.4281621809013183,1.3989087726105651,1.370120743255535,1.3426301979095727,1.3156997042664125,1.29051665791064,1.2655334760485295,1.2415132950994971,1.2181193389029386,1.195451646738834,1.1729355031898945,1.1516100913450014,1.1306372570582834,1.1102026913483047,1.090062175158363,1.070270693652429,1.0508464103401165,1.0321160588038043,1.0135490875417652,0.995033463889033,0.9769995117802788,0.9597500158631204,0.942191316002318,0.9247752737706766,0.9078776825612406,0.8916172587729292,0.8754366749741084,0.8595183529874215,0.8435929549538596,0.8279090026047315,0.8127085253947152,0.7974203741230592,0.7824868823240079,0.7676193033256657,0.7529620034262171,0.7385083692593944,0.7240917548118008,0.7097969935465698,0.6956798969716161,0.6817282973114172,0.667923403158893,0.6542916275549764,0.6407494420309993,0.6273386625976262,0.614029594616932,0.6007955840180959,0.5876744956568184,0.5747679973838483,0.5616173944483501,0.5488506870207812,0.5361179603175382,0.5232764365199847,0.5105779775723844,0.4980752615907751,0.4855479808236524,0.4733949768273494,0.4610874068520921,0.4488009587302227,0.4365697452727301,0.4249037203073226,0.4129623933376117,0.4008352363395266,0.3888730411738802,0.376898362832798,0.3649363703217926,0.3531865796760809,0.3415740210549891,0.3299363431257473,0.3183771777649518,0.3067320956650361,0.2950198226422951,0.2834567247587889,0.2721073219391675,0.2607939409491486,0.2496243285371391,0.2384793029786731,0.2271456091397373,0.2157063157151103,0.2044791585517452,0.1932703866203841,0.1819924301627157,0.170717214186534,0.1594416255773333,0.1483972048583018,0.1372196658383287,0.1262251877909466,0.11532879784786,0.1043828376559197,0.0934802102789283,0.0824235643332218,0.0713642451197296,0.0606190845222911,0.0496302649708711,0.0386465357791701,0.0276105063820392,0.016352189603623,0.0053272360106381,-0.0056445815187541,-0.0167646311865144,-0.0276249673130197,-0.0386789109439225,-0.0499377645388003,-0.0610049832073665,-0.0720784774668034,-0.083264281832998,-0.0941800842667816,-0.1052762763020815,-0.1162274847653962,-0.1272187011267454,-0.1383488106236995,-0.1494657480703741,-0.1606852963435376,-0.1715715822312557,-0.1825642876171293,-0.1936262420164431,-0.2047738755700289,-0.2159891832231155,-0.2274609756618285,-0.2387723571721746,-0.2501377237482196,-0.261537049044704,-0.2728956752193922,-0.2842064850016901,-0.2957789832070946,-0.3072486886544994,-0.318799258180799,-0.3305049456075783,-0.3421958473253594,-0.3539884727120849,-0.3657391634234941,-0.3774880235856043,-0.3892094579887636,-0.4012343613961146,-0.4128426704800514,-0.4248709472950905,-0.4370139623191662,-0.4492369909038803,-0.4614283102456928,-0.4735610864408754,-0.4857196311350003,-0.4981338198259891,-0.5107773829392878,-0.5232864934418978,-0.5358701121021656,-0.5484609704502463,-0.5610830194097236,-0.573888747130643,-0.5868458138734226,-0.5999982579435497,-0.6129578934337253,-0.6263568758885398,-0.6397672163934404,-0.6533526777043993,-0.6669740625866908,-0.6809431129430995,-0.6950157420202768,-0.7091454821080451,-0.723287627438477,-0.7377993252232653,-0.7523577087231521,-0.7667679522575503,-0.7816708558598817,-0.7966016446300263,-0.8116699745265532,-0.8269931326241076,-0.8427922612659131,-0.8584433330293044,-0.874476966793082,-0.8905645645064848,-0.9071136408279792,-0.9232874286186604,-0.9397757960091572,-0.9569407720759832,-0.9743162044330748,-0.9918638613251632,-1.00988216284486,-1.0284565914234332,-1.047189936840822,-1.066704886039057,-1.086829870955356,-1.107186692842895,-1.1277355980268116,-1.1487840596346988,-1.1702075879575382,-1.192387950423612,-1.2145199937711804,-1.238003138125552,-1.2622030756478395,-1.2870324984095571,-1.3128691974632611,-1.3393679280148272,-1.3668481262646237,-1.3954165576125503,-1.425272837777572,-1.4558133054645923,-1.4886917613663797,-1.5226986354433782,-1.5584804768801417,-1.5964274999788273,-1.636540621637576,-1.6800838985512223,-1.726903399055087,-1.7781466712143628,-1.83513733987964,-1.898524803910663,-1.9702022417891172,-2.05397116808798,-2.1554639107798845,-2.282969158262993,-2.4661728275938417,-2.7920745727833824,,,,,,,,,,,,,,,,,,,,,,
229,2.7979090848160126,2.4681602679164336,2.2851279234000828,2.156881632189641,2.0569998910813694,1.974184577491707,1.903724668374436,1.8415354112487885,1.786248699365539,1.7346598579483514,1.6877455135897224,1.644420758806937,1.6038540320375367,1.5650244121450494,1.5288268351291887,1.4948469318354447,1.4620512599295383,1.4307116967338689,1.4012898978748525,1.372475514362286,1.345113406716495,1.3183039086453638,1.2929711840670184,1.2682298143876531,1.2441577711468466,1.220889017314268,1.198029033902404,1.175625644546985,1.1541199765939578,1.133318822631073,1.112745992082434,1.0927717210462158,1.0730348850118523,1.0536798271740646,1.0348580905462363,1.0164247330387204,0.997998788055155,0.9799410656334652,0.9627247193283788,0.9452077690573528,0.9278400941284842,0.9109433534610832,0.8946986949586628,0.8784147177844847,0.8625151925329961,0.8466288567326061,0.8311370441104198,0.8159022830998635,0.8007938827718534,0.7857608298297,0.7709058001860429,0.7562873467579874,0.7418079914470702,0.7275140594314252,0.7132242746220117,0.6991638770579712,0.685221855583683,0.6714606647885687,0.6577328023532105,0.6442194925691479,0.6308262873683353,0.6175980875370028,0.6044132818211065,0.5914067301098885,0.5783591158782758,0.5654018988288926,0.5526363408929053,0.5399019628044136,0.5271423557085457,0.5143278342092696,0.5019505123551449,0.4895186079368533,0.4773130833040441,0.4649328982603785,0.4527031625097041,0.4405521391316317,0.4287835174430436,0.4169758558823103,0.4049577848453258,0.3930702312825012,0.3811217204412188,0.3691977664299627,0.3573392401884881,0.3458987797140983,0.3342111078432408,0.3226254019617228,0.3111720587412199,0.299414719320281,0.2879305543230586,0.2765939852428608,0.2651885461587023,0.2540583561936679,0.2430066437628985,0.2316503917288938,0.2203824378001637,0.209161808737448,0.1979464705194239,0.1867035569062914,0.1756138894303573,0.1642075247410465,0.1532345717823999,0.1420965477587473,0.1311430995395273,0.1202092536251707,0.1093894662231785,0.0984633676028005,0.0874988108670848,0.0766031192127524,0.0656570931115575,0.0549227466890701,0.0439155102322473,0.0330093369871472,0.021914968282854,0.0107970527230877,0.0,-0.0112029335495013,-0.0221524067135164,-0.0330227656313628,-0.0441833017402785,-0.0552440556346786,-0.0663391161859918,-0.0773888189724391,-0.0883363940325715,-0.0992527078500109,-0.1102891561472042,-0.1211961558454554,-0.1322281525737043,-0.1432416440125113,-0.1543579225423597,-0.1655095591867203,-0.1763726064607862,-0.1872940164311751,-0.1983228869974438,-0.2095061778580914,-0.2205852979390071,-0.2321183838723401,-0.2434759095869943,-0.254747176306304,-0.2660459393055737,-0.2773111127104624,-0.2885915175786848,-0.3000509228357741,-0.3116430383259658,-0.3231151466714494,-0.3348344774108389,-0.34657922440642,-0.3582685482239659,-0.3698559026458762,-0.3816661516970972,-0.3934037099133679,-0.405348589835939,-0.4168866340094825,-0.4289822821700126,-0.4410872138123003,-0.4533173517499975,-0.4653523833498123,-0.4774307776689026,-0.4896927429051586,-0.5021085215236896,-0.5145731660138277,-0.5270923990724932,-0.5395156376320221,-0.5521075863823895,-0.5647948375304694,-0.5774935800210119,-0.590370951484761,-0.6035743009583268,-0.6165179259683057,-0.6298093031586474,-0.6433157721310734,-0.6567929700419957,-0.6704595453921834,-0.6844498158199558,-0.6984092005000272,-0.7124511106221304,-0.7266539268384135,-0.7411380638487158,-0.7555694914707344,-0.7700285416133958,-0.7850135536333924,-0.7998628493685168,-0.8148950422234098,-0.8302418651672783,-0.8460440065768206,-0.8616099756595528,-0.8776038837498187,-0.8937769909333774,-0.9101798068729948,-0.926248538984306,-0.9428722652484516,-0.9600721501236464,-0.9772413361066205,-0.9947829485605318,-1.0128513572144162,-1.0312319401738612,-1.0500097101870451,-1.0695070417476105,-1.0897474995989818,-1.1099075055801966,-1.1304400414573412,-1.1514947382343883,-1.1728066445092142,-1.1949117149421695,-1.2171009585883317,-1.2406989622670472,-1.2647621141183136,-1.289503251761286,-1.3152492563151563,-1.3419008884054853,-1.3694751231262028,-1.397715981308182,-1.427602389730538,-1.4582779738477103,-1.4909195510895457,-1.5249473443549315,-1.5607238857811905,-1.5986801344736163,-1.6386297345378138,-1.682206408106267,-1.7291400724266015,-1.780203326378212,-1.8371659311762676,-1.9003386507280784,-1.972033308332943,-2.0556554088083323,-2.157298000028667,-2.2845487361693464,-2.468190754297221,-2.793471662976005,,,,,,,,,,,,,,,,,,,,,
230,2.799188953000592,2.4696414430083693,2.2867610530128366,2.158409151538733,2.0584595661765017,1.975823675990876,1.9055224270868203,1.8433839830227552,1.7882498213961218,1.7367771671254175,1.689786011281753,1.6465265435884586,1.6059885974105557,1.5671536751269743,1.5308129974691649,1.4970583981197625,1.464412478794786,1.4330947584383478,1.403507697970254,1.3747185896195204,1.3474758696297733,1.32072180764135,1.2953947331484812,1.2705492424620592,1.246657477115383,1.2234970744372762,1.2007450965599913,1.1783212773436,1.1567979294498738,1.1360036338395934,1.1153896067432638,1.0953577584222414,1.0758557163457454,1.056620884507609,1.037599123769069,1.019352789171545,1.000868227249077,0.9828573834160552,0.9655012535276332,0.9482904438985436,0.9310348216376054,0.9140311396062422,0.8976246754949104,0.881618874527889,0.8657229762472624,0.8497665796994108,0.8342690805658683,0.8191555320227215,0.8040835804905356,0.789074670556206,0.7741575172053295,0.7596256267417817,0.7452477351464277,0.7308756727210796,0.7167006916741069,0.7026875636091099,0.6887701742585441,0.6750061862692218,0.6612368672388964,0.6476723527352914,0.6343263559985,0.6211857484977334,0.6080176026739338,0.5950492457317365,0.5820940472632197,0.5690668875145592,0.556394555888427,0.5437863945992547,0.5309387932435317,0.5182975917880839,0.5057612661371305,0.4933374111288353,0.4812052309001736,0.4689784417829232,0.4567270284576843,0.4445292881397012,0.4328816508983899,0.4210168795180741,0.4090754973519406,0.3972001009473921,0.3851898254765388,0.3733618476068225,0.3615455879664812,0.350135710607294,0.3385807957412266,0.3269353284512771,0.3155412343743652,0.303939893838959,0.2922659414041014,0.2810066317599762,0.269804530147002,0.2585180969550421,0.2474715714334108,0.2362254421705245,0.2249494991234038,0.2138488733238147,0.202703336274385,0.1914139012580513,0.1804311966360126,0.1691898337740077,0.1580253919810398,0.1470202360312913,0.1360026694721152,0.1251307084660501,0.1142597848893453,0.1034883897398385,0.0926543573125504,0.0817662510853809,0.0707652996807503,0.0601241752946968,0.0492622762074924,0.0382258886662181,0.0274064217399978,0.0162443805131579,0.0053784533489479,-0.0056596296863306,-0.0166364502858869,-0.0274000938231762,-0.0384543439914269,-0.049500682408885,-0.0605064819177366,-0.0715735610018698,-0.0823852263869772,-0.0933487897890387,-0.1042266747095506,-0.1152618566944228,-0.1261449564738067,-0.137090440107372,-0.1481049705373582,-0.1591673396617519,-0.1700819487384471,-0.1811211367008441,-0.1919069506050953,-0.2031166519338849,-0.2140791013699051,-0.2253365687416752,-0.236710240308002,-0.2480184862917667,-0.2591731433726071,-0.2705122314498954,-0.2816883563840405,-0.2929654701129311,-0.3044835749871589,-0.3159402978676736,-0.3275131114264078,-0.3391554200746225,-0.3507618813388246,-0.3623108357596563,-0.3739367329248678,-0.385662766847501,-0.3975374845356144,-0.4092554174910053,-0.4209471721486789,-0.4329000953664965,-0.4450469384248781,-0.4570891336308033,-0.4690377747186148,-0.4812005834686342,-0.4935107568727582,-0.5058918278697127,-0.5183623803584658,-0.5307551629100312,-0.5430835942906269,-0.5556344344185773,-0.5682621094823337,-0.5810470058820516,-0.5941029619433048,-0.607122135259926,-0.6201085059952215,-0.633401675398431,-0.6467130900373395,-0.6601031477216711,-0.6739702723718918,-0.6877952920864814,-0.7017758354099897,-0.7158805768510897,-0.7300017461017881,-0.7443920492021951,-0.7588343624515385,-0.7732243910198935,-0.7880950741637472,-0.8029928614071178,-0.8180550528389334,-0.8334687016233491,-0.8490565554680017,-0.8647732691802296,-0.8806195145033265,-0.8967942609995773,-0.9130845145350542,-0.9291197468202512,-0.94575998333534,-0.9630133618333586,-0.9801193348858028,-0.997552309770933,-1.015588297350286,-1.0338936260850304,-1.052768158874413,-1.072248189768631,-1.0923973749155294,-1.1124371928444274,-1.13288433859654,-1.1542125228279316,-1.175379336800422,-1.1974249805331172,-1.2196639549903274,-1.243192832697004,-1.2671679155952495,-1.291933390964213,-1.3176673629104652,-1.3443722647030292,-1.3718094546923727,-1.400101966750133,-1.4299251051492454,-1.4605729186986822,-1.4931708197654645,-1.5272240755403936,-1.5629575047409123,-1.6008042583902418,-1.640667208497261,-1.6841963680505476,-1.7312434177665876,-1.782175931876468,-1.8390989882920952,-1.9021911763647967,-1.974060841726769,-2.0574142757717424,-2.1586926730645684,-2.2861489415906098,-2.469765885873134,-2.794630400977017,,,,,,,,,,,,,,,,,,,,
231,2.800287869915429,2.470648063906724,2.288440311093913,2.159936275932319,2.060053288342874,1.977518573811497,1.9072084072030888,1.8450681559529063,1.7900294868643258,1.738600129565291,1.6918235856362829,1.6484819672141011,1.6081538925810754,1.5693556550270502,1.5330165468440289,1.499267622381194,1.466663999932311,1.435239934960649,1.4057216651066382,1.377033436496411,1.3499199197145906,1.323132472512548,1.2978166707345518,1.2730703707603928,1.2489183121364134,1.2258244069780524,1.203180744082044,1.1809066354151343,1.1594182803010589,1.138502522182293,1.117789758237405,1.0979839387449062,1.0784191371286136,1.0592295707263588,1.040274422184851,1.0220626296770237,1.0036505903908892,0.9856743722650574,0.968356777105002,0.9510496311474386,0.9339264141834072,0.9168991709890056,0.9005122781941242,0.884438729705659,0.8686259482124721,0.8527617182582424,0.8372556401739671,0.82205776921081,0.8071567253080915,0.7922036921229259,0.7773317777237757,0.7627915385907643,0.7483493753638504,0.7340884090032282,0.7198683120313469,0.7059644743650557,0.6919803423015473,0.6782294708722864,0.664616137787766,0.6509725780591565,0.6377304284767253,0.6245564267856796,0.6115076524932512,0.5985285791314366,0.5856274751470556,0.5727483758392802,0.5599848768398377,0.5473354132445,0.5347789031807699,0.521972665216529,0.5095270456226424,0.4971563419018847,0.4849196916600715,0.4728048631670793,0.4606837519024232,0.4484692307853675,0.4366411814220731,0.4249387790431265,0.4131740798921031,0.4012271689889605,0.3891455421188319,0.3774379763017796,0.3656987554686068,0.3542231484788943,0.3427444077352158,0.3311418528169928,0.319758492064325,0.3083575968048347,0.2966882376600124,0.2853867052453545,0.2741456556531892,0.2629027397964383,0.2517605137640138,0.2407030486532777,0.2294508871288099,0.2183971188233481,0.2072555199099843,0.1960991748385387,0.1849595187828805,0.1739339780675405,0.1627113687176855,0.1517729873180644,0.1408634661370077,0.1299011563777064,0.1190837129342062,0.1082700707065592,0.0975628000152665,0.0868038758390637,0.07588797953176,0.0650641727208062,0.0543575205162957,0.0434742405648706,0.0325473429389371,0.0217862863988854,0.0107168168531664,0.0,-0.0111619842208008,-0.021979035135258,-0.03283499857156,-0.0437230761516132,-0.0548943862855175,-0.0658216895284124,-0.0766056923321178,-0.0873807459530726,-0.0983725438997163,-0.1093247722651287,-0.1201860662075414,-0.131079427797316,-0.1419426747807677,-0.1530283389650445,-0.16383993018542,-0.1749478674758425,-0.1857114813596864,-0.1964638398585563,-0.2077120897457849,-0.2188370129366692,-0.2299837195632267,-0.2413551462340071,-0.2524369371352388,-0.2636998382705,-0.2748445000676726,-0.286044614562167,-0.2973178623834668,-0.3088287663984415,-0.3202448918295676,-0.3318791021993232,-0.3434684752203639,-0.3549300471295355,-0.3665306965930623,-0.3780692006333758,-0.3897856784166741,-0.4015258697047973,-0.413286180706215,-0.4249837082412733,-0.4369194637318918,-0.4490044839916151,-0.4608199262594903,-0.4728665410514277,-0.4849703807142268,-0.497357405002188,-0.5096587151520907,-0.522061397739251,-0.5344716448326412,-0.5468116258416907,-0.5591874519577114,-0.5718166210312223,-0.5846668931244853,-0.5975683423957369,-0.610605908887606,-0.6236190881373425,-0.6369087726825066,-0.6501201903877704,-0.6636701455354218,-0.6774313427898346,-0.6912002636201657,-0.7052109680580226,-0.7191234945476698,-0.7333286194967555,-0.7476174993612487,-0.7619997305185773,-0.7764403135577148,-0.7911985587205002,-0.8060370300398852,-0.8210517825377283,-0.836401917148132,-0.8520952626747119,-0.8677613813826177,-0.8835526540211156,-0.899582751791012,-0.9158661563858048,-0.9318194061726868,-0.9486071307892804,-0.9657851542636084,-0.9827722034721648,-1.000381814710552,-1.0182088278804138,-1.0365934322636725,-1.0554328828421908,-1.0749582402500293,-1.094905694452268,-1.11496427136325,-1.1354409531664205,-1.1566733816544923,-1.1778051022048226,-1.199812172488126,-1.2221754762164143,-1.2456602793499578,-1.2695657462394625,-1.2943669197169925,-1.3200406541428398,-1.3465868174475104,-1.37392250987917,-1.4022246655245203,-1.43216412736689,-1.4626673992724306,-1.4952642041670776,-1.5291348940036835,-1.5649733273785131,-1.6027566475192776,-1.642517260729685,-1.6862571105874666,-1.7331303131089335,-1.7840714549921686,-1.8409948647426877,-1.9039502250675484,-1.97576629905844,-2.058790017890164,-2.160112866872669,-2.2874599327485825,-2.471353575831433,-2.79600663559434,,,,,,,,,,,,,,,,,,,
232,2.8015977088526944,2.4719765693167544,2.28978301848016,2.1615878663904264,2.0616420657064967,1.9792000580787783,1.9091073457869296,1.8467814428368248,1.791798859086546,1.7404560257880584,1.6936579108800571,1.6504924591150818,1.610177409641767,1.5714612155886836,1.5352136093759734,1.501260506429241,1.468858018623395,1.437377920353062,1.4080373843695213,1.3793463931633323,1.35209164231661,1.3255505333715614,1.300242686548617,1.2756009376487472,1.251365499558422,1.2283007056751598,1.2056868428975134,1.1834389008437067,1.161976200652269,1.1410476774886065,1.1204788659414793,1.1005884058060302,1.0809645944322148,1.0619075601164434,1.0429961580614122,1.0248546305667912,1.0064967808472869,0.9885780584466052,0.9710380406003382,0.9539351819014984,0.9369156932523705,0.9198880335855018,0.9033986809499772,0.8873324709301038,0.8715467153828961,0.8557168205681465,0.840346652271556,0.8250549654139799,0.8102354843689837,0.795176584820148,0.7802321157993065,0.765859151922075,0.7514886212429402,0.7371257729095003,0.7230980290522406,0.7090505391985357,0.6952677762367075,0.6815737775372182,0.6678579883649696,0.654300731444833,0.6410881641211167,0.6278788187881531,0.6148052454467368,0.6018214544220585,0.5890047527827195,0.5763099608965603,0.5635712987577339,0.5508766503067298,0.5384870458653701,0.5255984313414572,0.5132134301527681,0.500872801075114,0.4887433373178921,0.4765330171926581,0.4644766760222762,0.4524067627441046,0.4405031671751578,0.4287646809018903,0.4170251959983889,0.4051833276921375,0.3931937750049552,0.3815767153968484,0.3698561659418981,0.3582357839902012,0.3469582986395195,0.3353517710283333,0.3239445855024409,0.3125681374124623,0.3010553692487752,0.2896196778347565,0.2784419785657103,0.2671284292146562,0.256088964409528,0.2450719224040424,0.2338899088975314,0.2229012461133314,0.2118767595351668,0.2006831860715998,0.1895388173250492,0.1785932831318556,0.1674696568816855,0.1564902149813432,0.1455714911054187,0.1347640141952593,0.123863425975545,0.1131433723321032,0.1023183063508799,0.0917088456109645,0.0809285016986956,0.0701297666092718,0.0593937601144765,0.0486659619210587,0.0377757995380194,0.0269575162870196,0.0161039447369509,0.0051365320742753,-0.0056586684985582,-0.0166552073884616,-0.0273397665676265,-0.0381704309928057,-0.0491583088358024,-0.0601829111096761,-0.0708852956811473,-0.0816796586982734,-0.0924705064893374,-0.1034633915978676,-0.1142575860563314,-0.1250964214441911,-0.1359309791674881,-0.1469453351983557,-0.1577643608591395,-0.1687141011170602,-0.179555478613905,-0.1903153614539405,-0.2011371540627968,-0.2122747428750537,-0.2235313814867623,-0.234520678180422,-0.2459126003847346,-0.2569615687250174,-0.2681251555231714,-0.2792759798909006,-0.2904603738210308,-0.3017565457251175,-0.3132457843618323,-0.3245865096813634,-0.3361850146476814,-0.3477508688468841,-0.359042335313851,-0.3706611561497419,-0.3822060546304899,-0.3940797164943617,-0.4056221634835373,-0.4172588908198294,-0.4290680142507477,-0.4408414491760196,-0.452948690109586,-0.4647493100513795,-0.4767098796484674,-0.4888805574681091,-0.5012103268493094,-0.5133678070902944,-0.5258176582912273,-0.5381271639565927,-0.5503614629169464,-0.5627137401688722,-0.5754318499501462,-0.5882280110589294,-0.6011506250321212,-0.6141162050760605,-0.6270890264913429,-0.6402458812737326,-0.6535586287963606,-0.6670068456659652,-0.6808011996255403,-0.6945871420137038,-0.708506349153364,-0.7223091659267404,-0.7365118903462247,-0.7507884883015662,-0.7651052700158747,-0.7795603906583568,-0.7942322232570633,-0.8090309927038016,-0.8240330456091184,-0.839553953432654,-0.8551577874279835,-0.87070722430725,-0.8865876285117996,-0.9025017227473684,-0.9186843985977836,-0.9347390845631812,-0.9514786116301402,-0.9685659722535992,-0.9856183951253752,-1.003119433058808,-1.0209752622257504,-1.0393025558898936,-1.0582256285171316,-1.0777492145006289,-1.0975803027004334,-1.1175659207846265,-1.1381448783723769,-1.1592009950005528,-1.180289601171676,-1.2023085451267452,-1.2247341767172015,-1.2479499828753955,-1.2720552444018112,-1.296665090470957,-1.3223806894625156,-1.34883035213159,-1.3763550118294252,-1.4044935038585211,-1.4343620612653294,-1.4649769360152332,-1.497436514657342,-1.531158021747748,-1.5671557045119078,-1.6048682264041914,-1.644508630385603,-1.6882385490223315,-1.7350551091852415,-1.785991546865871,-1.842696827149999,-1.9057988792740037,-1.9774252748088477,-2.060462068789114,-2.1616178041544294,-2.289004204465117,-2.473110829951102,-2.7970223608249563,,,,,,,,,,,,,,,,,,
233,2.8027046464049628,2.473404558913771,2.291146019349558,2.163240401783016,2.063397146124779,1.9808296242438936,1.9107230189216196,1.8485095641324525,1.7936065844039095,1.7424980047793102,1.6956159928063712,1.6524689753818689,1.612348571218024,1.5736238801616167,1.537469215127819,1.5035019375922898,1.4711055095980057,1.4395862723856463,1.4102693946652172,1.3816688037892162,1.354475145370732,1.3277576649342704,1.3026502264293296,1.2780624942688443,1.253947930132424,1.2306152526507397,1.208138259940941,1.1860840352390882,1.1644805109523892,1.1435157301413517,1.1230128143420526,1.10316738852992,1.0835597261389045,1.0645693137025125,1.0457742062822115,1.0276351840214448,1.0091836644731045,0.9912740968477024,0.9738098490688007,0.956706289580752,0.9396970820743976,0.922700535627304,0.9062778649334088,0.8902546466879501,0.8744521963542325,0.8587745027460664,0.8433212120408865,0.8280904357911184,0.8131351815306732,0.7983532976668593,0.7833408722726394,0.7688846575030753,0.7545418102563781,0.7403588771380423,0.726247617272952,0.7122519744557235,0.6984359557343176,0.6848349851628396,0.6712140722587419,0.6576369292833678,0.6444204069102816,0.631259836444677,0.6182366114692268,0.6052698957605018,0.5923438729841153,0.5798434874919294,0.5670485181095372,0.554335391765159,0.5419918801420829,0.5293756995552491,0.5168263151653286,0.5046341863072277,0.4923412230480933,0.4803679213353796,0.4683137211581612,0.4561424673438748,0.4442549394386371,0.4325725867712558,0.4208563305364228,0.4091918837948793,0.3971768049579297,0.3854768771931862,0.3739656473363933,0.3622800297052487,0.3510946065982723,0.339482206650733,0.3280723520878043,0.3167316602554991,0.3053480905647714,0.2939743473033473,0.2826256797914971,0.2715570779397077,0.2604361255639604,0.2494432190572456,0.2384291608469515,0.2274053544312056,0.2164165222929088,0.2051995723240891,0.1942557802078683,0.1831757129179096,0.1722018243455634,0.1612509782961971,0.1503428089575424,0.1395362677392779,0.1287564937732486,0.11793856825131,0.107226777589579,0.0965095734379443,0.0860018394389857,0.0751858212746949,0.0645473840982635,0.0536763583415556,0.0429822799225244,0.032176701627905,0.0214259566856104,0.0105523512537772,0.0,-0.0112930691241048,-0.0219003071667641,-0.0326293103293062,-0.043488149065265,-0.0544588790852097,-0.0652945985613581,-0.0759865417365324,-0.0868305926050193,-0.0977469223733237,-0.1083998586902123,-0.1191978833547944,-0.1300591329987536,-0.1408480900549896,-0.1516316027931415,-0.1625872408267459,-0.1734323150266695,-0.1841634561980483,-0.1949407141825085,-0.2058573517045472,-0.2169211657586081,-0.228021368509446,-0.2392302384479804,-0.2504437319044136,-0.2614678021513218,-0.2725405568888738,-0.2836038901141439,-0.2948906686711847,-0.3061713687055077,-0.3175919573455673,-0.3289246152895043,-0.3404570601713926,-0.351869258646814,-0.3633097441626309,-0.3748942280491341,-0.3863730931302192,-0.398057340843224,-0.4095736316022168,-0.4212167578212545,-0.4330092162678122,-0.4449135806433525,-0.4568930855671093,-0.4686217105993226,-0.4805792379164539,-0.4929061757822228,-0.5050521877412302,-0.5172883697879144,-0.5296490119792848,-0.5418263501439043,-0.5539909517735973,-0.5664694294567313,-0.5791183896349438,-0.5919420870368541,-0.6047380024135341,-0.6176889095987099,-0.6306016413973344,-0.6436760190501566,-0.6570729875670618,-0.670470676720338,-0.6842818675429951,-0.6980067963610198,-0.7118203449595031,-0.7257452972260144,-0.73991999053412,-0.754023544149294,-0.7683806009700117,-0.7827719268227965,-0.7974092935841076,-0.8120796989924762,-0.8271206471581838,-0.8426479117915562,-0.8581890978024831,-0.8737787064529826,-0.889481780130811,-0.9054109885829856,-0.9215318377681632,-0.9376614864763676,-0.9543328636283422,-0.9714192582799036,-0.98846829640851,-1.0058221831754262,-1.0237934644594906,-1.0421595990153154,-1.061019400904125,-1.080500770458121,-1.1001819896720897,-1.1201807254782907,-1.1407562453814115,-1.1616815923797972,-1.1829042943889134,-1.2048288134666063,-1.2272625436510485,-1.2503881679803834,-1.2744137975807943,-1.2989550230788915,-1.3247094330335754,-1.3512361639532793,-1.3785610729671494,-1.4069308414790322,-1.436657057623139,-1.467214134912714,-1.4996900237964417,-1.533410507659119,-1.5692762793642812,-1.6069519147970517,-1.6465181332003664,-1.690141374671401,-1.7369048734194577,-1.7877388900644946,-1.8445141601246,-1.9075873509277703,-1.9791286091089315,-2.061898537092329,-2.163164969660994,-2.290568825280276,-2.474340035731526,-2.798713699931493,,,,,,,,,,,,,,,,,
234,2.804401511153247,2.4750134556756964,2.292867366087883,2.1651616425668747,2.065187232108231,1.9826320646333515,1.9126506168084307,1.850576283591724,1.7956086777160112,1.744317738652206,1.697639412070005,1.654423748968965,1.6143833739469184,1.5757472691380607,1.5396791981682243,1.5055962790645323,1.47332084744641,1.4418036669410117,1.412529449688562,1.3839279021028643,1.3568048426944936,1.3301662795270073,1.305020046389812,1.2804538826442349,1.2562922004138992,1.2330009613384094,1.210632045368924,1.188638498476333,1.167063020651976,1.1461443415912331,1.1257859751972672,1.1058613171002512,1.086314879833996,1.0672529451383954,1.0484885289932695,1.0302400318011808,1.012118198739137,0.9940839919679816,0.9766276795964032,0.95959199362323,0.9426186055874533,0.9256296359694508,0.9091176824237596,0.8931241219810394,0.8773743631040166,0.861686342034319,0.8462956186844216,0.8312072729498126,0.8161865017449401,0.8015780394765661,0.7865904223186432,0.7720713793430767,0.7576764032476467,0.7435089200295715,0.7295165661763864,0.7155920189835999,0.7019171519023637,0.6882700778435429,0.6746815440310289,0.6611144976816585,0.64789997104172,0.6347148888548513,0.6217012857680362,0.6087401128195532,0.5958793744215433,0.5834396941414596,0.5707066843060562,0.5579987146819467,0.5456096015381321,0.5330623749661699,0.5205940555752573,0.5083920234229312,0.4961218917058609,0.4841594066842623,0.4721941254868763,0.4600688726207549,0.4481395288825024,0.4364306484188937,0.424764128946813,0.4130964266091387,0.4013994567730506,0.3895363801690592,0.3780234418405711,0.3664897461429955,0.3551078076531396,0.3437354480906585,0.3322245526507335,0.320887693727081,0.3096248700488022,0.2984626527249789,0.2870689432658144,0.275945217683768,0.2649010628705046,0.2538351528083146,0.2429014401199181,0.2319220131437951,0.2209806917595408,0.2098704913567918,0.1988731991868007,0.1878435260909972,0.1769420554113618,0.1660009876548953,0.1551454732488467,0.1443032511910934,0.1336218485377015,0.1227920855520623,0.1120771330331868,0.1014982686669935,0.0908173551257447,0.080260742157039,0.0695240685190234,0.0588693081700305,0.0481063208445979,0.0373801589632259,0.0267002225558125,0.0158368352862574,0.0050578082617328,-0.0058129482224681,-0.0164957511958988,-0.0271160566409561,-0.0379595582250189,-0.0487536283427902,-0.0596967215670861,-0.0703512179827462,-0.0811192679447178,-0.0918758040483021,-0.1026352112676695,-0.1132958033299195,-0.1240421840945746,-0.1348895590382205,-0.1456599374514,-0.1564478846179019,-0.1672842652921148,-0.178079223160428,-0.1887385079007879,-0.1996049071748993,-0.2105324449148656,-0.2215856551107756,-0.2325714690505352,-0.2437236887170234,-0.2548425998973365,-0.2660325395779044,-0.2768944499707385,-0.2881851303619829,-0.2992006508716515,-0.3104726363125179,-0.3217745343614568,-0.3332285328701051,-0.344676264130794,-0.3560319799176269,-0.3674619636122774,-0.3790113204909678,-0.3904601580570244,-0.4020486596011072,-0.4136105927325857,-0.4251599742430297,-0.4369833798622581,-0.4489322514043957,-0.4607497189883015,-0.4724903730760497,-0.4844594344758585,-0.4966846112218527,-0.5087658276434671,-0.5211137616516097,-0.5333419933948613,-0.5454908553663842,-0.5576058100370176,-0.5700424242266495,-0.5827767251090216,-0.5956403535106628,-0.6082762231561248,-0.6211824595356282,-0.6341801430691346,-0.6471935063907511,-0.6606380866500307,-0.673862440567062,-0.687745784366878,-0.7013030150489163,-0.7151986492291166,-0.7290687990577764,-0.7432044878107363,-0.7573093807621374,-0.7715339916539543,-0.7859361925667055,-0.8005141147019368,-0.8152833267694392,-0.8303997310257146,-0.8458503236034152,-0.8613631801115618,-0.876773566220094,-0.8925663064956221,-0.9084142490495396,-0.9244420266141958,-0.9406712969283886,-0.9573139928905996,-0.9742894273666788,-0.9913985898347432,-1.0086671135328906,-1.0265864873741422,-1.0449864051487487,-1.063761796727262,-1.0833451106950638,-1.1028818189161085,-1.1228047452941898,-1.1433604908633277,-1.1641252077720183,-1.1855110385133305,-1.207405115364411,-1.2298599600474964,-1.252947644752541,-1.276873060978419,-1.30141455717161,-1.3271029299416817,-1.3535704639582116,-1.380848329418186,-1.4092694483855928,-1.4388669711721114,-1.4693953774192752,-1.502120957118038,-1.535512266605251,-1.57143061455161,-1.6089519107843315,-1.648747142953945,-1.6920159645356936,-1.7387780749324204,-1.7896669048783516,-1.8461347754289688,-1.9092134177301825,-1.9809712477481085,-2.063412215885998,-2.164804323570587,-2.292071305423549,-2.4758127807206662,-2.799986278827732,,,,,,,,,,,,,,,,
235,2.805618368089002,2.476653781223033,2.294572619574525,2.166832597129096,2.0670175537535136,1.9846003842166624,1.9145232753183103,1.852376756753074,1.797482654680995,1.7462564955252031,1.6996808943485238,1.6563474532704003,1.616321211840768,1.5778314310476624,1.5419054769494636,1.5078098614148598,1.4755367566051372,1.444019643540565,1.4147522419127367,1.3863885097134363,1.359337471197683,1.3326081161892882,1.3073746252851377,1.2827918491143504,1.2588644537115878,1.2355085921636266,1.2131914563848798,1.19124708873209,1.1696845149324189,1.1486877640584483,1.1284423393018976,1.1085036820724352,1.0888825661213797,1.0698775791587307,1.051127740828842,1.0329858036913373,1.0149344634663606,0.9970024115205998,0.979471240190738,0.9624647400134736,0.9456573241229896,0.9286262973353554,0.9120981457178068,0.8960565531249782,0.8804553867809966,0.8646888550972414,0.8494117043240378,0.8341397040746955,0.819278746917223,0.8045983113843346,0.7897205680708496,0.7752698513245525,0.7607713307201515,0.7466373686072173,0.7327592819402986,0.718855467787172,0.7051920637841693,0.6916013799385341,0.6779560738658406,0.6645818045583707,0.6513488220769729,0.6381465060394224,0.625163292247233,0.6121637880395383,0.5993442048123317,0.5867456510202425,0.5742719103076083,0.561696747375079,0.5491810663733225,0.536690217513447,0.5242075320874262,0.5122075845255799,0.4999167379166037,0.4877920832115208,0.4759287959236093,0.4638907959311621,0.4521339083368477,0.440338197594654,0.4286134986005008,0.4170565178521038,0.4053405064581425,0.3937694073158731,0.3821597843690071,0.3706948584664407,0.3592242470117419,0.3479081675492088,0.3364576132493601,0.3250251288990459,0.3139018960717293,0.3026116558718561,0.2914778279479691,0.2802382471533969,0.2692749854192526,0.2581865374933663,0.2473335796027332,0.2363284324458315,0.2254166779987696,0.2144967936223695,0.2034954129623236,0.1925145017347055,0.1815240289866178,0.1706879751916876,0.1598931373432522,0.1490524969686355,0.138305428674302,0.1275622301184055,0.1168431696469857,0.1063346802815471,0.0957039812944729,0.0851408919506481,0.0746265293230513,0.0639271294783644,0.0532598913663422,0.0424965895553362,0.031963840878019,0.0212121771391257,0.010363001774195,0.0,-0.0111796620733289,-0.0217980934504647,-0.0323503753308908,-0.0431546082774881,-0.0539729688152448,-0.0647298679912164,-0.0754494265847734,-0.0861010633659782,-0.0967711378458886,-0.1073993295602155,-0.1181450011905816,-0.1289184713973954,-0.1396914659692724,-0.1504240696655694,-0.1611928552394698,-0.1719427266595008,-0.1826888942625766,-0.1933055489775206,-0.2041973977665778,-0.2151543990838168,-0.2261332447395729,-0.2371309181980989,-0.2481382448689713,-0.2593116554718407,-0.270296455361561,-0.2812459692743806,-0.2923443611335966,-0.3034929198267231,-0.3147440645642117,-0.326022412692056,-0.3375168651546617,-0.3488054165952298,-0.3601569700745441,-0.3715171348054856,-0.3829597184695346,-0.3943516975904501,-0.4059632453363365,-0.417444460729811,-0.4290792974392292,-0.4409007672468384,-0.4526821992742091,-0.464541314031364,-0.4763065717667183,-0.4883281299269988,-0.5004679174108282,-0.5124571998712831,-0.5247911498995073,-0.5368535149651138,-0.5489630561574553,-0.5611267925676411,-0.5735968506227282,-0.586382437511521,-0.5990756836714767,-0.6118153478987236,-0.62471348319074,-0.6376828909709312,-0.6506997917148493,-0.6640701775300407,-0.6772430172816594,-0.6910738002515736,-0.7046971268401968,-0.7183619431133377,-0.7324232845166206,-0.7463872524765809,-0.7604797886231168,-0.774665981204887,-0.7890213071559316,-0.8036278762614147,-0.8184239514464433,-0.8335358367793939,-0.8488655401843349,-0.8642861520369368,-0.8797078801494422,-0.8954483959483915,-0.9112781500793116,-0.927332692629202,-0.943495640482878,-0.9600896460667688,-0.9769506246748132,-0.9940477659091784,-1.011340683492719,-1.0291722094323703,-1.047691443425679,-1.06656072880902,-1.0859717781680944,-1.1055286525588284,-1.125319169435966,-1.1458294968623588,-1.1667024974387237,-1.1879995543000412,-1.2097796838348094,-1.2323516878781209,-1.2553830393794894,-1.279200571728741,-1.3038052049497029,-1.3293622647647303,-1.3558040042220014,-1.3830729373763544,-1.4113910716967797,-1.4410354275012265,-1.4715806822752402,-1.5042146393886622,-1.5375708622471516,-1.5735573041687845,-1.610858825887295,-1.6508465935062782,-1.6940454030884269,-1.7406446428655662,-1.7916187323502142,-1.847938036769485,-1.911027492630872,-1.9828641508660096,-2.0651676946138773,-2.1665306829879407,-2.2934822450439487,-2.477130867749049,-2.8012242303411363,,,,,,,,,,,,,,,
236,2.807129583939048,2.4781733438268088,2.2963675897773657,2.168659099509101,2.069069079639311,1.986471264271352,1.9163334368455824,1.8541865010980272,1.7994760512812078,1.748091094730455,1.7015747802721002,1.6586239534673837,1.61830777079624,1.5801042948524875,1.5440216228344157,1.5098355743707128,1.4777551429658369,1.446120951411929,1.417104606188561,1.3886404723127177,1.3615915245933643,1.3349796861927832,1.3096881215283565,1.285241591351038,1.2612552291180497,1.2381768053380464,1.2157597614024809,1.193749195163214,1.1721845332249707,1.151296349757566,1.131015715461941,1.111268686421106,1.0915669515216333,1.0725181195633404,1.0538341119457546,1.0356984052002007,1.0177552883820342,0.9998689420391272,0.9823522223980884,0.9653191206199916,0.9485093670094908,0.931771256876107,0.915039165381592,0.8989549695745778,0.8834740735495956,0.8677495068925689,0.8524565063494927,0.8372491077105431,0.8223332901585547,0.8078127670286783,0.7929669046743996,0.7784906466108176,0.7641337097232473,0.7498915200152714,0.7359772854250183,0.7223623718890498,0.7085096834900989,0.694886371340003,0.6812973679272402,0.6679279926345658,0.6547282063691123,0.641631940594247,0.6286068591350044,0.6157778740343163,0.6028658306461346,0.5903430761278853,0.5778507427954442,0.5653377675518592,0.5528621227040945,0.5403938642491776,0.5279209540922527,0.5158433721551363,0.5037693725181059,0.4915928670144153,0.4798319184733141,0.4678331486241724,0.4560105110661814,0.4442502686782415,0.4325064308206903,0.4210341020195465,0.4093385782297595,0.3977732183968074,0.3861769593861083,0.3747265140241883,0.3633605822886639,0.3520376828302182,0.3407080849697387,0.3293061744701691,0.3180926044547487,0.3069510850706498,0.2958622154246266,0.284668277447587,0.2734393551596722,0.2625506376700564,0.2517437773137188,0.240834703201768,0.2298475550629571,0.2190423993031095,0.2082119668914265,0.1971398736872734,0.1862545223565746,0.1752664971410277,0.1646295254413537,0.1538346767496639,0.1430911217581915,0.1323984700815978,0.1216792548675011,0.1111747902224358,0.1006669859128129,0.0899757155270555,0.0796673597634446,0.0689813386165284,0.0584222190403917,0.0476959127292375,0.0371987349703879,0.0264567608040745,0.0156808622780091,0.0049011011872095,-0.0057656920472394,-0.0163436808992166,-0.0270311657468745,-0.0376704555858586,-0.0484147566636518,-0.0590375585974813,-0.0697851227695709,-0.0804295609610813,-0.0910829035791768,-0.1015988898289126,-0.1122663942351677,-0.123036216761204,-0.1336520713198536,-0.1444156413542766,-0.1552109250494343,-0.1657668390793095,-0.1765944291683393,-0.1871392167388803,-0.1979422232336526,-0.2086879279766934,-0.2196685917739346,-0.2305663109920431,-0.2415165142762385,-0.2525770025092431,-0.2635633355141611,-0.2744393215456874,-0.2854275665154941,-0.2965418194519438,-0.3077284701955787,-0.3189543736052762,-0.3303082057236858,-0.3415200178728965,-0.3528095056797418,-0.3641120383409475,-0.3755201045416119,-0.3868504794348925,-0.3982848854469657,-0.4098049430017798,-0.4212855353837915,-0.4329063720027379,-0.4446937093452117,-0.4563967325329642,-0.4681921274573117,-0.4801052241108818,-0.4920712488362384,-0.5041096454452527,-0.5162223768254705,-0.528407421498759,-0.5403675648290271,-0.5525734577836927,-0.5645970875688876,-0.5771953892570139,-0.5898523406066281,-0.6024576608029507,-0.6154083335625326,-0.6281592337460152,-0.6410660308994628,-0.6540458489476166,-0.6674163939813389,-0.6806709346792049,-0.6943067895468548,-0.7079413561017613,-0.7217391061473679,-0.7356428791106094,-0.7496128555813549,-0.7636425015465409,-0.777830033892574,-0.7920367923145327,-0.8066567282436895,-0.8215135340822246,-0.8366330230337843,-0.8519384009824603,-0.867228468377714,-0.8827768703683305,-0.898296312301451,-0.9141176499245888,-0.9302234701681424,-0.9462735535902166,-0.9629418399799536,-0.9798353108386618,-0.9968101862943728,-1.0140908538175726,-1.0319803350869918,-1.050431357453206,-1.069362467345256,-1.0885501775626776,-1.1081559414797295,-1.1279647710798866,-1.1484086918443162,-1.1691728539003887,-1.1904772259979195,-1.2123176126334745,-1.234698170916623,-1.2578045568012193,-1.2814963727481472,-1.3062880776051915,-1.3317901751098666,-1.3580185375592295,-1.3854376403756423,-1.4136803751707672,-1.4432581684407113,-1.4738521989645597,-1.5064568192225265,-1.5397506820642883,-1.5756316265163033,-1.6128487537854843,-1.6528088472489868,-1.696171002327505,-1.7426101429415464,-1.7936381432938782,-1.849971936839434,-1.9127659571961728,-1.9846770679970611,-2.066803272087477,-2.168151823615294,-2.2949590596707297,-2.479010113221863,-2.8032159338643168,,,,,,,,,,,,,,
237,2.808306537689744,2.47961690132711,2.298010363855126,2.1703747970291265,2.0709022622151214,1.9883882439225795,1.9183701533471087,1.855891888526612,1.8014422966757744,1.7503113643709978,1.7035927691267745,1.66070727704759,1.620496770694691,1.5822570554007696,1.546135318322944,1.511947316619436,1.47992632036479,1.4483657153803842,1.4192066115987865,1.3909450072922842,1.3639072767023992,1.3373278319438229,1.312120369537931,1.2876511775141508,1.2636818543852668,1.240680017495347,1.218250735152679,1.1962491428890971,1.174752834669866,1.1539093724023315,1.133630502315531,1.1139229279999143,1.0942991103375663,1.075207161503426,1.056607512141058,1.0382920930127923,1.020477032132204,1.0025889819629747,0.9852319992462324,0.9680531468731504,0.95137142769403,0.9346573101995368,0.9180502519489364,0.9020139841133904,0.8863990519889514,0.8707500755464959,0.8554428741493239,0.8404856581265431,0.8254151179761279,0.8109202197347315,0.7961961185330423,0.7817350012306464,0.7674447317861561,0.7531061416724869,0.7391885012646667,0.7255060980839154,0.7118051882647732,0.6983570634378374,0.6847468541234066,0.6713046374691143,0.6581592703810264,0.645185479449413,0.6320396883343157,0.6192704220990358,0.6064142087379196,0.5937926784937896,0.5814312101341811,0.5688916955349154,0.5565397044878629,0.5440888765238522,0.5316646128221724,0.5194485894371839,0.5074613545958264,0.4954799000053608,0.4835999714692895,0.471700290061077,0.4598284008925059,0.4480808307923637,0.4364298269566667,0.4249116104094433,0.4133520208670731,0.4017846020317983,0.3902024964499116,0.3787188025979781,0.3674115120851809,0.3560122193203313,0.3447895331292815,0.3334951726583233,0.3222272768800679,0.3112033101279794,0.3000910356947713,0.2889157621066327,0.2778009555428611,0.266877266510198,0.2560798289211598,0.245245490934795,0.2342476923033498,0.2234537864711231,0.2127019296829637,0.2018526768994753,0.1908718975857459,0.1799911216105804,0.1692266019028394,0.1585586584074294,0.1478207119471223,0.1371312511691367,0.1264339513425563,0.1159812952778132,0.1055605823088637,0.0949174223010242,0.0845622623836336,0.0739934716719019,0.0634821283882503,0.0528504925541796,0.0422725573662303,0.031626105936837,0.0209987038299563,0.0102685616505716,0.0,-0.0110006520677508,-0.0215554201622362,-0.0322292657123032,-0.0427938965715515,-0.0535201664014882,-0.0641785284010693,-0.0747326876581757,-0.0853977851157832,-0.0958339692736357,-0.106455374460387,-0.1171639054812818,-0.1278770252610528,-0.138436910369897,-0.1491545154525661,-0.1598409445439836,-0.1704365205062225,-0.1811232140394025,-0.191778438805472,-0.2024276891642787,-0.2132310949088124,-0.2241677177766609,-0.2349551615117165,-0.2459590218749598,-0.2570059643786023,-0.2678359185387883,-0.2787369318653901,-0.2897859988926094,-0.3008342834930418,-0.3120363032469845,-0.3231385522039699,-0.3344673315851017,-0.3456628520562967,-0.3568814492367104,-0.3682364374456295,-0.3794376535650823,-0.3908577877883976,-0.4021842085009212,-0.4137242996224695,-0.4251307601271705,-0.4367712039158207,-0.4485305179938846,-0.4601726837122022,-0.4719800185612012,-0.4839155454751455,-0.4958419923872613,-0.5078566901177041,-0.5199583036322061,-0.531985861940086,-0.5440696133976197,-0.5561821552151803,-0.5682077661994286,-0.5808095361564991,-0.5933619748734739,-0.6059505490235082,-0.6189167220370256,-0.6315297887170379,-0.644564971862939,-0.657397218915677,-0.6706864692261142,-0.6841704161735863,-0.6976373899950183,-0.7112301281524478,-0.7250758813881775,-0.7389912247360635,-0.7528712128658371,-0.766844525030931,-0.7809439481063359,-0.7952033750436989,-0.8098043664233142,-0.8245334543311871,-0.8397226468078923,-0.8549927658624429,-0.8702687148792804,-0.8856085646600229,-0.9013186774665491,-0.9170797692406518,-0.9331319831653886,-0.9491802610295202,-0.9658148372115412,-0.9826896552186914,-0.9995947143056396,-1.0169629421447235,-1.0346838294363707,-1.053093947061244,-1.0721714171712298,-1.0913022816193556,-1.1107217250838315,-1.1305482928946202,-1.1509468089085626,-1.1715936417056656,-1.1930546837489462,-1.2148274316346268,-1.2372808876748749,-1.2602547989310084,-1.2840077160605683,-1.3086499036567465,-1.334076820240061,-1.360314184287041,-1.387722239823344,-1.4159845929836117,-1.4455105303691214,-1.4762321550634032,-1.5085820173131796,-1.5417510071809772,-1.5776725527943676,-1.6147792753710335,-1.6548015231940196,-1.698141487866232,-1.7446218472843702,-1.795536200262259,-1.8516599327112209,-1.9144902657103,-1.986233145453384,-2.068385899263114,-2.16942084384756,-2.2965250304758142,-2.4802218243452425,-2.804262097353055,,,,,,,,,,,,,
238,2.8098586207475704,2.4810812840205423,2.29973675917278,2.171770516262536,2.07264186378602,1.9902265166909967,1.9201380843376905,1.857803160348905,1.8033221774199768,1.7521435602809727,1.7054864369473188,1.6625315339671145,1.622621593061884,1.58431897757515,1.5482472192282135,1.5142205775071895,1.4821121220808264,1.4506108898777914,1.4212767794253385,1.3931128213550474,1.3661460006314996,1.3396571203999388,1.3144073968235443,1.2899939544384318,1.266032341537456,1.242998986498462,1.220571865783914,1.1987493798803823,1.177235225446727,1.1561845795095729,1.1360290002343565,1.1163693501886716,1.0968854268387953,1.077765108042131,1.059213609669872,1.0409365681242506,1.023014396742475,1.0052733636647893,0.9879758940813768,0.9707711868282346,0.9541220233969442,0.9374538882233554,0.9208612754127552,0.9048116092111984,0.8891543441501916,0.8735208706039428,0.8582575448209269,0.8433073537998756,0.828257389308616,0.8138304454736777,0.7991567139846742,0.7847788632590287,0.7704234378212034,0.7562407748532751,0.7421953655699781,0.7286491012779186,0.7150112436410001,0.7014347725979638,0.6879166508230619,0.6744563778432682,0.661472642378266,0.6483709944261258,0.6352856705599333,0.622466841957313,0.6098156713679342,0.5971153563418152,0.5847494024768484,0.5722658796287786,0.5599669675047548,0.5476200211612355,0.5351566747027889,0.5229359939284725,0.5110253774249677,0.4990579668057201,0.4872270924986717,0.4753285777103739,0.4635267029444672,0.4518532889297152,0.4401170550409218,0.4287359818359051,0.4172034415989615,0.4056778485685159,0.3941059295028256,0.3826193101532915,0.3712625175870921,0.3600671780634129,0.3487068494318638,0.3374769332939564,0.326362875896804,0.3152926487929331,0.3041116875999103,0.2932134643469989,0.2820710705688268,0.2711633903450597,0.2602990860231452,0.2494559712644341,0.2386317065509375,0.2277988637907002,0.2170580679562059,0.2063103941993635,0.1954133952702055,0.1844877715190606,0.1738136122965702,0.1630858476855654,0.1525018605755266,0.1416837266500797,0.1311233717643986,0.120607735109018,0.1102311158929213,0.0996520646979179,0.0892918438240681,0.07880726160053,0.068360457140386,0.057880397333034,0.0472707554585103,0.036692034946971,0.026150432373423,0.015506356052039,0.0048618145778132,-0.005729057273701,-0.0162710232615311,-0.0269426944619041,-0.0374634936006796,-0.0480223637782936,-0.0586685410480851,-0.0691922899485877,-0.0798463214337137,-0.0903331700888793,-0.1008003508316403,-0.1113742866421003,-0.1221166419225553,-0.1326233635920856,-0.1433131509574258,-0.1540199386041436,-0.1644929057522201,-0.1750791899281554,-0.1857212695775376,-0.1963507924319838,-0.2069488898934674,-0.2177529684496237,-0.2286514928181613,-0.2395012455857082,-0.2505762432389016,-0.2613623908577109,-0.2720811964254981,-0.2830387336913723,-0.2941220252779629,-0.3051763728852716,-0.31630374697782,-0.327382803717398,-0.3386300663152516,-0.3497813157594008,-0.3610462586174428,-0.3722531141909128,-0.383441860256852,-0.3948360519466555,-0.406193091163388,-0.4175198597146444,-0.4291027117749747,-0.440638808928624,-0.4524129126424858,-0.4640304429755267,-0.475882550084875,-0.4877356539724122,-0.4996111698357137,-0.5116027193997951,-0.5236720580079142,-0.535645864084994,-0.5476886128478116,-0.5597386733814865,-0.5717922130736032,-0.5844164005781851,-0.5969492692396855,-0.6095708232664537,-0.6223431040895521,-0.6350659672360073,-0.6479699302506478,-0.6608519485590636,-0.6740541625000056,-0.6876673099336498,-0.7009518710795579,-0.714475574784121,-0.7284322244903966,-0.742261335591378,-0.7560587617063861,-0.7700770039306539,-0.7840853344746174,-0.7983332763679057,-0.8129713125928696,-0.8276810540481445,-0.8428747747433876,-0.858006470139073,-0.8732563112367534,-0.8885488604833641,-0.9042983047153792,-0.9199602807951964,-0.9359389696108104,-0.952063562081546,-0.9686275487279749,-0.9854928465643468,-1.0025667621788132,-1.0197051368682837,-1.037535958488209,-1.0558904011346737,-1.074922124609177,-1.0939948407456768,-1.113481408772073,-1.1333739686666644,-1.1536482887386494,-1.174296990731588,-1.195568545157478,-1.217408756790125,-1.2398381161558696,-1.2628121379343626,-1.2863496794250358,-1.310950731669518,-1.3364851840262404,-1.362657354238425,-1.3899057101279464,-1.4183983062735877,-1.4476860958641171,-1.4785255867986895,-1.5107093441644182,-1.5440829705493695,-1.5797876738139085,-1.616742350396582,-1.6568504064145622,-1.700271641833632,-1.7468299040247657,-1.7976853143934892,-1.8534902884156592,-1.9164083849398132,-1.988152882922544,-2.0702096794284,-2.171219578807001,-2.29759516901824,-2.4813087582613096,-2.8057128773074385,,,,,,,,,,,,
239,2.8116862836285264,2.482798423599446,2.301373791634572,2.1738008180555792,2.074391951014063,1.9921424803092385,1.9224104425505704,1.859872253032294,1.805395075059992,1.7541854939082329,1.707562426392454,1.664631575782043,1.6245835512501177,1.5863804444310945,1.550494392184063,1.5165940471832036,1.4843364854265866,1.452971847366283,1.423567867117858,1.3955642427939507,1.36856707051521,1.34218889352957,1.3166920567976923,1.2923262030949805,1.268350012245386,1.2454202571843318,1.2231097487452465,1.2013267073313043,1.1798240918290517,1.15876526324909,1.1386529642726615,1.1190498968213476,1.0995236309437852,1.0803875737781334,1.0619080377215746,1.0436518563667447,1.0257590944681656,1.008059126959652,0.990772980503686,0.9735917922546348,0.9569798217293688,0.9403567839303624,0.9237388339089644,0.9077014805933584,0.8921024637478813,0.8765265852220282,0.8611758309979188,0.8462135492486444,0.8313811361971555,0.816822246074323,0.8021690459511263,0.7879158064921882,0.7735026103848024,0.7593271481927675,0.745397310675846,0.7318090126730415,0.7182195193525651,0.7046399810300908,0.691334154302215,0.6778368121487327,0.6646582932592784,0.6516175277633595,0.6386260751368529,0.6258769928959804,0.6131710592751707,0.6005194384846964,0.588170524631202,0.5757944322863391,0.5635306288792714,0.5511922600008944,0.5388018983616861,0.5264300988526338,0.5146981609798713,0.5027056019135929,0.4908878361256755,0.4790538190863155,0.467283676549415,0.4555320475649073,0.4440216529696041,0.4325836286944862,0.4210607418871217,0.4095559791698931,0.3981245862002491,0.386630513787028,0.3751787989143983,0.3640436096295195,0.3528081131486646,0.341552096425255,0.3304428273229752,0.3194427269490098,0.3083367629542238,0.2972499248416945,0.2862976520988253,0.2753602051053705,0.2644808090382829,0.2538172755826051,0.2430009740338666,0.2321538454659756,0.2214047693697489,0.2106780812677236,0.199892347398601,0.1890668591967612,0.1784142034038541,0.167666860684434,0.157106172453065,0.146533082829376,0.1357750851821149,0.1252861185059152,0.1149125949080335,0.104472770248832,0.0941215050182184,0.0836423753408623,0.0732409080158794,0.0628312135859917,0.0523153495718362,0.0417554664766398,0.0312013016613608,0.0207704883248035,0.0100702644881215,0.0,-0.0109496236440923,-0.0215956084965621,-0.03198932422351,-0.0427174150753892,-0.0532103852309762,-0.0637405615452232,-0.0741823279746572,-0.0847469882787496,-0.0951565406733358,-0.1057254536592588,-0.1162997983154506,-0.1268181279621879,-0.1374348913135428,-0.1480242646027479,-0.1585447697146921,-0.1691745031169528,-0.1796226009301619,-0.1902832463393403,-0.2008954102446482,-0.2115044680443306,-0.2224008156841869,-0.23308850645414,-0.2441279412689835,-0.2548727689867263,-0.2656910182685198,-0.2764207285067729,-0.2874684768661354,-0.2983478603899953,-0.3095226453336401,-0.3204164930656011,-0.3316303829802923,-0.3428281091461278,-0.3538910118734688,-0.3650162676040441,-0.3761593803245856,-0.3874625561775306,-0.3988077246234828,-0.4100850698249267,-0.4215618958005766,-0.4330199296110064,-0.4445140356092962,-0.4562031100783331,-0.4678092672461588,-0.4796635361405723,-0.4914644738154001,-0.5032199245078588,-0.5152813357867397,-0.527305649485236,-0.539228746352564,-0.5512170566555021,-0.5633121433056922,-0.5755006244419048,-0.5879441170407445,-0.6003962236539385,-0.6130820109030424,-0.6258174341756645,-0.6384873282224913,-0.6513388017028948,-0.664256724812906,-0.6774838773864611,-0.6910189219330044,-0.7042200729824836,-0.7177578287342543,-0.7315560401510098,-0.7455312934095754,-0.7593572470642008,-0.7733086589594073,-0.7872604501189033,-0.8015531312573166,-0.8161898352244218,-0.8307861399715688,-0.8459407246744255,-0.8610233085821953,-0.8761658716450407,-0.8915580540890707,-0.9072410563327524,-0.9228154045691488,-0.9386740241401356,-0.9549424192802712,-0.9714722934218096,-0.988294551046842,-1.0052561272952665,-1.0223491950208197,-1.040384095254328,-1.0585552814841528,-1.077678907296007,-1.096697857544358,-1.1161321950029075,-1.1359769099713903,-1.1560837896286786,-1.176894931931467,-1.1980664136708197,-1.2199145441386692,-1.2423212671264714,-1.265139139949702,-1.2887801726047663,-1.3134104048549895,-1.3388787561281923,-1.364940860513285,-1.3924018447537772,-1.4207259869601427,-1.4499514284228012,-1.480749647854611,-1.5129841607976593,-1.546158944480083,-1.5818946604312594,-1.6189630611913568,-1.658917130756643,-1.7024698946764296,-1.7488241436084335,-1.7995366443935608,-1.855499527950439,-1.9181128946369437,-1.9902127649244024,-2.071919593105425,-2.1728569461138214,-2.299264760282568,-2.482730356619406,-2.807250304764814,,,,,,,,,,,
240,2.812685937952983,2.484146852425286,2.302492969656542,2.1754443543052338,2.0758004651375868,1.9938461612438356,1.924312458080566,1.861646853128308,1.807228598793368,1.7560008373434373,1.709314855359769,1.6666162937108937,1.6265383811516276,1.588343216262614,1.5526742767413548,1.5187256794680493,1.486521154040871,1.4552563977002455,1.4256653021981216,1.3977892471615627,1.370887568087934,1.3446841825673144,1.319135019722558,1.2946700598750114,1.2707761844548764,1.2478749802079296,1.2256282453978848,1.203767912131493,1.1824416841440348,1.1614092118251702,1.1412307795482477,1.1217044483052223,1.102226390128059,1.0831046095787868,1.0646932796496726,1.0463514368568037,1.0284244644391614,1.0109114659178315,0.9935832891028434,0.9763420541091944,0.9597840005818762,0.943319465151493,0.9267858932415828,0.9106359750657386,0.8950550329788765,0.879584822563981,0.8641326245502785,0.84928955412867,0.8344092334264523,0.8198967581834289,0.8052159021107973,0.7910085956843937,0.7766106598703322,0.7624656782536675,0.7485540177448708,0.7349343360561724,0.7213430937373521,0.7078904846370108,0.6945308804570056,0.68111544675174,0.6679712284901999,0.6548688231707921,0.642114671264665,0.6292441255484297,0.6165831163057895,0.6040038946051666,0.5915149106850145,0.5792297070861394,0.5670128082771243,0.5547509257192053,0.542449625972452,0.5301074657053463,0.5182513078947932,0.5062960801580391,0.494527186154335,0.482786187728455,0.4711034072801199,0.4592983863290816,0.4479013292498984,0.4364534302177804,0.4248654482426802,0.4134757740624907,0.4020452014907164,0.390560427131603,0.3792434474671119,0.3679993419682079,0.3567583774292111,0.3456076412377072,0.3345118499075823,0.3235502789239894,0.3124875033841084,0.3014182853937733,0.2905925722838474,0.2796652415328416,0.2687715958612591,0.2579940137112479,0.2473832581474578,0.2365817079464286,0.2257976783207858,0.2150841974624219,0.2044329205483168,0.1937555258814063,0.1830336781297786,0.1722942665602395,0.1616600093972076,0.1512491514635404,0.1405234814663162,0.1300697578759006,0.1196054683697434,0.1092861815744499,0.0988956341004189,0.0885757106541541,0.0780696545565653,0.0677940621005024,0.0573739230705464,0.0466996480134471,0.0363057269550506,0.0258868077244602,0.0152966406083744,0.0048685064346353,-0.0056897898871867,-0.0161557215334501,-0.0266712805030799,-0.0371735931329956,-0.0477284902629743,-0.0581615076550958,-0.0686763518036185,-0.0791438654258093,-0.0895832497727739,-0.1000200836291141,-0.1105320054848065,-0.120936371583888,-0.1316074486240128,-0.1420069480126108,-0.1525736851242495,-0.1630420327699498,-0.1735460811750451,-0.184060340093869,-0.1947069533683138,-0.2052867119604467,-0.2159212760487823,-0.2266708332753091,-0.2374636798357485,-0.2483388634184039,-0.2591798092672272,-0.2698403389473896,-0.2807311333437922,-0.2915682866485384,-0.30252366507351,-0.3135649493413324,-0.3245423820071712,-0.335615367398874,-0.3467984572759249,-0.3579059526620873,-0.368919422550413,-0.3800559448377555,-0.3912092539307947,-0.4024844207219795,-0.4138742034148121,-0.4253758349287301,-0.4368446142599141,-0.4481833377963908,-0.4599115758549806,-0.4715312429984223,-0.4832621681955919,-0.4949389336259695,-0.5067669122084835,-0.5187494316875726,-0.5307628199216052,-0.5427074279094956,-0.5546411818089393,-0.5667320799564912,-0.578894030486985,-0.5912779590353656,-0.6038374036508668,-0.6163013987770952,-0.6291326596753278,-0.64160794121831,-0.6545347537205832,-0.6675472173157098,-0.6807103225817775,-0.6942215534744332,-0.7073948587875675,-0.7209047656620632,-0.7346496408631096,-0.7485904250030513,-0.7623233442925602,-0.7763689871850006,-0.7902639905301757,-0.8044121996166002,-0.8190300898269329,-0.8338371659800279,-0.84891952127359,-0.8638243155715085,-0.8791230417264585,-0.8944503606457569,-0.9100106898615772,-0.9255404210071734,-0.94149178043521,-0.957751387688165,-0.9741980946831392,-0.9909911619253436,-1.0077618691623245,-1.0249506882450714,-1.0429078764700546,-1.0613512685416862,-1.0803115804014192,-1.099283187835099,-1.118710135733443,-1.1384048875959392,-1.158626191061879,-1.1793902895519868,-1.2004577470258735,-1.2222039535777156,-1.2447034000751906,-1.26742526072192,-1.2910820272787968,-1.3156698046173445,-1.3409469234506184,-1.3672270051299078,-1.3945232695246736,-1.4229385280868962,-1.4518691557335242,-1.4828217305858618,-1.5150788976463831,-1.548152387298768,-1.583865593123687,-1.620923366767889,-1.6609406961390276,-1.7043018373144188,-1.750612569223847,-1.8014187193623787,-1.8572184278669157,-1.9198897017887824,-1.9918468535476104,-2.0735138051340267,-2.174504205267925,-2.300884062324671,-2.483986946232994,-2.8083162284110648,,,,,,,,,,
241,2.8139046644861168,2.4860235189540782,2.304326976044057,2.1774375289663395,2.077355531851385,1.995388811412092,1.926082695788787,1.863615569883494,1.8091926129401412,1.7579001961350065,1.7111845057137347,1.6685737915318568,1.6285184654069211,1.5905658411925687,1.5548552382545,1.5208362854086566,1.4887956642168407,1.4573034194129773,1.4279205823881744,1.400127641913107,1.3731950647938571,1.3469797256310658,1.321670294703689,1.297106587694262,1.2732315749631555,1.2502744960510996,1.2278888759231,1.206274136259983,1.1848837608577378,1.164156440954714,1.1436715404214008,1.1241930060266467,1.1047634526483847,1.0857474879114866,1.0675073963963495,1.049030400696107,1.0310478338594693,1.0135806772854008,0.9963790066691997,0.9791102304186,0.9625558463941764,0.9460754234957898,0.9297539999505878,0.9137507844312656,0.8980376283586357,0.8825395888746843,0.8671025393143105,0.8521814772326678,0.8373978181226743,0.8228723282245559,0.8083016965745466,0.7940688321559141,0.7798225630984773,0.7655799017098093,0.7517728615391296,0.7381037061432667,0.7245539297190059,0.711189867896897,0.697858401874905,0.6844668377199372,0.6712806771431575,0.6582746179128374,0.6454993004550584,0.6326450806448519,0.6200465021237889,0.6073906194862564,0.5950500018062546,0.5827509671620215,0.5704577676540068,0.5584289742997054,0.5460125951416973,0.5338154429442724,0.521848884173715,0.5100212159490894,0.4981866882681945,0.4864204338056754,0.4747446722491369,0.4631875089473672,0.4516557150427999,0.4401982201812537,0.4286290059565825,0.417398469334101,0.4059856145438865,0.3944307906054708,0.3832655269987062,0.3719592305351989,0.3607727751219122,0.349696607676627,0.3386207268913034,0.3276735744919009,0.3166330284510646,0.3056060621067701,0.2947222274639013,0.2839608638906162,0.2730651062851476,0.262252016172349,0.2515905745646972,0.2409979025082901,0.2302803036129163,0.2194216511656484,0.2088202375426303,0.198214910657049,0.1876461999598178,0.1768602488121157,0.1661561148589394,0.1558873414961397,0.1451429880189434,0.1346378431971503,0.1243244125278915,0.1139923785671335,0.1036124772579291,0.0933676858855813,0.0828911624108745,0.0725685185465733,0.0622286221324524,0.0517861052877531,0.0412544772811747,0.0308846956323269,0.020479303659083,0.010014407507901,0.0,-0.0109257794845325,-0.0212636070603423,-0.0318851399954931,-0.042291152468425,-0.0528053927741299,-0.0631447739966679,-0.0736313295174975,-0.0839903676843845,-0.094454157010774,-0.1048183282445591,-0.1153400134243522,-0.1258394326773499,-0.1361854570435014,-0.1467328557041495,-0.1572163473927835,-0.1676955155033168,-0.1782563325190917,-0.1887275336141053,-0.1992154307048619,-0.20970536789372,-0.2203702393680513,-0.2311101963167091,-0.2418746142916148,-0.252781758296521,-0.2634310846002999,-0.2741212999373925,-0.2848262195693143,-0.2958580306126214,-0.3068027563483871,-0.3178067407256784,-0.328611851345845,-0.339724975382579,-0.3507865365982652,-0.3618264847885207,-0.3729350550837857,-0.3839675084029741,-0.3950753011138997,-0.406354025455132,-0.4178620574384437,-0.4292264131942189,-0.4406339775992554,-0.4520702139053369,-0.4637773673025172,-0.4752932849135441,-0.4869489736012622,-0.4986337141950077,-0.510523726318639,-0.5224445046814826,-0.534426661666804,-0.546280453839077,-0.5581002249166682,-0.5702802583715647,-0.5824816871620984,-0.5947997934391961,-0.607291977499549,-0.6199444746402895,-0.63243329802199,-0.6450718019599431,-0.65794131436142,-0.6708634738767247,-0.6840775739491938,-0.6974680487291178,-0.7106915472122584,-0.7241712723608705,-0.7379553978642135,-0.7517220158034764,-0.7654672277905186,-0.7795264279460756,-0.7932327387163135,-0.8075764995228761,-0.8221162060310053,-0.8369594408990595,-0.8518928614080478,-0.8667584415118803,-0.8821872923867174,-0.8973863402824868,-0.9129779803932692,-0.928407073984129,-0.9443175222641412,-0.9606682146576528,-0.9770283513207616,-0.9938085272702264,-1.01050345476541,-1.0277098819323092,-1.0457117520813903,-1.0640786223567842,-1.0830539925284564,-1.1019767972472003,-1.1212471498514314,-1.1409902710723312,-1.1611364472133463,-1.1818652291552283,-1.202927015495022,-1.2246868052749176,-1.247064545285181,-1.2697347341928362,-1.2933979977320704,-1.3180375556500326,-1.343236231967698,-1.3694850678967043,-1.3968174604408234,-1.4252514966728096,-1.454092345365372,-1.4849788828033936,-1.517309018873605,-1.550431251237833,-1.5859730333879904,-1.6229526469363271,-1.663074884544964,-1.706164803499488,-1.75271159177005,-1.803333007624376,-1.8591605391873511,-1.9218647538269165,-1.9934047620025388,-2.0751851608542595,-2.175980430746725,-2.302409069736364,-2.485439060572638,-2.8100557433022586,,,,,,,,,
242,2.815162764048176,2.4873677524268745,2.305926015310493,2.17922794334527,2.079125482272828,1.997116116942883,1.927782413694181,1.8654378169690904,1.8110946249340203,1.759671050110674,1.713215427311454,1.6706155013115065,1.6305803024448025,1.5926135912156985,1.5569305481360534,1.523027270107186,1.4910379374907572,1.4595349401891209,1.430199534530712,1.4023438707870624,1.3754471384660325,1.3492241400524447,1.3239363692061663,1.2994692070678562,1.275542914950237,1.252591287879118,1.2304164136040876,1.2087678116450242,1.1873253378056832,1.166699578403856,1.1462864082016764,1.126739620416325,1.107216121314904,1.08848251322078,1.0700117641881124,1.051703932423642,1.0337220837858945,1.016286230590563,0.9990794720518004,0.9818363572746608,0.9653692433602528,0.9488258024323346,0.9326255458021008,0.9166049783501176,0.9010884690953586,0.8853463470140764,0.8700139840656519,0.8550057252074897,0.8402839310792973,0.8259075399603085,0.8113631383379291,0.7970777791372505,0.7828331289751297,0.7687989157178419,0.7549123249588597,0.7412223116611883,0.7277688615795167,0.7142568864597378,0.7011314834174931,0.6877084410944381,0.6745415291985102,0.6615973508211431,0.6488087364056735,0.6360443509029946,0.623368821035103,0.610819664468697,0.5983794621434798,0.5860290664440545,0.5739396033096044,0.5617864024432,0.5496045192988347,0.5373712078045751,0.5253576119372009,0.5135702180329421,0.5017710404870211,0.4901269873957311,0.4783706395235526,0.4668617540953758,0.4554364854643798,0.4440342387770715,0.4325547993671073,0.421102266724939,0.4098805776423623,0.3983931031411394,0.3870972036910951,0.3760070052735201,0.3646699260120533,0.3536766773859436,0.3426328061352642,0.3317210767859129,0.3208238146838754,0.3097689974593742,0.29885530040204,0.288111387491594,0.2773413575372181,0.2665119224706489,0.255861842218724,0.2451864494935898,0.2345359951236185,0.2238246357117473,0.2131596000073318,0.2026103094572873,0.1920922923120339,0.1813981028453562,0.1707496817058613,0.1602919765115603,0.1498611760827408,0.1394092195571162,0.1289672235789445,0.1186035691087488,0.1083343213400125,0.0980780309857229,0.0876868385830238,0.0772936714086225,0.067056269579508,0.0567852770124065,0.0463997422921064,0.0358407479167588,0.0255625926735152,0.0151776597683828,0.0047233468430765,-0.0056464287879038,-0.0159943941516886,-0.0265188667757297,-0.0369373935469221,-0.0474654639195506,-0.0576966903612346,-0.0681906108471446,-0.0784929440411068,-0.0888972435625862,-0.0992953977952233,-0.1096541086677062,-0.1200907750507829,-0.1304468220348889,-0.1408743204583243,-0.1512948228423285,-0.161797266005533,-0.1723352561052605,-0.1827873022676028,-0.19314729193784,-0.2036411499525639,-0.2140792445151286,-0.2247996279932742,-0.2354897460299976,-0.2463746380884057,-0.2570141277327283,-0.2676749108391134,-0.2783038502124528,-0.2890796013392218,-0.3000777419729041,-0.3109815858918764,-0.3218801432973588,-0.3326984657661722,-0.3437728730257872,-0.35487883924607,-0.3657396139124977,-0.3768530905791426,-0.3878738515443234,-0.398954705127816,-0.4103237991663577,-0.4217113464736395,-0.4331793621911095,-0.4444507823546678,-0.4559778269721808,-0.4675052103452123,-0.478991716152574,-0.4905875015875207,-0.5022808937044806,-0.5142733725146474,-0.5260546756425468,-0.5379694635350941,-0.5497654556828319,-0.5616418610232083,-0.573781814108509,-0.5860474196384287,-0.5983285326808527,-0.6106145783281888,-0.6231690389140097,-0.6356827157646546,-0.6483733091388818,-0.6612260763392324,-0.6740838117531197,-0.6873443314425767,-0.7007146976013547,-0.7139982538324297,-0.7274105306095644,-0.741138868034432,-0.7548418615093458,-0.7685310189167636,-0.7825168503914249,-0.7963267415340967,-0.8106170611735867,-0.8251173924607665,-0.840098382374563,-0.8548730991166663,-0.8696682413945835,-0.8849783600522233,-0.9002841254909961,-0.9158426333161118,-0.9312534222732192,-0.9471315167546754,-0.9632881540701602,-0.979738167312002,-0.9964873462062722,-1.0131868247085831,-1.0304420904311031,-1.0483749207660111,-1.0667770945521018,-1.0855486651785504,-1.1045831730511235,-1.1238505634009743,-1.143484598973311,-1.1636713017749776,-1.184393915975945,-1.2054489356775218,-1.227048132659913,-1.2494662714345877,-1.271987457755012,-1.2958135557413837,-1.3202605377320793,-1.3455815934613995,-1.3717763874471869,-1.3991646119528414,-1.4275045219358249,-1.4563589109642798,-1.4871687950291588,-1.5193862298307388,-1.5525869038169426,-1.587991029330318,-1.6249758855202392,-1.6650836571337475,-1.7081057104624575,-1.7546510492560097,-1.805412127537488,-1.8612177889557415,-1.9237840325548363,-1.9952865347506463,-2.0767651351107683,-2.1777206130700244,-2.3041116705781506,-2.4870895470337566,-2.8116451330389363,,,,,,,,
243,2.8160107148168505,2.488408222814936,2.3070361403651,2.180681175089946,2.080858539869223,1.998800881330958,1.9293405034447628,1.867226256990208,1.8130676121824685,1.76149333605828,1.7152162298092353,1.6725801861343408,1.632550648783881,1.594622920902106,1.5587971552397106,1.5251963377491435,1.4931713088811982,1.4617450880404557,1.4324580035226149,1.4045258773737606,1.3776424762349369,1.3514778032828054,1.3263423731527308,1.3019484365537923,1.2779824270630291,1.254966421098322,1.2328949561143174,1.2112815601917557,1.1898277588830333,1.1691914437708106,1.1488196815441176,1.129267106711226,1.1098874870417332,1.091032258273832,1.0726165109511203,1.0543444314591417,1.0366352612657537,1.0190468779220363,1.0017641773081234,0.9846015819274926,0.9682518039828872,0.9516090614580462,0.9355155869857308,0.9193859336263794,0.903944197767822,0.8883772236914278,0.8730781547109131,0.8580734571651055,0.8432894018238077,0.8288728740578397,0.8144747812275673,0.8001557197869235,0.7860244178484651,0.7719436764742744,0.7580366992134404,0.7444294397933614,0.7309913757093205,0.7174182092467299,0.7043392494761316,0.6909352661350023,0.6777639477855133,0.6648409483741695,0.6520902782688772,0.6394112006840651,0.6266954230797768,0.6141894523561805,0.6016900389716056,0.5894360339274385,0.5773788545545258,0.5651768557845895,0.5530539039449621,0.5408630183759776,0.528890671346213,0.5172310873995418,0.5054509012806152,0.4936509657149789,0.4821014318719808,0.470499641875771,0.4590657265827959,0.4477012251586525,0.4363737694548111,0.4249337056645633,0.4137055957381781,0.4023496651674073,0.3909745358859091,0.3798316413771673,0.3686804946607376,0.357581669615292,0.3465934313493498,0.3356657412981007,0.32482844458681,0.3138010868530906,0.3029341378869665,0.292234515426004,0.2814771602998888,0.270731436318,0.2601504724274074,0.2494923316942355,0.2388741956116004,0.2283046750556911,0.2175600733118468,0.2070138618282554,0.196669431809143,0.1859704325921446,0.1754085014772427,0.1648375970636505,0.1543328551364428,0.144002126969399,0.1336681523986814,0.1232594823587144,0.1129750047093186,0.1027419177398489,0.0925210031915393,0.0821375211010103,0.0720771843117789,0.0617511708871284,0.0514056810660096,0.0409979507801105,0.0306586161972196,0.0203652033581012,0.01005159902195,0.0,-0.0106563106452462,-0.02110841066001,-0.0315827143599042,-0.0419319522042898,-0.0522776520715998,-0.0627470427711148,-0.0730081996182795,-0.0833729972822027,-0.0936764038632091,-0.1040201450723937,-0.1144120255851735,-0.1247538397981772,-0.1350988333318612,-0.1454265777036253,-0.1558440107554237,-0.1663279879780592,-0.1769352392050311,-0.187173028869026,-0.1975795687963243,-0.2080210836575197,-0.2185796937614868,-0.2291869320407275,-0.2398787062279772,-0.2506707115455545,-0.2614003191843252,-0.2719069194782027,-0.2825641465550224,-0.2933578490556953,-0.3042306755989972,-0.3150691442978809,-0.325997755832096,-0.3367557085878086,-0.3478480086583036,-0.3588679826554055,-0.3697233106357497,-0.3807615627169936,-0.39170493469452,-0.4028829384475898,-0.4141634106611652,-0.4256076121582274,-0.4368840029232753,-0.4482518305802838,-0.4596777307367529,-0.4711368771545383,-0.4827000449828476,-0.4941516180919032,-0.5059676187824008,-0.5178224119268643,-0.5296413495324371,-0.5414045675206749,-0.5531785461704206,-0.5651295494655063,-0.5772323771656426,-0.589564293608907,-0.6017398928831974,-0.6139913760242011,-0.6264905782643183,-0.6390727785636893,-0.6517724681544383,-0.6646121406964643,-0.6774292498163322,-0.690633469716519,-0.7038656750100607,-0.7172251247727514,-0.7306164418574376,-0.7443107123779953,-0.7580160274427757,-0.7716600550950614,-0.7855041082358526,-0.7994589970584037,-0.813748764264186,-0.8283350565448913,-0.8431182428311614,-0.8579266200395619,-0.8727393546707173,-0.8878389097914035,-0.9031426887927532,-0.918594119088384,-0.9341286420149224,-0.9498978358721676,-0.9661853518630332,-0.9825006180679272,-0.999324352825609,-1.015961689219503,-1.0331466886372729,-1.051126607203234,-1.06945830339903,-1.0881884226783167,-1.1073092437107923,-1.126536149278608,-1.1459425907782748,-1.1663807196850997,-1.1869061987377652,-1.2080129008865597,-1.2293650640544562,-1.251843161065506,-1.2743569743778422,-1.2981201552175896,-1.3225429337789223,-1.3479364762966015,-1.3740070035473555,-1.401360408568477,-1.4295678469519697,-1.4584321527974655,-1.489435341792702,-1.5214557017782393,-1.55462489508745,-1.5900275944821896,-1.626855604610108,-1.6669960405812716,-1.709991622463485,-1.756589584801055,-1.8074041500209288,-1.86297837113405,-1.925559747567732,-1.9971750900932617,-2.078343983982578,-2.1789943531007068,-2.305478631631684,-2.488139776835343,-2.8125420688278773,,,,,,,
244,2.8173672438952524,2.489525643813568,2.308604918648967,2.1824941122335058,2.082533350418124,2.000469919382984,1.9313213554603692,1.8693815561304763,1.814910389440024,1.7635601665299738,1.7174223043836212,1.674582509590988,1.6346400583854066,1.5967264001453736,1.5609263222119594,1.527615274239695,1.4955419523294062,1.4640509967630762,1.4348098061450925,1.4068739896017135,1.3799483644781096,1.3538976656733916,1.3288233562330538,1.3043200236107062,1.2806350858833726,1.2574313312745904,1.2353263298741808,1.2137678002576966,1.1924674564143465,1.1718132170873758,1.1514504572584603,1.1318456049579773,1.112555144685955,1.093832259071494,1.0752803346912154,1.0571107294542372,1.03924993628689,1.0217527339586387,1.0046119782374914,0.9874257238413836,0.971102463397034,0.9544285237321032,0.9384719279143304,0.9223944548013058,0.9067614954243394,0.8913384577493254,0.8760867885555342,0.8611292746233519,0.846280334572059,0.8319932747705315,0.8174917750680998,0.8031791018752122,0.7890949643022798,0.775112681386945,0.7611520160175663,0.7475706421342316,0.7341576364228397,0.7205678060026174,0.7075194224613528,0.6941172494661265,0.6810174369618691,0.6681320081590704,0.6553324730242235,0.6427127068995818,0.6300904149045362,0.6175762908692606,0.6050330741715109,0.5929598144903852,0.5807748951546622,0.5686483289076477,0.5564506321367069,0.5443921382722883,0.5324862547249796,0.520744716693167,0.5090468770083332,0.49730319280407,0.4857101876285235,0.4742462791378744,0.4626948494506404,0.451376529344297,0.4400787005603884,0.428750206994081,0.417478054076705,0.4061104609541499,0.3949044857265978,0.3837415667224428,0.3725651062795489,0.3615098714776526,0.3505950583631499,0.3396585331825699,0.3287402255161979,0.3179159669238043,0.3069559890332339,0.2964426514086297,0.2856659561675681,0.2748737269725951,0.2642432930087925,0.2537445556319022,0.2431297479333083,0.2326714363340352,0.2220490993773093,0.2113452381999077,0.201056029243207,0.1905846676800164,0.1799702332020104,0.1693704572012966,0.1590020329041818,0.1485791123805792,0.1382024835263234,0.1279458068616677,0.1176210559764769,0.1073878312024076,0.0973135013353479,0.0870049204864212,0.0768085928143283,0.0665873795601379,0.0563670634190965,0.0461299350072687,0.0357605301003311,0.0254969497991838,0.0151930115044607,0.0048551625214087,-0.0054322683567686,-0.0157496361275606,-0.0261664029243107,-0.0365995268235706,-0.0468304663212548,-0.0572239136364646,-0.0674876403356143,-0.0778025186168462,-0.0880900964332286,-0.098338616168003,-0.1086872976928187,-0.1190054147066199,-0.1293580247056882,-0.1396490451415229,-0.1499399221396233,-0.1603593096611683,-0.1708730839402406,-0.1812975153117356,-0.1915448933387946,-0.2019737153551928,-0.2123602059549649,-0.2229728755445225,-0.2335708199568614,-0.2442194367455286,-0.254965372436906,-0.2654851674539098,-0.2760054325210235,-0.2868189821591363,-0.2974721385137725,-0.3083620791201549,-0.3192009672623297,-0.3299317204958751,-0.3407950082818121,-0.3518521581172,-0.3626819910342503,-0.3735562967264263,-0.3845796221883445,-0.3954908477630289,-0.4067214614391242,-0.4179637148381592,-0.4294202811320918,-0.4406456419873348,-0.4520002796470003,-0.4633903878964607,-0.4748073414873157,-0.4862887196609649,-0.4977824866111021,-0.5095427982960082,-0.5214438513322612,-0.5331419995698593,-0.5448751309339137,-0.5566612278985694,-0.5686013901658661,-0.5806341687800249,-0.5929135668053247,-0.6050258438069482,-0.6174088125271906,-0.629836911595399,-0.642466623349327,-0.655096504639245,-0.6678445839950402,-0.6806791334501713,-0.6938928632490905,-0.7071620982089883,-0.7204096057411459,-0.7337607023038171,-0.74739472409106,-0.7610642938153881,-0.7745990799614104,-0.7884004397691546,-0.8024042687169762,-0.8167847616256122,-0.8312684514695833,-0.8459401122819141,-0.8607978470069729,-0.8755973615752324,-0.8907121084578355,-0.9058873541231874,-0.921320140877614,-0.9368230883530032,-0.9526814479738804,-0.9688697690631514,-0.9852696650592,-1.00184965644541,-1.0185453012734176,-1.035687140307645,-1.0537181395062278,-1.0721414598932986,-1.0907358884388203,-1.1097528032859707,-1.1289528209767046,-1.14840264832883,-1.1687484811910716,-1.1892400470136713,-1.2103741869898712,-1.2316279030027433,-1.2540671818360618,-1.276624534638508,-1.300315236767521,-1.3247325619835435,-1.3500518833182729,-1.3762010079467062,-1.4034549648439851,-1.4316526078786274,-1.4605802882502288,-1.4914169530578625,-1.5233474230119166,-1.5565604211424071,-1.592056546845885,-1.6288031775352358,-1.668904551509097,-1.7118045981090473,-1.7584275399264742,-1.809007424331404,-1.8646699141630168,-1.9271671849179624,-1.9987805531788807,-2.0801272236090607,-2.180655567272733,-2.3068747931156515,-2.489669044657634,-2.813424417519077,,,,,,
245,2.818942352974482,2.4912616402645678,2.3102911669576534,2.184586591982945,2.084335658374469,2.0022164962385443,1.933102804474544,1.871233984512096,1.816900871549192,1.7654550988641702,1.7192555333117536,1.6764337966300522,1.636483035378022,1.5986759148315006,1.562964192996049,1.5295296985945823,1.497638406628759,1.466232601255547,1.436889324618403,1.4089696013317088,1.3820732337883022,1.3561021694823416,1.3309744471632283,1.3065832227536922,1.2829809028976715,1.259890697700363,1.2376572259095286,1.2162240577233847,1.194943386666904,1.174177642548765,1.1539326400692584,1.1343105723820737,1.1151302401176022,1.0963248980197042,1.0778595558947113,1.0597674579108018,1.041832222016504,1.024438996662265,1.007309360335198,0.9901177955784716,0.9737996994400692,0.9572110103012416,0.9411585751884556,0.9252549565127588,0.909633582979364,0.894225917315424,0.8789251789278767,0.8638907067332114,0.8492019890960888,0.8347818801861479,0.8203446859739716,0.8060977305841353,0.7919341822789762,0.778042341790548,0.764200173396168,0.7505115745601625,0.7371969545121022,0.7236314498130159,0.7105172807272493,0.6973600188291581,0.6841829041870132,0.6713074175617565,0.6584432906298606,0.6459366638687688,0.6334090122212677,0.6209830471437321,0.6082824012319208,0.5961704865817506,0.5840854009067541,0.5719972837438343,0.5598489797516101,0.5478332817615459,0.5360939797760041,0.524275876774353,0.5126423506910198,0.5009218247055622,0.4892950890718102,0.4779066784739023,0.4663246250119414,0.4549149217289915,0.4437867162898775,0.4324697319466093,0.4212586241300142,0.4099913247168029,0.3987742236842785,0.3876233611660755,0.3766383018365081,0.3653825798692402,0.3546069104635806,0.3436333050463132,0.3327467488653894,0.3218304390110121,0.3110029519712518,0.3004488801284844,0.2898119408599893,0.279072853718683,0.2684257782123572,0.2579428667233518,0.2474082541607871,0.2369225607526079,0.2263777541265492,0.215782284232318,0.2054292331612805,0.1950338970172121,0.1844411079768647,0.1739576468219476,0.1635386752364969,0.1532622298919177,0.142789594912076,0.1324573030765788,0.1222173648677749,0.1121177555391077,0.1019822469378729,0.0917536133707483,0.0816320613329863,0.0714858235097436,0.0611735219241475,0.0510091306970325,0.0407840773339234,0.0305563988065098,0.0202744969117077,0.0100540370606453,0.0,-0.0105583153128491,-0.020727260871003,-0.0312403643446564,-0.0415116504928736,-0.0517696268383801,-0.0620878271077952,-0.0723463298272998,-0.0826255548030337,-0.092780581853378,-0.1029935133714668,-0.1133498327707081,-0.1236311131105198,-0.1340111604500053,-0.144175517580103,-0.1545033487830391,-0.1648410909967017,-0.1753304932759106,-0.1855974942465843,-0.1959392424283306,-0.2062750230887697,-0.2166868083109267,-0.2272246486811201,-0.2378684567609437,-0.2485544279419917,-0.2591004813370168,-0.269611020333373,-0.280146560062234,-0.290841456088911,-0.3015365060115983,-0.3123348704128214,-0.3231123438648895,-0.3338725416516034,-0.3447282126639064,-0.3557445114700219,-0.3664925282215814,-0.3773805446733186,-0.3883834098315594,-0.3993125318462353,-0.4104072915514245,-0.4217827376012181,-0.4330198251370402,-0.4442724798312736,-0.4556626484112135,-0.4670670069074589,-0.4783672800371364,-0.4896787225389091,-0.5012933015920557,-0.5130587469538851,-0.5249558313392761,-0.5365973395126041,-0.5483068723089943,-0.5600874907433958,-0.571974158834948,-0.5839634284178034,-0.5961805899656388,-0.6083621770621214,-0.6207422223574358,-0.6331293060927539,-0.6456868720106052,-0.6582616607355538,-0.6710780821681738,-0.6838715589842638,-0.6970834102998691,-0.7104359813036845,-0.7234529096989433,-0.7369398954978323,-0.7504486968852772,-0.76403433284978,-0.7775727706937898,-0.7913894171713995,-0.8053786575236965,-0.8197971081866313,-0.8342263617871652,-0.8489905816137904,-0.8636785526769476,-0.8783990333618918,-0.8935949771103162,-0.908655191534565,-0.9241916197246026,-0.9395730936233582,-0.9555156021772204,-0.9715728359833528,-0.987987630949176,-1.0045948816113524,-1.0213384563288896,-1.0383966910873113,-1.0564083280564576,-1.0747526307890432,-1.093364872279623,-1.1123508561763351,-1.131513826234331,-1.1509588120005012,-1.171270345548736,-1.1918798714082928,-1.2127697988180164,-1.234117335845082,-1.2564564725403184,-1.2790298978461814,-1.3027769647587273,-1.3271847616903674,-1.3523339239668488,-1.378604619404292,-1.4057300266247716,-1.4338599307947515,-1.4626935014310456,-1.4935912046178264,-1.5252162490417558,-1.5586171010979095,-1.593867009997091,-1.6306979655870713,-1.6709625750564632,-1.713914086289261,-1.760258513409681,-1.8108456970248488,-1.866387346625065,-1.9288986130953136,-2.00045818091979,-2.081925113784161,-2.182263357150101,-2.308317473532716,-2.490823755182433,-2.814743895170825,,,,,
246,2.820301230549112,2.4926178128061527,2.3118192365102948,2.185983208197536,2.086012985717019,2.003878736519431,1.9348455022914333,1.8730241576917028,1.8186187889435104,1.7673299292377715,1.7211610614287347,1.6782241596630405,1.6384170510247782,1.6006924122503896,1.564911740410197,1.531594141203092,1.4998098705378948,1.4685119397744946,1.4390066027688997,1.4111295336669838,1.3842388933602483,1.358334490364468,1.3332765853278652,1.308956210748662,1.2854631016098184,1.2623489159773906,1.2401569747274246,1.218639652006052,1.197470493423727,1.1766670436868851,1.156504345800372,1.1367751916603108,1.1176627720013574,1.098888307055529,1.0804438899020574,1.0623285949970376,1.0444471725768203,1.0270129680539652,1.0099541033142485,0.9928595251944544,0.9763800350242025,0.960061548071424,0.9438730985520248,0.9278970653849096,0.9124944659799964,0.8970738787783011,0.8817046066666974,0.8666605363348817,0.8519693482476963,0.8377013337334469,0.8232431912416253,0.8091211950996844,0.7949811546141667,0.7810475510855622,0.7672870442821772,0.7535663365691662,0.7402850826456481,0.7267281674269025,0.7135845006440259,0.7004985744995679,0.6874307518797986,0.6744483089108757,0.6616681963266049,0.6491304677554279,0.6366831449383453,0.6243471360030765,0.6117316459312009,0.5994387044741377,0.5874512582296346,0.5754430726248839,0.5633023255852301,0.551425130731473,0.5395471024249219,0.5278270760255989,0.5162893012481613,0.5045222938264835,0.4929861925697372,0.481638441075863,0.4700998557378408,0.4585438144897483,0.4474504487827377,0.4361915056096491,0.4251621117382799,0.413880070333943,0.4026011198061176,0.3914988559716638,0.3805439764594097,0.3693953010359653,0.3585717376467413,0.3476741860131657,0.3367175923777025,0.3260254440248262,0.315091109382254,0.3044836501026821,0.2939631906033529,0.2832844365997514,0.272692057954744,0.2620806795569838,0.2516462278487538,0.2411774502805266,0.2307891114210989,0.2202677514328011,0.2097384518869816,0.1994597864365501,0.1890291469442279,0.1784787035233498,0.1680721925739389,0.1577426586663413,0.1474797496175581,0.1370048936788826,0.12680687893376,0.1167061606448791,0.1066500641266004,0.096516342499211,0.0863461942449018,0.0763276304806745,0.0660168255182027,0.0558894032109392,0.0457612621067064,0.0355976553327996,0.0253153395454406,0.0150967384854365,0.0049445019625669,-0.0053576889316796,-0.0155998498300655,-0.0258144778911239,-0.0362337854547614,-0.0464386776184859,-0.0566270508440683,-0.0668674585001476,-0.0771134866762355,-0.0872106391612519,-0.0973983049768789,-0.1076462836587079,-0.1179255727394544,-0.1282741258855541,-0.1384993348326676,-0.1486125836441471,-0.1589022670877434,-0.1693268905011993,-0.179735704480981,-0.1899756598721539,-0.2002178544977933,-0.2107271636142617,-0.2210364071568532,-0.2314951224704546,-0.2421096022737652,-0.252661259132349,-0.2631623567995272,-0.2736892242698356,-0.2842219996761539,-0.2949372132639196,-0.3055503867169129,-0.3164021547804695,-0.3270821200431174,-0.337836916409288,-0.3488190602559745,-0.3595605142842062,-0.3703298721344606,-0.3812616879087162,-0.3921442947596462,-0.4030624110554635,-0.4142556658167245,-0.425497603397359,-0.4367795179742447,-0.4479938010188315,-0.4592756365527181,-0.4706195494600145,-0.4818633659476954,-0.4932622632943618,-0.504841343348311,-0.5166386139033351,-0.5284497282020583,-0.5399946490515608,-0.5516887496208129,-0.5634540255590192,-0.5752964496188748,-0.5873200656258339,-0.5994845739994195,-0.6116910733671739,-0.6240187920054245,-0.6363839994322079,-0.6489367413409636,-0.6615435968760487,-0.6742785792770218,-0.6870962954820161,-0.7002949030903534,-0.7135153772863604,-0.7266109016741227,-0.7400940918414982,-0.7535369997462736,-0.7669810628641699,-0.7805733106395742,-0.7944350802211906,-0.8083670972523196,-0.8226530898569318,-0.8371403641542633,-0.8518051818709508,-0.8664729488878277,-0.8811492692410391,-0.8963215731836744,-0.9114669308024992,-0.9269642998152752,-0.9423319543812854,-0.9582559815876308,-0.9742304542603344,-0.9906786159981044,-1.007306318599809,-1.0240734015014314,-1.0411195934854536,-1.0591309460139853,-1.0773670038562349,-1.0958705520537635,-1.1148428006412665,-1.1339955224989036,-1.1536355568387116,-1.1737336437013663,-1.1944547919268724,-1.2151851186805027,-1.2364884748299092,-1.2588631696954595,-1.281499097604743,-1.3051732438495902,-1.3295239802583858,-1.354661865396981,-1.3808907616453427,-1.4078552686530938,-1.4360284654136637,-1.4649167932195108,-1.495560617007018,-1.5271490286064615,-1.5606820813994264,-1.5960156606562967,-1.632655079774273,-1.6731460567212173,-1.7158631244302425,-1.762019979729542,-1.812482489158443,-1.8682636106369583,-1.9307111423984749,-2.002320238559817,-2.0836573172954704,-2.183716329693382,-2.3098377622824686,-2.492118554547104,-2.816037538126659,,,,
247,2.8215156393915484,2.493927384422257,2.313236826683147,2.1872898466821677,2.087794299975009,2.0056669975565184,1.9366629302508984,1.8747986487513264,1.8204331981188844,1.7691929305912777,1.7231256493541274,1.680099352837658,1.6403393836017837,1.6026104959917091,1.5667048100207843,1.5335604664183335,1.501714444300598,1.4706735413748768,1.4410628343522225,1.413230694450882,1.3864205531862293,1.360389006421707,1.335502049683196,1.3112228501409415,1.2877797596977143,1.264684761660324,1.242359502046494,1.2209866645336818,1.1998212542609283,1.1790972792878371,1.158796892482468,1.1392608776812678,1.120059870766421,1.1014738159275508,1.0828878146885057,1.06488499053868,1.0471148070050649,1.0298103824534224,1.0127313214678262,0.995592196499172,0.9790387833035012,0.962746845768788,0.9466508776369584,0.9306253865711496,0.9153093836272056,0.8999523482145613,0.8845336864853216,0.8695156856890252,0.8549551043730764,0.8405678346384778,0.8261336543799289,0.8120261564666948,0.7979698477538617,0.7840645711916319,0.770352704079909,0.756667438014013,0.7434128065202922,0.7299087593010547,0.7167465326820994,0.7037455239623996,0.6906953253921927,0.677704310158546,0.6649633630660057,0.6524264446652518,0.6399039321283819,0.6276666809361088,0.6152102048649225,0.6028677975220749,0.5908578539285497,0.5789391590515353,0.5668671545018671,0.5549165509622469,0.543069530501393,0.5313085668321219,0.5198246807246767,0.5080629662042752,0.496593967697589,0.485216256242747,0.4738061693336478,0.4623704782022396,0.4511352918119408,0.4399397312269297,0.4288008101779386,0.4176523659231138,0.4064397993986116,0.3953400728978375,0.3843991071402927,0.3733939235704028,0.3624470814552245,0.351693122375952,0.3406278729191844,0.3300194955942718,0.3192220677165661,0.3085371160370523,0.2979910023151252,0.2872960748915589,0.2768815569950306,0.2663344781074664,0.2558292761227101,0.2454922472898778,0.2350866636826165,0.2246737797064737,0.2142364936086764,0.2038220142248445,0.1935514822483514,0.1831113470172315,0.1726766170951713,0.1624021080253363,0.1519836369442828,0.14170277214503,0.1315065577528995,0.1212941533655688,0.1112398802154144,0.1011605612482211,0.0911297052335591,0.0809663590385935,0.0709037745164818,0.060749298773018,0.0506471665775286,0.0404616586563327,0.0302396845410799,0.0200931911973806,0.009836437474585,0.0,-0.0104419213778891,-0.0206774172933579,-0.0308402953568409,-0.0412166682826031,-0.0512907734868916,-0.0614111574354366,-0.0718143904681314,-0.081891410029692,-0.0918126809266837,-0.1021981254988308,-0.1122731614811042,-0.1225095067151048,-0.1328048704382515,-0.1429958431749072,-0.1531470378770513,-0.1633974865126435,-0.1738463370401376,-0.1840809595114063,-0.1943191912006062,-0.2046157086210536,-0.2150146214640508,-0.2253267179408869,-0.2357205921143048,-0.2462842564522031,-0.2568286296601288,-0.2672024717940474,-0.2777248803373291,-0.2883427270630754,-0.2989346293062415,-0.3096265331658487,-0.3202498840144343,-0.331044624024418,-0.3417580282905154,-0.3526314305194427,-0.3634461640723831,-0.3741131864756488,-0.3850633724683541,-0.3959365405997176,-0.4068217682632388,-0.4180908359718321,-0.4291741407876814,-0.4405548948187068,-0.4516293281091819,-0.4629226846789686,-0.4741739191529505,-0.4854097929696487,-0.4967988014807745,-0.5083778785559313,-0.5201381269172235,-0.5318906560858663,-0.5434228176572966,-0.555058488344365,-0.5668073151614144,-0.5786845241677114,-0.5906782398152243,-0.6027253354521724,-0.6149908083469282,-0.6272712496674623,-0.6396803810614309,-0.6521674232821626,-0.6647021072822019,-0.6773790055558971,-0.6903038195006865,-0.7033469715421136,-0.7165598932416871,-0.7297538643221091,-0.7431490431664691,-0.7564564251371214,-0.7699687686332781,-0.7835389242006948,-0.7974255578362841,-0.811338877039112,-0.8255197102270151,-0.8399850821406655,-0.8546117109545647,-0.8693262740857456,-0.8840421194326009,-0.8990790645296022,-0.9142866566639404,-0.9295347744729976,-0.945020679758784,-0.960882810948113,-0.9768886994763266,-0.9933078331840964,-1.0099775516666865,-1.0266284439753923,-1.04378938703156,-1.061715361016316,-1.0799873902045114,-1.098396686181498,-1.1174308463353504,-1.136534575228339,-1.1560818328808216,-1.1761534516101124,-1.1967330020818403,-1.217347047815091,-1.2388237027836582,-1.261044343468895,-1.2837371849812778,-1.307232602640954,-1.3316395108555863,-1.3567755203503846,-1.3830823365628042,-1.4101279469364334,-1.4380688015788967,-1.467067305879344,-1.4975877960615336,-1.5291442881904664,-1.5625253771906014,-1.5979462128955535,-1.6345991259145414,-1.6749536501641202,-1.7176732411149802,-1.7638011714400983,-1.8142489317325323,-1.8700500025977984,-1.9324815714828136,-2.0038537371875798,-2.0848957922898035,-2.1853024693915506,-2.3111900185444405,-2.493334508793493,-2.817251517090829,,,
248,2.822768779415029,2.4954929384410827,2.314638251999809,2.1889635565858545,2.089434587184697,2.007450208648339,1.938263461804498,1.876533660680268,1.8220378966643709,1.771122021807191,1.7249155037806307,1.6819426741003145,1.6422254651773331,1.6047816225567302,1.568729440413343,1.5355713907667297,1.5037135944119262,1.4727081281894072,1.4431634277198513,1.415368329863283,1.3885854639628743,1.362582663292191,1.337604909007284,1.313230787593069,1.2901256426871248,1.2670815062543566,1.2447494122870333,1.2231867797782727,1.202156030585587,1.1813728189008237,1.1612292779190008,1.141695469705854,1.1226472114993782,1.103995214003607,1.085513843092188,1.0674425875091784,1.0497154864993692,1.032324706650566,1.0153618566900384,0.9982800332906602,0.9816647627956938,0.9654336168205264,0.9494995374541576,0.9333984090000093,0.9179609215758384,0.9026475240323676,0.887386955157658,0.872396296814086,0.8577347739153812,0.8434040535911885,0.8290336692156516,0.814929503844552,0.80084865554387,0.7870977322453504,0.7732675324992717,0.7596574003291775,0.7463355047143492,0.73296716511003,0.7198679339854351,0.7067220280931251,0.6937590551471406,0.680825992718811,0.668189164141534,0.6556374309498669,0.6430890970003397,0.6309394983269103,0.618497223669746,0.6062597785950942,0.5941599224857282,0.5822030567893964,0.5702848492205281,0.5582344090431959,0.5464765108885096,0.5347942085843228,0.5232214805944638,0.5116446442218496,0.500061487420737,0.4887626111718524,0.4772736531744365,0.4658964294592677,0.4546820570895528,0.4435309321868559,0.4324624612920172,0.4213084650308441,0.4102704182368714,0.3991932326340094,0.3882123505317216,0.3773298421620271,0.366436404403805,0.3556266377804666,0.3446320807061269,0.3339250374024183,0.3231991389451227,0.3125489472103626,0.3020815400330429,0.2915791092466708,0.2810356903037825,0.2705188913649341,0.2600086111017021,0.2496284084286879,0.2393814197074372,0.2289775497381952,0.2185866262267667,0.208254461673999,0.1979048324464734,0.1876005721777126,0.1771861227850484,0.1668981203230383,0.1565176221608571,0.1462162857880588,0.1360900767733224,0.1259138015249748,0.1157563553403361,0.1057922206679036,0.0958168590791073,0.0858387959343731,0.0757081028016873,0.0655693450200802,0.0555453310265947,0.045394998616202,0.0352156355945316,0.0251154746137546,0.0149463290558633,0.0049585153108082,-0.0052248995261661,-0.0154675607884418,-0.0255517283339698,-0.0357975536455975,-0.046024069247516,-0.0560237583767789,-0.0662939590844953,-0.0764260594072396,-0.0863808790260774,-0.0965301849944255,-0.106669326882201,-0.1169226350066809,-0.1271518489840958,-0.137313931473468,-0.1474361890825172,-0.1575517135972468,-0.1678168164293496,-0.178239900067028,-0.1883709063612798,-0.1986369896975094,-0.2089567659871186,-0.2193096414118463,-0.2296937727850475,-0.2399611055663434,-0.2505927165151356,-0.2609949266016822,-0.2713254846638041,-0.2817947832024854,-0.2924467850536807,-0.3029916115623206,-0.3136176192161624,-0.324249442464643,-0.3349997159157369,-0.3457299845708108,-0.3565095945669877,-0.3672485979548285,-0.3780461941725532,-0.3888906506158319,-0.399687376375893,-0.4106106568286735,-0.4218500168922288,-0.4330685986966144,-0.4442614295072771,-0.4553512716664926,-0.4664421496790836,-0.4778010270822936,-0.4889889905395904,-0.5004470139892689,-0.5120272987477451,-0.5237507626521869,-0.5352104253170572,-0.5467171661731408,-0.5584723807782217,-0.5701854395187665,-0.5819663847592845,-0.5939143078209054,-0.6060334035761311,-0.6182746594606913,-0.6305104110403655,-0.642876809676184,-0.6553218131963039,-0.6679561731247653,-0.680585896603157,-0.6934448018024112,-0.7064973894015619,-0.7197288766176229,-0.7329201241324725,-0.7461310463787079,-0.7593848512802565,-0.7729135379986773,-0.7865503996987802,-0.800355864308409,-0.8141353265413706,-0.8284527504767022,-0.8428568587264684,-0.8574764373277729,-0.8721317541844276,-0.8869521982299903,-0.9017962192848868,-0.9169772986432604,-0.9321268495320534,-0.947685658761138,-0.963498407735804,-0.97950828049643,-0.9959666033748412,-1.0125297028427989,-1.0290982850759511,-1.0463470383258906,-1.0642825604266777,-1.082481584099077,-1.1009047119278017,-1.1198522174709298,-1.138885364253342,-1.1584994724021749,-1.1786754833496151,-1.19905780534429,-1.2196880708869042,-1.2412548260721543,-1.263319339362432,-1.2860850525021308,-1.3095259502880867,-1.3339202740580398,-1.35899020507353,-1.3852697991985592,-1.412257964234736,-1.440093290781121,-1.4692425243998928,-1.499583795041879,-1.531197568720621,-1.5643832517193823,-1.5999624248175732,-1.6365204232084167,-1.6767893816268655,-1.7193524025781537,-1.7657472594431198,-1.815994286983119,-1.8718073978594731,-1.934346126861718,-2.0053485122513988,-2.0867034523064247,-2.186499462510267,-2.312538584126485,-2.494663071602921,-2.818753277649336,,
249,2.8242126150068727,2.4971554805619607,2.3164501882737887,2.1905927510001137,2.0912597651302187,2.0091717932713458,1.9397829409599736,1.878433441926876,1.8238104726098727,1.772940655216534,1.7267857337647228,1.6838451985789649,1.6439731035620535,1.6067934491402829,1.5706302651061903,1.537388574696697,1.5057688128176705,1.474778818941875,1.4452939841799308,1.4174728057989108,1.3906503531399674,1.364630887846241,1.339798409478261,1.3155740066719002,1.2924134405597183,1.2693474735277537,1.246978746002216,1.2254269238027602,1.2045046160396915,1.1836861489441486,1.163673015287562,1.144045422014779,1.1250918541853978,1.1064449121494693,1.0879658806864767,1.0698933805956263,1.0524408211998868,1.0349352918626242,1.0179361463241825,1.0009684984045917,0.984329408656949,0.9681195521883011,0.952230695584601,0.9361820618128622,0.9206415591298762,0.9053935894081822,0.8901710700441113,0.8752212227324809,0.8606548712627198,0.8461934677470752,0.8318350206482606,0.8178836063291354,0.803885025815112,0.7900502822895965,0.7762557507849996,0.7628624036244153,0.749400477660677,0.7361337052485349,0.7229526627538978,0.7098145352234513,0.6968749673139141,0.6839987689424928,0.6713217942016304,0.6588340708891425,0.6463823680990198,0.6340949965186466,0.6217911104446775,0.6095855979248137,0.5974512152531692,0.5855110667598051,0.5736686951415724,0.5616180367424864,0.5498116591277674,0.5382622962444571,0.5266509587859266,0.5151835029310865,0.5036270342397473,0.4922294747511629,0.480953248484645,0.4695418749110122,0.4583443107074136,0.447152121837934,0.4361139670452938,0.425040111337748,0.4139323398659508,0.4029635704165275,0.3920429574054602,0.3811335586004968,0.3703183284525916,0.3594767449718842,0.348572888465784,0.3379238373276611,0.3271971607405005,0.3165281596964606,0.3060147886166994,0.2956196479029266,0.2850451761380797,0.274663931930119,0.2642344202783615,0.2537417929444989,0.2435308766632565,0.2331940846177848,0.2229144725108455,0.2126060622453253,0.2022918150851108,0.1918840655611226,0.1815949530403188,0.1712592261724611,0.1610406289526503,0.1507122871910191,0.1405302508951262,0.1305151919929331,0.1204096763063967,0.1103647309253241,0.1004067416171515,0.0904284297065113,0.0803938143195274,0.0704130883486005,0.0603623578116653,0.0502430616230783,0.0401401558179294,0.0300806408290324,0.0199429649652255,0.0099451655394255,0.0,-0.0102386079772778,-0.020439018389041,-0.0305621429421769,-0.0406976599380183,-0.0507177064131728,-0.0608598157844248,-0.070993288073892,-0.0810479056370534,-0.0910726436347882,-0.1012119533239275,-0.1113497160907315,-0.1215010521407819,-0.1316668952980943,-0.1418087833148678,-0.1518749485369654,-0.1619895004154284,-0.1722704453486522,-0.1825096991820213,-0.1927153506946197,-0.2029621433134136,-0.2132545034582514,-0.2235702754424451,-0.2338604218833064,-0.2442290247898114,-0.2546931038699229,-0.2650303293451299,-0.2753386370566497,-0.2858994961271843,-0.2964738515060447,-0.3069453031699956,-0.3175376787942022,-0.3281937657206894,-0.3388910615591558,-0.3496270107909018,-0.3603367996240308,-0.370985006596815,-0.3817935350439547,-0.3925604875692084,-0.4033263460773659,-0.4143128297255143,-0.4255644106233947,-0.4367159185399384,-0.447819134233971,-0.4587978865210425,-0.4698922765800225,-0.4812334346346595,-0.4924543997954496,-0.503981396263918,-0.5155166587003654,-0.5270833952200312,-0.5385341671820114,-0.5500899019290991,-0.561745682751335,-0.5734912918996724,-0.5852020472895432,-0.597258769053869,-0.6092392467109261,-0.6214967486824112,-0.6336939032586766,-0.6460637419325929,-0.6585140694168722,-0.6709374028335876,-0.6836389403133142,-0.6965485875970623,-0.7096332592211063,-0.7227301286307162,-0.7358996584453699,-0.7490393529470025,-0.7623962876172357,-0.7758724329170178,-0.7893775640422968,-0.8032028487315415,-0.817040082096382,-0.8311761649916142,-0.8457260060234845,-0.8602960739298018,-0.8748870670571308,-0.8896554903611559,-0.9045470657164464,-0.9196205806868772,-0.934756947901832,-0.9503400014107974,-0.9660474040705808,-0.9821391795978754,-0.998584133964168,-1.014987333287019,-1.031561198780444,-1.049053282969253,-1.066858630358124,-1.0849182972349236,-1.103311841968411,-1.1222473448751245,-1.1412670973216672,-1.160943335800638,-1.180984124230819,-1.201406433642353,-1.2219186689981474,-1.2434983033829916,-1.2657048888955895,-1.288334157749093,-1.311956369422941,-1.3361697333388918,-1.3613760861129696,-1.3874665880891854,-1.4143251944430095,-1.442144577348755,-1.4712521098032083,-1.5016249932534795,-1.5331593449813858,-1.5663066799988157,-1.601896172577194,-1.6384019891597563,-1.6786171194900714,-1.7213791121672872,-1.7676368401313247,-1.817882598784129,-1.87355825524663,-1.9361788513039144,-2.006942770364558,-2.088154779528566,-2.18786256808158,-2.313971800835282,-2.4965011629815805,-2.819863431546118,
